date,rainfall_mm,TMax,TMin,Evap,VP,Rad
1889-01-01,73.8,27.11935483870968,11.674193548387096,201.8,13.541935483870969,23.822580645161292
1889-02-01,36.3,26.364285714285717,11.467857142857143,167.9,13.742857142857144,21.52857142857143
1889-03-01,10.700000000000001,24.63225806451613,9.86774193548387,126.6,12.54516129032258,17.067741935483873
1889-04-01,100.0,18.79,8.21,75.2,12.003333333333334,11.786666666666667
1889-05-01,81.3,14.390322580645162,6.303225806451613,45.6,10.458064516129031,7.941935483870967
1889-06-01,155.9,11.136666666666667,4.406666666666666,30.0,9.1,6.3933333333333335
1889-07-01,33.800000000000004,10.541935483870969,2.0935483870967744,34.1,8.306451612903226,7.064516129032258
1889-08-01,83.8,11.780645161290321,3.545161290322581,49.6,8.716129032258063,10.151612903225805
1889-09-01,51.1,13.876666666666667,4.01,71.7,9.483333333333333,14.116666666666667
1889-10-01,70.3,18.519354838709678,6.864516129032259,107.5,11.351612903225806,18.02258064516129
1889-11-01,58.5,21.126666666666665,8.31,136.0,12.31,21.28666666666667
1889-12-01,20.5,24.948387096774194,9.816129032258065,171.7,12.94516129032258,23.53548387096774
1890-01-01,40.6,28.83225806451613,12.912903225806453,201.8,14.51290322580645,24.15806451612903
1890-02-01,1.9000000000000001,27.47142857142857,12.678571428571429,167.9,15.096428571428572,21.660714285714285
1890-03-01,51.5,23.970967741935485,10.48709677419355,126.6,14.16451612903226,17.02258064516129
1890-04-01,40.300000000000004,19.63,7.006666666666666,75.2,11.47,12.15
1890-05-01,35.8,14.935483870967742,5.606451612903226,45.6,10.235483870967743,7.983870967741935
1890-06-01,63.800000000000004,11.836666666666668,5.013333333333334,30.0,9.76,6.426666666666667
1890-07-01,63.5,9.961290322580645,2.225806451612903,34.1,8.251612903225807,7.145161290322581
1890-08-01,77.9,11.403225806451612,3.07741935483871,49.6,8.63225806451613,9.993548387096775
1890-09-01,67.7,14.706666666666667,4.663333333333333,71.7,9.816666666666666,13.843333333333334
1890-10-01,64.2,17.570967741935487,5.593548387096774,107.5,10.26774193548387,18.203225806451613
1890-11-01,93.1,19.94,6.963333333333334,136.0,11.213333333333333,21.59
1890-12-01,48.9,23.448387096774194,8.55483870967742,171.7,12.270967741935483,23.62258064516129
1891-01-01,14.5,25.893548387096775,9.993548387096775,201.8,13.66451612903226,24.451612903225808
1891-02-01,3.5000000000000004,26.082142857142856,9.832142857142857,167.9,13.15,22.217857142857145
1891-03-01,72.3,24.32903225806452,9.83548387096774,126.6,13.33548387096774,17.306451612903224
1891-04-01,29.2,18.283333333333335,6.926666666666667,75.2,11.596666666666666,11.993333333333334
1891-05-01,63.2,15.009677419354839,4.735483870967743,45.6,9.890322580645162,8.293548387096775
1891-06-01,67.0,11.443333333333333,4.233333333333333,30.0,9.56,6.53
1891-07-01,82.3,10.37741935483871,2.832258064516129,34.1,8.441935483870967,7.238709677419355
1891-08-01,53.2,12.203225806451613,3.2161290322580647,49.6,8.86774193548387,10.290322580645162
1891-09-01,48.1,14.956666666666667,4.33,71.7,9.626666666666667,14.416666666666666
1891-10-01,111.5,17.67096774193548,5.970967741935484,107.5,10.66451612903226,18.22258064516129
1891-11-01,52.0,20.69,7.433333333333334,136.0,11.823333333333332,21.703333333333333
1891-12-01,48.8,23.996774193548386,8.948387096774193,171.7,12.029032258064515,23.780645161290323
1892-01-01,8.2,26.29032258064516,9.903225806451612,201.8,13.070967741935483,23.993548387096773
1892-02-01,15.6,27.520689655172415,11.279310344827588,172.7,14.26551724137931,22.020689655172415
1892-03-01,44.3,25.070967741935487,10.441935483870967,126.6,13.703225806451613,16.62258064516129
1892-04-01,149.2,18.323333333333334,5.933333333333334,75.2,10.453333333333335,11.803333333333335
1892-05-01,93.2,13.958064516129031,4.812903225806451,45.6,9.974193548387097,8.02258064516129
1892-06-01,87.6,11.236666666666668,3.3466666666666667,30.0,8.746666666666666,6.503333333333333
1892-07-01,56.8,10.509677419354839,1.9838709677419355,34.1,8.064516129032258,7.209677419354839
1892-08-01,83.8,11.861290322580645,3.2451612903225806,49.6,8.751612903225807,10.219354838709679
1892-09-01,71.3,13.816666666666666,4.243333333333334,71.7,9.770000000000001,14.333333333333334
1892-10-01,55.5,17.103225806451615,5.964516129032258,107.5,11.074193548387097,18.283870967741933
1892-11-01,93.10000000000001,21.06,7.86,136.0,12.56,22.063333333333333
1892-12-01,57.2,22.9,8.235483870967743,171.7,11.98709677419355,23.80322580645161
1893-01-01,20.7,26.048387096774192,10.203225806451613,201.8,12.748387096774193,24.06451612903226
1893-02-01,8.2,27.782142857142855,10.757142857142856,167.9,13.410714285714286,21.853571428571428
1893-03-01,47.8,24.56451612903226,9.693548387096774,126.6,12.938709677419356,17.07741935483871
1893-04-01,104.5,17.90666666666667,6.966666666666667,75.2,11.236666666666668,12.096666666666666
1893-05-01,162.4,14.33548387096774,5.983870967741935,45.6,10.203225806451613,8.003225806451614
1893-06-01,84.0,10.69,3.6933333333333334,30.0,8.923333333333334,6.513333333333334
1893-07-01,60.2,10.151612903225805,2.5580645161290323,34.1,8.306451612903226,7.238709677419355
1893-08-01,77.8,12.087096774193547,3.0806451612903225,49.6,8.629032258064516,10.293548387096775
1893-09-01,86.9,14.06,4.526666666666667,71.7,9.373333333333333,14.326666666666666
1893-10-01,115.3,18.38064516129032,6.458064516129032,107.5,10.770967741935483,18.9741935483871
1893-11-01,102.1,19.833333333333332,7.55,136.0,11.8,21.756666666666668
1893-12-01,22.900000000000002,24.36774193548387,9.396774193548387,171.7,12.270967741935483,24.009677419354837
1894-01-01,9.7,26.81935483870968,11.606451612903227,201.8,13.848387096774195,24.370967741935484
1894-02-01,9.8,25.928571428571427,10.810714285714285,167.9,13.285714285714286,22.075
1894-03-01,67.7,22.93548387096774,10.383870967741935,126.6,13.8,17.074193548387097
1894-04-01,59.9,18.646666666666665,7.706666666666666,75.2,11.823333333333332,12.043333333333333
1894-05-01,85.3,13.629032258064516,4.699999999999999,45.6,9.55483870967742,8.3
1894-06-01,70.2,11.770000000000001,4.236666666666666,30.0,9.146666666666667,6.876666666666667
1894-07-01,103.7,9.670967741935485,2.5,34.1,7.838709677419355,7.04516129032258
1894-08-01,66.3,11.432258064516128,3.703225806451613,49.6,8.503225806451614,10.40967741935484
1894-09-01,109.2,13.610000000000001,3.783333333333333,71.7,9.233333333333333,14.370000000000001
1894-10-01,159.9,18.361290322580647,6.916129032258064,107.5,11.47741935483871,18.206451612903226
1894-11-01,18.5,22.383333333333333,7.909999999999999,136.0,11.566666666666666,21.803333333333335
1894-12-01,61.7,23.55806451612903,10.600000000000001,171.7,13.661290322580646,23.625806451612902
1895-01-01,60.0,25.612903225806452,11.27741935483871,201.8,13.73225806451613,24.490322580645163
1895-02-01,9.8,27.474999999999998,11.978571428571428,167.9,13.87142857142857,22.50714285714286
1895-03-01,37.8,23.216129032258067,9.62258064516129,126.6,12.72258064516129,17.135483870967743
1895-04-01,91.3,19.326666666666664,7.4766666666666675,75.2,10.816666666666666,12.256666666666666
1895-05-01,38.5,13.67741935483871,4.883870967741935,45.6,9.40967741935484,8.1
1895-06-01,54.8,11.573333333333332,3.2766666666666664,30.0,8.5,6.586666666666667
1895-07-01,56.8,9.764516129032257,1.6741935483870967,34.1,7.4,7.274193548387097
1895-08-01,77.8,12.525806451612903,3.97741935483871,49.6,8.55483870967742,10.135483870967741
1895-09-01,91.1,14.520000000000001,4.0633333333333335,71.7,8.93,14.47
1895-10-01,32.5,19.593548387096774,6.619354838709677,107.5,11.051612903225807,19.27741935483871
1895-11-01,5.0,21.206666666666667,7.319999999999999,136.0,11.270000000000001,23.05
1895-12-01,53.0,24.393548387096775,9.851612903225806,171.7,13.225806451612904,24.596774193548388
1896-01-01,40.6,27.36774193548387,11.848387096774195,201.8,14.151612903225805,23.4741935483871
1896-02-01,62.7,25.73448275862069,12.210344827586209,172.7,14.672413793103448,20.73448275862069
1896-03-01,41.0,22.845161290322583,9.441935483870967,126.6,12.37741935483871,16.938709677419357
1896-04-01,95.6,18.09333333333333,6.5633333333333335,75.2,10.846666666666666,12.479999999999999
1896-05-01,77.60000000000001,13.458064516129031,5.119354838709677,45.6,9.603225806451613,8.26774193548387
1896-06-01,36.2,10.71,2.82,30.0,8.353333333333333,6.92
1896-07-01,67.1,9.503225806451614,1.8548387096774193,34.1,7.512903225806451,7.532258064516129
1896-08-01,55.6,11.270967741935483,2.7516129032258063,49.6,8.158064516129032,10.390322580645162
1896-09-01,54.300000000000004,14.076666666666666,3.566666666666667,71.7,8.979999999999999,15.066666666666666
1896-10-01,11.6,19.75483870967742,6.212903225806452,107.5,10.567741935483872,19.309677419354838
1896-11-01,28.200000000000003,22.703333333333333,7.9766666666666675,136.0,11.966666666666667,23.290000000000003
1896-12-01,25.6,25.438709677419357,10.319354838709677,171.7,12.887096774193548,24.570967741935487
1897-01-01,126.0,25.296774193548387,10.40967741935484,201.8,13.364516129032259,23.799999999999997
1897-02-01,67.9,25.88214285714286,11.760714285714286,167.9,13.460714285714287,21.0
1897-03-01,26.6,21.26774193548387,8.187096774193549,126.6,11.51290322580645,17.029032258064515
1897-04-01,34.6,19.43,6.98,75.2,10.756666666666666,11.74
1897-05-01,35.8,13.783870967741937,4.02258064516129,45.6,8.429032258064517,8.129032258064516
1897-06-01,51.8,12.116666666666667,3.93,30.0,8.81,6.1899999999999995
1897-07-01,53.6,10.725806451612904,3.851612903225807,34.1,8.651612903225805,7.270967741935484
1897-08-01,90.0,11.17741935483871,2.593548387096774,49.6,8.390322580645162,10.458064516129031
1897-09-01,60.7,15.08,4.266666666666667,71.7,9.51,14.603333333333333
1897-10-01,64.2,17.19677419354839,5.551612903225807,107.5,9.82258064516129,19.10967741935484
1897-11-01,43.1,22.69333333333333,8.57,136.0,11.543333333333333,22.246666666666666
1897-12-01,20.5,26.903225806451612,11.687096774193549,171.7,12.66451612903226,24.187096774193545
1898-01-01,3.9,28.27741935483871,12.161290322580646,201.8,13.167741935483871,25.703225806451613
1898-02-01,26.2,29.353571428571428,14.067857142857141,167.9,14.096428571428572,23.00714285714286
1898-03-01,7.9,24.067741935483873,9.983870967741936,126.6,11.841935483870968,17.958064516129035
1898-04-01,53.0,18.11,6.993333333333334,75.2,10.253333333333334,12.286666666666667
1898-05-01,41.3,12.880645161290323,4.203225806451614,45.6,8.319354838709677,8.319354838709677
1898-06-01,91.3,11.110000000000001,4.21,30.0,8.723333333333333,6.71
1898-07-01,67.2,10.306451612903226,3.1516129032258067,34.1,7.793548387096774,7.283870967741936
1898-08-01,38.9,12.483870967741936,4.293548387096774,49.6,8.596774193548388,10.338709677419354
1898-09-01,78.8,14.566666666666666,5.216666666666667,71.7,9.473333333333333,14.453333333333335
1898-10-01,64.2,19.138709677419353,6.774193548387097,107.5,10.193548387096774,18.951612903225808
1898-11-01,55.2,20.183333333333334,7.793333333333334,136.0,10.676666666666668,21.766666666666666
1898-12-01,31.400000000000002,25.383870967741935,10.158064516129032,171.7,11.932258064516128,24.89032258064516
1899-01-01,55.800000000000004,22.870967741935484,9.83548387096774,201.8,11.551612903225807,24.229032258064517
1899-02-01,52.9,27.86785714285714,12.75,167.9,13.62142857142857,22.425
1899-03-01,72.2,23.87741935483871,10.567741935483872,126.6,12.55483870967742,17.06451612903226
1899-04-01,52.9,19.10666666666667,8.026666666666667,75.2,11.33,12.196666666666665
1899-05-01,56.6,13.593548387096773,4.83225806451613,45.6,9.212903225806452,8.303225806451612
1899-06-01,115.1,10.8,3.5900000000000003,30.0,8.75,6.61
1899-07-01,11.0,10.206451612903225,1.3838709677419354,34.1,7.480645161290322,7.577419354838709
1899-08-01,63.6,11.941935483870967,3.2774193548387096,49.6,8.325806451612904,10.51290322580645
1899-09-01,39.9,15.85,5.283333333333333,71.7,9.736666666666668,14.276666666666667
1899-10-01,52.7,17.083870967741937,5.145161290322581,107.5,9.396774193548387,18.93548387096774
1899-11-01,88.8,20.206666666666667,7.863333333333333,136.0,11.5,21.886666666666667
1899-12-01,18.2,25.838709677419356,10.161290322580646,171.7,11.758064516129032,24.190322580645162
1900-01-01,37.300000000000004,27.925806451612903,12.661290322580646,201.8,12.774193548387096,24.483870967741936
1900-02-01,11.6,27.592857142857145,11.532142857142857,167.9,13.200000000000001,22.542857142857144
1900-03-01,91.89999999999999,22.200000000000003,9.612903225806452,126.6,12.812903225806451,17.141935483870967
1900-04-01,70.9,15.96,7.016666666666667,75.2,11.063333333333333,11.956666666666667
1900-05-01,85.2,13.083870967741936,5.480645161290322,45.6,9.667741935483871,8.03225806451613
1900-06-01,106.9,11.276666666666667,3.8400000000000003,30.0,8.966666666666667,6.75
1900-07-01,22.6,9.680645161290323,2.6774193548387095,34.1,7.83225806451613,7.303225806451613
1900-08-01,103.0,10.83548387096774,2.806451612903226,49.6,8.074193548387097,10.167741935483871
1900-09-01,64.2,13.18,4.153333333333333,71.7,9.360000000000001,14.139999999999999
1900-10-01,32.5,18.032258064516128,5.396774193548388,107.5,10.3,18.693548387096776
1900-11-01,35.2,21.65,7.266666666666667,136.0,11.746666666666666,22.34
1900-12-01,28.3,24.44516129032258,9.538709677419355,171.7,13.029032258064515,23.958064516129035
1901-01-01,60.0,24.73548387096774,9.974193548387097,201.8,12.264516129032257,24.906451612903226
1901-02-01,9.8,27.5,12.339285714285714,167.9,13.364285714285714,22.349999999999998
1901-03-01,51.5,23.219354838709677,9.358064516129033,126.6,12.016129032258064,17.641935483870967
1901-04-01,104.5,17.486666666666668,6.61,75.2,10.163333333333332,12.463333333333333
1901-05-01,44.2,15.077419354838709,5.122580645161291,45.6,9.170967741935485,8.451612903225806
1901-06-01,102.9,10.043333333333333,1.95,30.0,7.136666666666667,6.7733333333333325
1901-07-01,39.0,9.280645161290321,1.7741935483870968,34.1,7.267741935483872,7.409677419354838
1901-08-01,43.4,11.196774193548388,2.9838709677419355,49.6,8.035483870967742,10.358064516129033
1901-09-01,91.1,15.146666666666667,5.34,71.7,9.603333333333333,14.623333333333333
1901-10-01,67.3,17.338709677419356,5.912903225806452,107.5,10.14516129032258,19.4
1901-11-01,35.3,23.32,9.016666666666667,136.0,11.803333333333335,22.57
1901-12-01,25.5,25.338709677419356,9.774193548387096,171.7,11.993548387096775,25.14516129032258
1902-01-01,40.6,25.66774193548387,10.341935483870968,201.8,12.829032258064515,25.070967741935487
1902-02-01,36.3,24.825,9.792857142857143,167.9,12.060714285714285,22.62857142857143
1902-03-01,67.8,22.116129032258065,8.661290322580646,126.6,11.09032258064516,18.09032258064516
1902-04-01,4.9,19.476666666666667,6.626666666666667,75.2,10.213333333333333,12.913333333333332
1902-05-01,28.2,15.438709677419356,4.916129032258064,45.6,9.151612903225805,8.838709677419354
1902-06-01,73.5,11.283333333333333,2.8,30.0,8.23,7.043333333333334
1902-07-01,26.8,11.261290322580646,2.174193548387097,34.1,7.525806451612903,7.706451612903226
1902-08-01,26.7,11.64516129032258,1.974193548387097,49.6,7.65483870967742,10.796774193548387
1902-09-01,51.1,14.676666666666668,4.45,71.7,9.020000000000001,14.966666666666667
1902-10-01,37.199999999999996,18.9,6.964516129032258,107.5,10.26774193548387,19.45483870967742
1902-11-01,16.8,23.970000000000002,9.476666666666667,136.0,11.646666666666667,23.09333333333333
1902-12-01,92.8,23.26774193548387,9.638709677419355,171.7,12.654838709677419,24.345161290322583
1903-01-01,34.1,25.419354838709676,10.348387096774195,201.8,12.435483870967742,24.53548387096774
1903-02-01,44.1,25.217857142857145,10.557142857142859,167.9,12.457142857142857,21.95357142857143
1903-03-01,55.3,23.561290322580643,9.899999999999999,126.6,13.419354838709678,18.016129032258064
1903-04-01,100.0,18.19,7.196666666666667,75.2,10.99,12.133333333333333
1903-05-01,50.199999999999996,13.406451612903227,4.451612903225806,45.6,9.316129032258065,8.04516129032258
1903-06-01,66.9,10.610000000000001,2.79,30.0,8.246666666666666,6.54
1903-07-01,103.7,10.05483870967742,2.1129032258064515,34.1,7.941935483870967,7.445161290322581
1903-08-01,36.7,11.719354838709679,2.303225806451613,49.6,7.896774193548387,10.216129032258063
1903-09-01,87.0,14.173333333333334,4.503333333333333,71.7,9.263333333333332,14.433333333333334
1903-10-01,70.4,18.84193548387097,6.706451612903226,107.5,10.948387096774193,18.825806451612905
1903-11-01,121.5,21.436666666666667,8.18,136.0,11.893333333333334,22.14
1903-12-01,52.9,23.03548387096774,9.47741935483871,171.7,12.470967741935485,24.387096774193548
1904-01-01,100.7,25.664516129032258,11.235483870967743,201.8,12.883870967741935,24.480645161290322
1904-02-01,79.2,24.803448275862067,10.724137931034482,172.7,12.424137931034483,21.879310344827587
1904-03-01,15.6,21.729032258064517,8.319354838709677,126.6,11.661290322580646,17.0258064516129
1904-04-01,19.7,20.709999999999997,7.6066666666666665,75.2,11.563333333333333,12.583333333333334
1904-05-01,89.1,15.435483870967742,5.116129032258065,45.6,10.070967741935483,8.258064516129032
1904-06-01,98.9,11.379999999999999,2.6966666666666663,30.0,8.203333333333333,6.666666666666667
1904-07-01,60.1,10.40967741935484,2.2580645161290325,34.1,8.12258064516129,7.251612903225807
1904-08-01,74.8,12.016129032258064,2.532258064516129,49.6,8.248387096774193,10.387096774193548
1904-09-01,40.0,13.5,2.453333333333333,71.7,8.706666666666667,14.956666666666667
1904-10-01,76.7,18.183870967741935,5.603225806451612,107.5,10.948387096774193,19.183870967741935
1904-11-01,37.8,20.936666666666667,6.943333333333333,136.0,11.386666666666667,22.91
1904-12-01,3.5,24.980645161290322,9.30967741935484,171.7,12.54516129032258,24.929032258064513
1905-01-01,28.400000000000002,27.84193548387097,12.170967741935485,201.8,13.638709677419355,24.151612903225807
1905-02-01,32.7,25.375,10.153571428571428,167.9,12.775,21.79642857142857
1905-03-01,9.2,23.335483870967742,8.629032258064516,126.6,11.738709677419354,16.94516129032258
1905-04-01,52.9,18.82,7.4766666666666675,75.2,12.183333333333334,12.136666666666667
1905-05-01,85.2,14.680645161290323,5.241935483870968,45.6,9.887096774193548,8.016129032258064
1905-06-01,76.9,11.146666666666667,3.73,30.0,8.763333333333332,6.4366666666666665
1905-07-01,94.9,10.083870967741936,2.225806451612903,34.1,7.877419354838709,7.17741935483871
1905-08-01,34.6,11.825806451612904,2.041935483870968,49.6,7.858064516129032,10.235483870967743
1905-09-01,75.0,12.386666666666667,1.8833333333333333,71.7,7.95,14.053333333333335
1905-10-01,86.6,15.44516129032258,3.351612903225807,107.5,9.167741935483871,17.970967741935485
1905-11-01,32.8,20.82,6.069999999999999,136.0,10.736666666666668,21.646666666666665
1905-12-01,57.2,23.761290322580646,8.33548387096774,171.7,12.483870967741936,24.27741935483871
1906-01-01,3.9,28.774193548387096,11.82258064516129,201.8,13.361290322580645,24.48709677419355
1906-02-01,26.2,28.392857142857142,12.564285714285715,167.9,14.12857142857143,21.864285714285717
1906-03-01,114.6,21.97741935483871,9.529032258064515,126.6,12.874193548387098,16.92258064516129
1906-04-01,24.3,18.7,8.043333333333333,75.2,11.526666666666667,12.04
1906-05-01,93.1,14.16451612903226,6.067741935483871,45.6,10.067741935483872,8.048387096774194
1906-06-01,110.89999999999999,11.973333333333333,4.5633333333333335,30.0,9.103333333333333,6.536666666666666
1906-07-01,74.5,10.5,3.045161290322581,34.1,8.070967741935483,7.170967741935484
1906-08-01,77.8,11.338709677419354,3.074193548387097,49.6,8.141935483870968,9.970967741935485
1906-09-01,104.6,13.860000000000001,4.566666666666666,71.7,9.31,13.963333333333333
1906-10-01,107.8,17.203225806451613,6.196774193548387,107.5,10.503225806451614,18.106451612903225
1906-11-01,111.60000000000001,18.5,6.4,136.0,10.723333333333333,20.93
1906-12-01,14.200000000000001,23.806451612903224,9.212903225806452,171.7,12.496774193548386,23.651612903225807
1907-01-01,6.9,25.296774193548387,10.725806451612904,201.8,13.116129032258065,25.080645161290324
1907-02-01,23.3,25.87142857142857,10.028571428571428,167.9,12.200000000000001,22.564285714285713
1907-03-01,15.6,21.438709677419357,8.151612903225805,126.6,11.461290322580645,17.887096774193548
1907-04-01,95.6,17.196666666666665,6.346666666666667,75.2,10.203333333333335,12.483333333333333
1907-05-01,56.6,14.880645161290323,5.04516129032258,45.6,9.46774193548387,8.680645161290323
1907-06-01,31.5,10.933333333333334,2.5300000000000002,30.0,8.26,6.836666666666667
1907-07-01,74.6,10.13225806451613,1.941935483870968,34.1,7.635483870967741,7.490322580645161
1907-08-01,83.8,12.151612903225805,3.6580645161290324,49.6,8.361290322580645,10.616129032258065
1907-09-01,24.0,15.78,4.2,71.7,8.903333333333334,14.903333333333334
1907-10-01,23.9,18.038709677419355,5.251612903225807,107.5,9.245161290322581,19.190322580645162
1907-11-01,58.6,21.90666666666667,8.096666666666668,136.0,11.436666666666667,22.15666666666667
1907-12-01,111.4,23.32903225806452,8.96774193548387,171.7,11.706451612903225,24.848387096774193
1908-01-01,12.7,31.312903225806448,13.95483870967742,201.8,14.019354838709678,25.603225806451615
1908-02-01,8.200000000000001,26.93793103448276,12.182758620689656,172.7,13.644827586206896,21.644827586206898
1908-03-01,46.9,22.029032258064515,9.448387096774193,126.6,12.087096774193547,16.68064516129032
1908-04-01,4.1,18.39,7.25,75.2,10.503333333333334,11.97
1908-05-01,67.7,12.816129032258065,5.290322580645161,45.6,9.306451612903226,8.112903225806452
1908-06-01,81.6,9.183333333333334,2.2333333333333334,30.0,7.79,6.623333333333333
1908-07-01,29.7,9.374193548387098,2.3129032258064517,34.1,7.883870967741935,7.480645161290322
1908-08-01,48.3,10.69032258064516,2.7451612903225806,49.6,8.05483870967742,10.383870967741935
1908-09-01,104.3,12.726666666666667,4.043333333333333,71.7,8.623333333333333,14.25
1908-10-01,78.0,17.61935483870968,5.867741935483871,107.5,10.12258064516129,18.580645161290324
1908-11-01,62.8,21.82,9.03,136.0,11.673333333333334,22.623333333333335
1908-12-01,17.299999999999997,24.6,10.438709677419356,171.7,11.635483870967741,24.15806451612903
1909-01-01,48.9,24.25483870967742,11.093548387096773,201.8,11.761290322580646,23.251612903225805
1909-02-01,29.7,24.27857142857143,10.660714285714286,167.9,12.546428571428573,21.925
1909-03-01,44.1,21.90967741935484,9.870967741935484,126.6,12.54516129032258,16.893548387096775
1909-04-01,75.6,15.84,5.48,75.2,9.57,12.066666666666666
1909-05-01,124.19999999999999,12.59032258064516,5.629032258064516,45.6,9.76774193548387,7.470967741935484
1909-06-01,90.1,10.01,4.06,30.0,9.036666666666667,5.996666666666667
1909-07-01,53.7,9.16451612903226,2.4935483870967743,34.1,7.977419354838709,7.15483870967742
1909-08-01,167.1,10.361290322580645,3.725806451612903,49.6,8.706451612903225,9.319354838709677
1909-09-01,50.4,13.273333333333333,4.203333333333333,71.7,9.373333333333333,15.086666666666668
1909-10-01,37.9,17.216129032258067,6.158064516129032,107.5,10.254838709677419,19.36774193548387
1909-11-01,16.8,20.53666666666667,7.3966666666666665,136.0,10.15,22.14
1909-12-01,51.4,21.48709677419355,8.016129032258064,171.7,10.17741935483871,23.948387096774194
1910-01-01,58.5,25.56451612903226,12.12258064516129,201.8,13.14516129032258,23.10967741935484
1910-02-01,21.4,26.714285714285715,11.660714285714286,167.9,12.771428571428572,22.989285714285717
1910-03-01,97.1,22.4,10.074193548387097,126.6,12.538709677419355,17.509677419354837
1910-04-01,17.0,18.743333333333332,7.1466666666666665,75.2,10.59,13.176666666666668
1910-05-01,89.2,14.083870967741936,6.383870967741935,45.6,10.135483870967741,8.003225806451614
1910-06-01,72.89999999999999,11.263333333333332,4.723333333333333,30.0,9.03,6.493333333333334
1910-07-01,84.2,9.761290322580646,3.4000000000000004,34.1,8.396774193548387,7.248387096774194
1910-08-01,59.4,12.33548387096774,4.551612903225807,49.6,8.793548387096775,10.483870967741936
1910-09-01,119.7,13.72,5.286666666666666,71.7,9.766666666666667,14.386666666666667
1910-10-01,68.5,15.3,5.635483870967741,107.5,9.080645161290322,18.77741935483871
1910-11-01,74.3,20.3,8.35,136.0,10.639999999999999,22.15666666666667
1910-12-01,44.9,21.07741935483871,8.061290322580644,171.7,10.829032258064515,23.948387096774194
1911-01-01,30.7,24.416129032258063,11.435483870967742,201.8,13.106451612903227,23.596774193548388
1911-02-01,152.39999999999998,23.635714285714283,12.317857142857141,167.9,14.607142857142858,19.400000000000002
1911-03-01,162.2,20.703225806451613,10.206451612903225,126.6,12.77741935483871,15.912903225806453
1911-04-01,30.8,16.386666666666667,5.946666666666667,75.2,9.843333333333334,12.4
1911-05-01,79.2,13.64516129032258,6.580645161290323,45.6,10.083870967741936,7.738709677419355
1911-06-01,97.3,9.586666666666668,2.893333333333333,30.0,7.873333333333334,6.1866666666666665
1911-07-01,58.099999999999994,9.825806451612904,2.225806451612903,34.1,7.687096774193549,7.229032258064516
1911-08-01,40.4,12.935483870967742,5.064516129032258,49.6,8.780645161290321,10.01290322580645
1911-09-01,102.3,14.31,5.55,71.7,9.7,13.176666666666668
1911-10-01,60.7,16.719354838709677,5.803225806451613,107.5,9.425806451612903,19.041935483870965
1911-11-01,7.3999999999999995,21.853333333333335,8.6,136.0,11.406666666666666,23.03666666666667
1911-12-01,116.3,21.44193548387097,9.306451612903226,171.7,10.825806451612904,23.335483870967742
1912-01-01,5.2,25.20967741935484,10.793548387096775,201.8,11.5,25.938709677419357
1912-02-01,29.7,27.013793103448275,13.255172413793103,172.7,12.89655172413793,21.54137931034483
1912-03-01,32.3,22.861290322580647,10.66451612903226,126.6,12.541935483870969,17.358064516129033
1912-04-01,53.1,16.596666666666668,6.796666666666667,75.2,9.763333333333332,12.35
1912-05-01,26.099999999999998,14.44516129032258,4.241935483870968,45.6,8.37741935483871,9.119354838709677
1912-06-01,60.4,10.976666666666667,4.383333333333334,30.0,8.796666666666665,6.6033333333333335
1912-07-01,50.0,9.66451612903226,2.8806451612903223,34.1,7.964516129032258,7.303225806451613
1912-08-01,56.8,11.741935483870968,4.316129032258065,49.6,8.529032258064515,10.429032258064517
1912-09-01,132.8,13.536666666666667,4.903333333333333,71.7,8.75,14.483333333333333
1912-10-01,22.2,17.406451612903226,5.925806451612903,107.5,9.761290322580646,19.541935483870965
1912-11-01,72.0,18.386666666666667,7.786666666666666,136.0,10.943333333333333,21.30666666666667
1912-12-01,70.3,22.05483870967742,9.47741935483871,171.7,12.216129032258063,25.048387096774192
1913-01-01,8.1,24.074193548387097,10.438709677419356,201.8,11.874193548387098,24.88064516129032
1913-02-01,58.099999999999994,25.70357142857143,11.860714285714286,167.9,13.310714285714285,22.339285714285715
1913-03-01,157.3,19.874193548387098,9.638709677419355,126.6,12.412903225806453,16.24838709677419
1913-04-01,29.4,18.956666666666667,8.256666666666666,75.2,11.85,12.496666666666666
1913-05-01,51.2,12.432258064516128,5.261290322580645,45.6,9.345161290322581,8.019354838709678
1913-06-01,44.6,10.71,2.92,30.0,8.126666666666667,7.17
1913-07-01,50.1,10.59032258064516,3.4000000000000004,34.1,8.064516129032258,7.62258064516129
1913-08-01,81.8,11.432258064516128,3.670967741935484,49.6,7.87741935483871,10.938709677419356
1913-09-01,65.1,13.293333333333333,4.966666666666667,71.7,9.15,14.18
1913-10-01,33.5,17.64516129032258,6.912903225806452,107.5,10.796774193548387,18.509677419354837
1913-11-01,55.199999999999996,18.333333333333332,6.489999999999999,136.0,10.020000000000001,22.58
1913-12-01,34.3,25.280645161290323,10.503225806451614,171.7,11.858064516129033,25.27741935483871
1914-01-01,32.4,25.006451612903227,10.761290322580646,201.8,11.970967741935485,25.12258064516129
1914-02-01,18.8,27.75,12.728571428571428,167.9,13.325000000000001,22.407142857142855
1914-03-01,23.700000000000003,23.54516129032258,11.48709677419355,126.6,13.438709677419356,16.887096774193548
1914-04-01,68.3,17.796666666666667,7.7266666666666675,75.2,11.110000000000001,11.863333333333333
1914-05-01,44.9,13.961290322580645,5.687096774193549,45.6,9.680645161290323,8.235483870967743
1914-06-01,31.9,12.06,2.993333333333333,30.0,8.176666666666668,7.096666666666667
1914-07-01,77.6,9.974193548387097,1.8096774193548388,34.1,7.519354838709678,7.5
1914-08-01,19.8,13.138709677419355,3.6258064516129034,49.6,8.038709677419355,11.196774193548388
1914-09-01,27.6,14.653333333333334,3.92,71.7,8.533333333333333,15.18
1914-10-01,0.0,21.387096774193548,7.83225806451613,107.5,10.238709677419354,20.24516129032258
1914-11-01,56.2,22.459999999999997,10.33,136.0,12.996666666666666,21.55
1914-12-01,88.5,23.16774193548387,11.770967741935483,171.7,13.883870967741935,22.37741935483871
1915-01-01,40.4,25.080645161290324,11.109677419354838,201.8,11.551612903225807,25.26774193548387
1915-02-01,21.3,25.97142857142857,12.232142857142858,167.9,13.271428571428572,22.035714285714285
1915-03-01,9.4,21.516129032258064,9.16451612903226,126.6,11.203225806451613,17.312903225806455
1915-04-01,58.1,17.353333333333335,7.3566666666666665,75.2,10.706666666666667,12.556666666666667
1915-05-01,83.3,12.516129032258064,5.170967741935484,45.6,9.16451612903226,8.109677419354838
1915-06-01,89.0,10.756666666666666,4.873333333333333,30.0,8.85,6.39
1915-07-01,55.8,10.783870967741937,4.354838709677419,34.1,8.703225806451613,7.225806451612903
1915-08-01,91.0,11.293548387096775,4.435483870967742,49.6,8.67741935483871,10.193548387096774
1915-09-01,110.3,13.983333333333333,5.406666666666666,71.7,9.120000000000001,15.110000000000001
1915-10-01,58.699999999999996,15.625806451612902,5.809677419354839,107.5,9.561290322580644,18.896774193548385
1915-11-01,34.4,18.34,6.38,136.0,9.746666666666666,22.959999999999997
1915-12-01,12.2,23.238709677419354,9.383870967741935,171.7,12.064516129032258,24.738709677419354
1916-01-01,53.4,25.693548387096776,11.712903225806452,201.8,13.254838709677419,23.94193548387097
1916-02-01,21.900000000000002,25.186206896551724,11.865517241379312,172.7,13.148275862068965,22.53103448275862
1916-03-01,3.8,22.56451612903226,9.180645161290323,126.6,11.62258064516129,18.54516129032258
1916-04-01,57.9,16.706666666666667,6.943333333333333,75.2,10.373333333333333,11.433333333333334
1916-05-01,21.4,14.154838709677419,4.816129032258064,45.6,8.796774193548387,8.40967741935484
1916-06-01,88.2,10.113333333333333,4.033333333333333,30.0,8.56,5.943333333333333
1916-07-01,81.3,9.829032258064515,3.1903225806451614,34.1,8.193548387096774,6.761290322580645
1916-08-01,93.6,10.625806451612902,3.393548387096774,49.6,8.390322580645162,9.95483870967742
1916-09-01,162.9,14.1,6.026666666666667,71.7,9.416666666666666,13.223333333333333
1916-10-01,103.0,15.661290322580646,6.351612903225806,107.5,10.422580645161291,17.60967741935484
1916-11-01,108.19999999999999,16.726666666666667,7.1066666666666665,136.0,10.686666666666667,20.303333333333335
1916-12-01,104.5,22.851612903225806,10.05483870967742,171.7,12.729032258064517,23.34193548387097
1917-01-01,21.2,24.65806451612903,11.390322580645162,201.8,12.993548387096775,23.796774193548387
1917-02-01,59.599999999999994,23.082142857142856,11.385714285714286,167.9,13.221428571428572,21.053571428571427
1917-03-01,38.49999999999999,20.903225806451612,9.819354838709677,126.6,12.506451612903225,16.6
1917-04-01,33.7,16.119999999999997,6.0,75.2,9.923333333333334,12.16
1917-05-01,93.8,12.219354838709679,5.332258064516129,45.6,9.2,7.796774193548386
1917-06-01,43.4,10.49,3.996666666666667,30.0,8.676666666666668,6.2
1917-07-01,73.0,10.03225806451613,4.212903225806452,34.1,8.696774193548388,6.748387096774193
1917-08-01,111.7,11.48709677419355,3.97741935483871,49.6,8.538709677419355,10.303225806451612
1917-09-01,86.0,13.783333333333333,5.136666666666667,71.7,9.373333333333333,14.536666666666667
1917-10-01,116.1,15.996774193548386,6.5,107.5,10.67741935483871,17.103225806451615
1917-11-01,68.8,18.283333333333335,7.753333333333333,136.0,11.733333333333333,20.993333333333332
1917-12-01,32.8,24.81935483870968,11.225806451612904,171.7,13.470967741935485,24.293548387096774
1918-01-01,28.2,26.200000000000003,12.583870967741936,201.8,14.906451612903227,24.325806451612905
1918-02-01,12.0,25.035714285714285,11.739285714285714,167.9,13.857142857142858,21.79642857142857
1918-03-01,84.9,21.925806451612903,9.725806451612904,126.6,12.635483870967741,17.151612903225807
1918-04-01,42.3,17.16,7.39,75.2,11.123333333333333,11.806666666666667
1918-05-01,116.1,14.383870967741935,6.864516129032259,45.6,10.254838709677419,7.790322580645161
1918-06-01,91.8,11.583333333333334,4.760000000000001,30.0,9.093333333333334,6.633333333333334
1918-07-01,64.5,9.425806451612903,2.5806451612903225,34.1,7.867741935483871,7.219354838709678
1918-08-01,54.4,11.964516129032257,4.629032258064516,49.6,9.096774193548388,9.535483870967743
1918-09-01,47.0,15.156666666666666,4.833333333333333,71.7,9.076666666666666,16.016666666666666
1918-10-01,52.1,15.825806451612904,5.854838709677419,107.5,9.787096774193548,18.274193548387096
1918-11-01,9.2,19.490000000000002,7.27,136.0,10.443333333333333,22.56
1918-12-01,30.6,23.351612903225806,9.17741935483871,171.7,11.280645161290321,24.85483870967742
1919-01-01,7.3,25.316129032258065,10.390322580645162,201.8,11.725806451612904,25.79032258064516
1919-02-01,76.60000000000001,26.567857142857143,13.335714285714285,167.9,14.835714285714285,20.814285714285717
1919-03-01,61.5,20.009677419354837,9.035483870967743,126.6,11.941935483870967,15.803225806451612
1919-04-01,11.4,20.296666666666667,7.943333333333333,75.2,11.6,12.596666666666666
1919-05-01,71.3,14.187096774193549,6.22258064516129,45.6,10.461290322580645,8.025806451612903
1919-06-01,66.6,11.45,4.286666666666666,30.0,8.533333333333333,7.096666666666667
1919-07-01,52.3,10.048387096774194,2.3870967741935485,34.1,6.996774193548387,8.167741935483871
1919-08-01,49.5,12.296774193548387,3.2548387096774194,49.6,8.009677419354839,10.496774193548386
1919-09-01,78.39999999999999,15.153333333333334,5.253333333333333,71.7,9.216666666666667,14.4
1919-10-01,30.6,18.154838709677417,6.658064516129032,107.5,9.59032258064516,19.20967741935484
1919-11-01,17.599999999999998,21.64,9.286666666666667,136.0,11.126666666666667,22.386666666666667
1919-12-01,58.7,24.529032258064515,11.083870967741936,171.7,12.780645161290321,23.919354838709676
1920-01-01,12.6,23.951612903225808,10.787096774193548,201.8,13.051612903225807,23.62258064516129
1920-02-01,8.1,26.189655172413794,12.051724137931034,172.7,12.475862068965517,22.417241379310347
1920-03-01,36.0,21.948387096774194,8.851612903225806,126.6,11.345161290322581,17.193548387096776
1920-04-01,20.7,17.3,7.253333333333333,75.2,10.416666666666666,11.636666666666667
1920-05-01,74.7,12.383870967741935,4.338709677419355,45.6,8.55483870967742,8.725806451612904
1920-06-01,86.2,10.786666666666667,4.7,30.0,9.196666666666665,6.046666666666667
1920-07-01,74.2,10.151612903225805,2.851612903225807,34.1,8.358064516129033,7.612903225806452
1920-08-01,126.89999999999999,10.59032258064516,3.5387096774193547,49.6,8.996774193548386,9.832258064516129
1920-09-01,88.4,13.113333333333333,5.243333333333334,71.7,10.213333333333333,13.286666666666667
1920-10-01,43.0,17.741935483870968,6.758064516129032,107.5,11.83548387096774,18.76451612903226
1920-11-01,60.900000000000006,19.506666666666668,8.303333333333333,136.0,12.09,20.303333333333335
1920-12-01,26.299999999999997,23.996774193548386,10.406451612903227,171.7,12.296774193548387,24.13225806451613
1921-01-01,81.5,26.870967741935484,12.683870967741935,201.8,13.441935483870967,25.09032258064516
1921-02-01,32.2,26.7,13.639285714285714,167.9,14.903571428571428,21.900000000000002
1921-03-01,29.2,22.835483870967742,9.738709677419354,126.6,12.509677419354839,17.98709677419355
1921-04-01,18.3,18.316666666666666,7.85,75.2,11.479999999999999,12.256666666666666
1921-05-01,70.8,15.100000000000001,7.154838709677419,45.6,11.23225806451613,8.103225806451613
1921-06-01,71.8,11.443333333333333,4.676666666666667,30.0,9.473333333333333,6.5
1921-07-01,89.69999999999999,11.093548387096773,3.6774193548387095,34.1,8.680645161290323,7.319354838709677
1921-08-01,117.3,11.019354838709678,3.3483870967741933,49.6,8.235483870967743,10.44516129032258
1921-09-01,129.5,14.75,5.63,71.7,10.363333333333333,15.020000000000001
1921-10-01,56.3,16.5258064516129,6.048387096774194,107.5,10.27741935483871,19.26451612903226
1921-11-01,56.9,21.016666666666666,9.24,136.0,12.266666666666667,21.886666666666667
1921-12-01,46.699999999999996,21.970967741935485,9.87741935483871,171.7,12.577419354838709,22.570967741935487
1922-01-01,10.9,24.54516129032258,10.63225806451613,201.8,12.009677419354839,23.938709677419357
1922-02-01,31.4,26.50357142857143,12.760714285714286,167.9,13.814285714285715,21.692857142857143
1922-03-01,7.0,21.848387096774196,8.751612903225807,126.6,10.783870967741937,18.216129032258067
1922-04-01,29.099999999999998,18.486666666666668,8.41,75.2,10.966666666666667,11.793333333333333
1922-05-01,83.1,13.961290322580645,6.351612903225806,45.6,10.296774193548387,8.22258064516129
1922-06-01,55.0,10.92,3.4466666666666668,30.0,8.716666666666667,6.45
1922-07-01,54.699999999999996,10.325806451612904,3.1516129032258067,34.1,8.464516129032257,7.212903225806452
1922-08-01,63.9,10.851612903225806,2.8451612903225807,49.6,8.154838709677419,9.964516129032257
1922-09-01,67.7,13.496666666666666,4.319999999999999,71.7,9.336666666666668,15.03
1922-10-01,90.3,17.26451612903226,6.409677419354838,107.5,10.061290322580644,18.338709677419356
1922-11-01,38.5,20.586666666666666,7.026666666666667,136.0,10.04,24.473333333333336
1922-12-01,55.6,22.932258064516127,10.148387096774194,171.7,12.32258064516129,22.75483870967742
1923-01-01,32.2,24.14516129032258,10.312903225806451,201.8,11.85483870967742,23.748387096774195
1923-02-01,9.399999999999999,25.74285714285714,10.825000000000001,167.9,12.664285714285715,23.917857142857144
1923-03-01,2.2,22.47741935483871,9.135483870967741,126.6,11.890322580645162,18.112903225806452
1923-04-01,0.0,20.773333333333333,7.74,75.2,10.84,13.74
1923-05-01,105.89999999999999,14.62258064516129,6.909677419354839,45.6,10.435483870967742,8.041935483870969
1923-06-01,127.2,10.629999999999999,5.28,30.0,9.7,5.819999999999999
1923-07-01,185.4,9.980645161290322,4.138709677419355,34.1,9.083870967741936,7.016129032258065
1923-08-01,58.699999999999996,11.103225806451613,3.5999999999999996,49.6,8.438709677419356,11.074193548387097
1923-09-01,67.7,12.886666666666667,4.59,71.7,9.236666666666668,13.976666666666667
1923-10-01,73.0,16.04193548387097,6.248387096774193,107.5,10.048387096774194,17.73225806451613
1923-11-01,48.9,18.183333333333334,6.17,136.0,9.67,24.0
1923-12-01,83.6,22.938709677419357,10.09032258064516,171.7,12.75483870967742,22.88064516129032
1924-01-01,37.0,22.870967741935484,9.858064516129033,201.8,11.845161290322581,22.787096774193547
1924-02-01,155.0,23.07241379310345,10.613793103448277,172.7,13.137931034482758,20.396551724137932
1924-03-01,139.4,21.096774193548388,9.548387096774194,126.6,12.412903225806453,16.451612903225808
1924-04-01,51.800000000000004,15.443333333333333,6.323333333333333,75.2,10.246666666666666,11.606666666666666
1924-05-01,38.6,13.283870967741937,4.541935483870968,45.6,9.077419354838709,8.783870967741937
1924-06-01,77.3,9.853333333333333,3.15,30.0,8.773333333333333,6.62
1924-07-01,27.6,10.551612903225807,2.583870967741935,34.1,8.22258064516129,8.374193548387098
1924-08-01,103.5,11.916129032258064,3.609677419354839,49.6,9.080645161290322,11.035483870967743
1924-09-01,87.39999999999999,13.22,5.543333333333334,71.7,9.806666666666667,13.346666666666666
1924-10-01,94.3,17.032258064516128,6.300000000000001,107.5,9.996774193548386,18.967741935483872
1924-11-01,123.39999999999999,18.566666666666666,8.376666666666667,136.0,11.823333333333332,21.243333333333332
1924-12-01,36.6,21.83225806451613,8.225806451612904,171.7,11.412903225806453,25.848387096774193
1925-01-01,34.9,24.358064516129033,10.796774193548387,201.8,13.225806451612904,24.161290322580644
1925-02-01,48.7,23.432142857142857,11.1,167.9,13.585714285714285,21.228571428571428
1925-03-01,5.699999999999999,22.26451612903226,9.074193548387097,126.6,11.983870967741936,17.187096774193545
1925-04-01,29.099999999999998,19.220000000000002,7.636666666666667,75.2,10.983333333333333,12.923333333333334
1925-05-01,82.4,13.600000000000001,6.374193548387097,45.6,10.658064516129032,7.574193548387097
1925-06-01,33.7,11.563333333333333,3.9133333333333336,30.0,9.26,7.286666666666666
1925-07-01,64.8,9.529032258064515,2.870967741935484,34.1,7.896774193548387,7.387096774193548
1925-08-01,52.5,10.96774193548387,2.47741935483871,49.6,8.041935483870969,11.254838709677419
1925-09-01,85.2,12.623333333333333,3.506666666666667,71.7,8.49,15.07
1925-10-01,26.2,18.01290322580645,5.719354838709678,107.5,9.687096774193549,20.103225806451615
1925-11-01,49.3,19.85,7.67,136.0,11.69,23.006666666666668
1925-12-01,8.2,23.270967741935483,9.087096774193547,171.7,11.629032258064516,25.751612903225805
1926-01-01,19.8,23.67096774193548,9.541935483870969,201.8,12.103225806451613,25.654838709677417
1926-02-01,3.3,26.47142857142857,11.232142857142858,167.9,12.978571428571428,23.103571428571428
1926-03-01,13.6,23.09032258064516,10.845161290322581,126.6,12.519354838709678,16.77741935483871
1926-04-01,61.99999999999999,17.886666666666667,8.416666666666666,75.2,11.836666666666668,12.533333333333333
1926-05-01,86.8,11.935483870967742,5.396774193548388,45.6,9.438709677419356,8.33548387096774
1926-06-01,55.5,11.146666666666667,4.596666666666667,30.0,9.35,6.863333333333333
1926-07-01,73.9,11.119354838709677,3.851612903225806,34.1,8.709677419354838,8.061290322580644
1926-08-01,62.8,11.290322580645162,3.8096774193548386,49.6,8.55483870967742,10.993548387096775
1926-09-01,52.1,15.323333333333332,5.72,71.7,10.129999999999999,15.34
1926-10-01,85.1,17.274193548387096,6.867741935483871,107.5,10.580645161290322,20.08709677419355
1926-11-01,34.9,20.083333333333332,7.1433333333333335,136.0,10.273333333333333,24.533333333333335
1926-12-01,53.699999999999996,22.92258064516129,9.648387096774194,171.7,11.680645161290323,24.654838709677417
1927-01-01,5.3999999999999995,25.72258064516129,11.225806451612904,201.8,12.748387096774193,24.958064516129035
1927-02-01,20.4,24.63214285714286,10.310714285714285,167.9,12.053571428571429,23.175
1927-03-01,28.7,21.26774193548387,8.90967741935484,126.6,11.135483870967741,17.370967741935484
1927-04-01,15.2,16.773333333333333,6.66,75.2,10.06,12.593333333333334
1927-05-01,55.5,13.151612903225805,5.148387096774194,45.6,8.95483870967742,8.841935483870968
1927-06-01,29.700000000000003,10.513333333333332,2.0566666666666666,30.0,7.65,7.89
1927-07-01,82.1,9.725806451612904,3.2096774193548385,34.1,8.148387096774194,7.738709677419355
1927-08-01,78.5,10.983870967741936,3.370967741935484,49.6,8.006451612903225,11.083870967741936
1927-09-01,34.9,14.026666666666667,3.8266666666666667,71.7,8.93,15.946666666666665
1927-10-01,38.4,18.596774193548388,6.980645161290322,107.5,10.674193548387096,19.62258064516129
1927-11-01,17.0,21.88,8.66,136.0,11.346666666666666,23.983333333333334
1927-12-01,47.699999999999996,23.66774193548387,10.412903225806453,171.7,13.151612903225805,24.774193548387096
1928-01-01,108.5,24.541935483870965,11.893548387096773,201.8,13.129032258064516,24.993548387096773
1928-02-01,146.4,24.403448275862072,12.637931034482758,172.7,14.958620689655174,20.96551724137931
1928-03-01,74.5,22.874193548387098,11.406451612903227,126.6,14.183870967741935,17.24516129032258
1928-04-01,24.5,18.990000000000002,8.629999999999999,75.2,12.226666666666667,13.056666666666667
1928-05-01,56.8,13.09032258064516,5.080645161290323,45.6,9.03225806451613,8.687096774193549
1928-06-01,75.0,10.7,3.393333333333333,30.0,8.346666666666668,7.123333333333333
1928-07-01,35.0,10.864516129032259,3.051612903225806,34.1,8.064516129032258,7.925806451612903
1928-08-01,21.9,13.270967741935483,3.3741935483870966,49.6,8.683870967741935,11.73225806451613
1928-09-01,65.4,15.82,5.67,71.7,9.253333333333334,15.406666666666666
1928-10-01,106.39999999999999,15.338709677419354,5.296774193548386,107.5,9.412903225806453,18.638709677419353
1928-11-01,25.5,20.209999999999997,7.056666666666667,136.0,10.516666666666667,24.15
1928-12-01,13.7,23.948387096774194,9.764516129032257,171.7,11.903225806451612,25.92258064516129
1929-01-01,35.0,24.75483870967742,10.0,201.8,11.832258064516129,25.92258064516129
1929-02-01,40.8,27.12857142857143,13.353571428571428,167.9,16.517857142857142,22.064285714285713
1929-03-01,32.3,21.46451612903226,9.37741935483871,126.6,12.53225806451613,17.212903225806453
1929-04-01,101.0,17.19333333333333,7.239999999999999,75.2,10.393333333333334,12.636666666666667
1929-05-01,43.6,13.796774193548387,5.090322580645162,45.6,8.787096774193548,9.316129032258065
1929-06-01,77.1,10.673333333333334,3.0233333333333334,30.0,7.739999999999999,7.54
1929-07-01,58.199999999999996,9.02258064516129,1.6806451612903226,34.1,7.009677419354839,7.874193548387097
1929-08-01,51.0,10.958064516129031,2.57741935483871,49.6,7.593548387096774,11.03225806451613
1929-09-01,44.9,13.54,3.17,71.7,8.286666666666667,15.633333333333333
1929-10-01,66.7,16.406451612903226,6.048387096774194,107.5,10.083870967741936,18.835483870967742
1929-11-01,42.0,18.32,7.046666666666667,136.0,10.463333333333333,21.7
1929-12-01,78.3,20.351612903225806,8.570967741935483,171.7,11.435483870967742,23.032258064516128
1930-01-01,4.1,24.94193548387097,10.193548387096774,201.8,11.54516129032258,27.296774193548387
1930-02-01,74.39999999999999,27.514285714285712,13.307142857142859,167.9,14.135714285714286,22.482142857142858
1930-03-01,8.0,23.312903225806455,10.593548387096773,126.6,12.72258064516129,18.43548387096774
1930-04-01,43.7,17.983333333333334,7.026666666666667,75.2,10.236666666666668,13.273333333333333
1930-05-01,49.599999999999994,14.519354838709678,5.880645161290323,45.6,9.793548387096775,9.0
1930-06-01,37.1,11.606666666666666,3.1266666666666665,30.0,8.48,7.55
1930-07-01,62.4,11.241935483870968,4.367741935483871,34.1,9.061290322580644,7.341935483870968
1930-08-01,110.6,11.12258064516129,3.851612903225807,49.6,8.858064516129033,10.258064516129032
1930-09-01,61.4,14.1,4.406666666666666,71.7,9.26,15.266666666666667
1930-10-01,91.5,18.287096774193547,7.693548387096774,107.5,12.112903225806452,18.23548387096774
1930-11-01,49.1,20.09333333333333,7.6,136.0,10.976666666666667,22.8
1930-12-01,141.2,22.783870967741933,10.51290322580645,171.7,13.64516129032258,23.174193548387095
1931-01-01,18.4,22.506451612903227,9.635483870967741,201.8,11.77741935483871,25.238709677419354
1931-02-01,12.899999999999999,24.446428571428573,9.707142857142857,167.9,11.367857142857144,24.3
1931-03-01,92.4,20.996774193548386,9.219354838709679,126.6,12.774193548387096,16.606451612903225
1931-04-01,70.30000000000001,16.603333333333335,6.71,75.2,10.896666666666667,12.666666666666666
1931-05-01,72.0,13.661290322580646,7.135483870967741,45.6,11.26774193548387,7.693548387096774
1931-06-01,95.7,10.17,4.25,30.0,9.216666666666667,6.216666666666667
1931-07-01,72.5,9.696774193548388,3.4064516129032256,34.1,8.66451612903226,7.580645161290323
1931-08-01,74.3,10.819354838709677,3.667741935483871,49.6,8.506451612903225,10.570967741935483
1931-09-01,55.599999999999994,13.766666666666667,4.766666666666667,71.7,9.316666666666666,14.926666666666668
1931-10-01,28.5,16.23548387096774,5.461290322580646,107.5,9.13225806451613,20.09032258064516
1931-11-01,79.8,18.913333333333334,7.4366666666666665,136.0,11.023333333333333,21.853333333333335
1931-12-01,12.5,23.81935483870968,9.577419354838709,171.7,12.493548387096775,27.07741935483871
1932-01-01,4.1,27.080645161290324,11.603225806451613,201.8,12.83548387096774,25.758064516129032
1932-02-01,56.6,22.375862068965517,10.555172413793104,172.7,13.210344827586209,19.851724137931036
1932-03-01,136.9,21.490322580645163,9.535483870967743,126.6,12.851612903225806,16.24516129032258
1932-04-01,124.8,16.693333333333335,8.22,75.2,12.343333333333334,11.493333333333334
1932-05-01,19.4,14.516129032258064,6.109677419354839,45.6,10.396774193548387,8.770967741935483
1932-06-01,102.4,10.593333333333334,3.6633333333333336,30.0,8.686666666666667,6.966666666666667
1932-07-01,76.0,9.893548387096773,2.870967741935484,34.1,8.196774193548388,7.687096774193549
1932-08-01,90.89999999999999,11.248387096774193,3.335483870967742,49.6,8.658064516129032,10.138709677419355
1932-09-01,27.799999999999997,14.153333333333334,5.37,71.7,9.963333333333333,14.486666666666668
1932-10-01,64.0,15.125806451612902,4.793548387096774,107.5,9.341935483870968,18.345161290322583
1932-11-01,23.4,20.41,7.930000000000001,136.0,11.476666666666667,22.53666666666667
1932-12-01,76.8,21.496774193548386,8.287096774193548,171.7,11.058064516129033,24.916129032258063
1933-01-01,35.3,23.151612903225807,10.051612903225807,201.8,12.35483870967742,24.39032258064516
1933-02-01,7.2,24.75714285714286,9.778571428571428,167.9,11.164285714285715,23.710714285714285
1933-03-01,33.4,22.43548387096774,9.258064516129032,126.6,12.083870967741936,17.506451612903227
1933-04-01,40.6,17.733333333333334,6.946666666666667,75.2,10.706666666666667,12.353333333333333
1933-05-01,96.5,13.412903225806453,5.419354838709677,45.6,9.658064516129032,8.24516129032258
1933-06-01,70.5,11.966666666666667,4.296666666666667,30.0,8.933333333333334,6.52
1933-07-01,59.0,10.587096774193547,2.6193548387096777,34.1,8.432258064516128,7.574193548387097
1933-08-01,72.3,10.63225806451613,2.2903225806451615,49.6,7.532258064516129,10.329032258064515
1933-09-01,92.7,13.46,4.756666666666666,71.7,9.566666666666666,13.966666666666667
1933-10-01,44.099999999999994,18.88064516129032,6.829032258064516,107.5,10.712903225806452,19.24516129032258
1933-11-01,89.3,20.040000000000003,7.926666666666667,136.0,12.106666666666666,21.866666666666667
1933-12-01,188.5,21.96451612903226,10.029032258064515,171.7,12.874193548387098,23.251612903225805
1934-01-01,31.400000000000002,25.990322580645163,11.693548387096774,201.8,12.674193548387096,25.541935483870965
1934-02-01,32.8,25.275000000000002,11.789285714285715,167.9,13.139285714285714,22.228571428571428
1934-03-01,8.1,25.61935483870968,12.40967741935484,126.6,13.97741935483871,17.580645161290324
1934-04-01,97.8,16.71,7.586666666666667,75.2,11.063333333333333,11.406666666666666
1934-05-01,6.1,15.774193548387096,5.138709677419355,45.6,9.667741935483871,9.841935483870966
1934-06-01,18.4,11.333333333333334,2.46,30.0,7.786666666666666,7.5233333333333325
1934-07-01,49.0,11.058064516129033,3.893548387096774,34.1,8.729032258064517,7.267741935483872
1934-08-01,67.6,11.7,3.8129032258064517,49.6,8.69032258064516,10.041935483870969
1934-09-01,62.0,14.71,4.54,71.7,8.846666666666666,15.826666666666666
1934-10-01,121.7,16.383870967741935,5.887096774193548,107.5,10.729032258064517,18.003225806451614
1934-11-01,122.7,19.203333333333333,8.663333333333332,136.0,12.776666666666667,20.459999999999997
1934-12-01,57.3,22.154838709677417,9.44516129032258,171.7,11.95483870967742,24.73548387096774
1935-01-01,38.9,24.164516129032258,10.083870967741936,201.8,12.435483870967742,24.403225806451612
1935-02-01,61.5,24.02857142857143,11.15,167.9,13.325000000000001,21.525000000000002
1935-03-01,68.5,21.44516129032258,8.870967741935484,126.6,11.848387096774195,17.187096774193545
1935-04-01,137.4,17.003333333333334,7.9366666666666665,75.2,11.823333333333332,10.353333333333333
1935-05-01,53.9,12.983870967741936,4.496774193548387,45.6,9.280645161290321,8.593548387096773
1935-06-01,64.0,10.576666666666666,3.493333333333333,30.0,8.803333333333335,6.1899999999999995
1935-07-01,77.0,10.67741935483871,2.6322580645161286,34.1,8.448387096774193,7.296774193548386
1935-08-01,80.4,12.670967741935485,4.17741935483871,49.6,8.95483870967742,10.529032258064515
1935-09-01,56.3,14.016666666666667,4.363333333333333,71.7,9.479999999999999,15.5
1935-10-01,75.7,17.074193548387097,6.164516129032258,107.5,10.5,18.361290322580647
1935-11-01,34.5,19.77,6.7733333333333325,136.0,10.423333333333334,22.533333333333335
1935-12-01,27.299999999999997,23.36774193548387,9.270967741935483,171.7,11.44516129032258,23.993548387096773
1936-01-01,39.3,25.03548387096774,11.654838709677419,201.8,13.248387096774193,23.08709677419355
1936-02-01,6.3,25.479310344827585,11.49655172413793,172.7,13.182758620689656,21.74827586206897
1936-03-01,38.5,24.251612903225805,10.600000000000001,126.6,12.580645161290322,17.687096774193545
1936-04-01,49.9,16.783333333333335,6.366666666666666,75.2,10.213333333333333,12.166666666666666
1936-05-01,64.9,15.241935483870968,4.719354838709678,45.6,9.112903225806452,9.416129032258064
1936-06-01,71.5,10.123333333333333,3.29,30.0,8.616666666666667,6.64
1936-07-01,120.6,10.074193548387097,3.603225806451613,34.1,8.83548387096774,6.916129032258064
1936-08-01,84.5,11.8,4.45483870967742,49.6,9.05483870967742,10.432258064516128
1936-09-01,35.0,12.753333333333334,3.56,71.7,8.903333333333334,15.0
1936-10-01,75.9,16.496774193548386,5.816129032258065,107.5,9.95483870967742,18.322580645161292
1936-11-01,26.9,19.58,6.743333333333333,136.0,9.863333333333333,23.55666666666667
1936-12-01,64.8,22.448387096774194,10.693548387096774,171.7,13.903225806451612,21.403225806451612
1937-01-01,85.1,22.703225806451613,9.716129032258063,201.8,12.419354838709678,23.419354838709676
1937-02-01,33.4,25.24642857142857,11.842857142857143,167.9,13.167857142857143,21.664285714285715
1937-03-01,26.3,23.148387096774194,10.303225806451612,126.6,12.509677419354839,17.88064516129032
1937-04-01,22.7,17.013333333333332,6.553333333333333,75.2,9.72,12.843333333333334
1937-05-01,54.0,13.887096774193548,5.964516129032258,45.6,9.438709677419356,8.59032258064516
1937-06-01,23.2,10.303333333333335,2.24,30.0,7.786666666666666,7.47
1937-07-01,49.5,10.490322580645161,2.1225806451612903,34.1,7.293548387096774,8.05483870967742
1937-08-01,77.3,13.064516129032258,4.506451612903225,49.6,8.735483870967743,11.100000000000001
1937-09-01,61.4,14.636666666666667,5.33,71.7,9.246666666666666,15.110000000000001
1937-10-01,86.89999999999999,17.983870967741936,7.567741935483871,107.5,10.90967741935484,18.961290322580645
1937-11-01,15.8,21.633333333333333,9.28,136.0,11.493333333333334,22.17
1937-12-01,125.5,22.40967741935484,10.129032258064516,171.7,13.02258064516129,22.36774193548387
1938-01-01,57.8,25.080645161290324,11.212903225806452,201.8,12.603225806451613,24.74516129032258
1938-02-01,48.9,24.392857142857142,11.446428571428571,167.9,12.921428571428573,21.728571428571428
1938-03-01,19.7,22.993548387096773,10.73225806451613,126.6,12.535483870967743,17.92258064516129
1938-04-01,86.3,19.71333333333333,8.23,75.2,11.16,13.273333333333333
1938-05-01,29.599999999999998,15.819354838709677,6.403225806451613,45.6,10.167741935483871,8.906451612903227
1938-06-01,109.5,10.543333333333333,3.5533333333333332,30.0,8.143333333333334,6.626666666666667
1938-07-01,51.3,10.22258064516129,2.4096774193548387,34.1,7.825806451612903,7.961290322580646
1938-08-01,34.9,11.541935483870969,3.138709677419355,49.6,8.125806451612904,11.53225806451613
1938-09-01,39.0,14.653333333333334,4.423333333333333,71.7,8.92,15.7
1938-10-01,11.5,19.003225806451614,6.551612903225807,107.5,10.332258064516129,20.18064516129032
1938-11-01,29.299999999999997,22.063333333333333,8.676666666666668,136.0,11.953333333333335,23.63
1938-12-01,17.4,22.98709677419355,8.974193548387097,171.7,11.029032258064515,25.05483870967742
1939-01-01,5.8999999999999995,27.85483870967742,12.683870967741935,201.8,12.670967741935485,25.5
1939-02-01,74.2,26.189285714285713,12.174999999999999,167.9,12.939285714285715,21.967857142857145
1939-03-01,12.2,21.748387096774195,10.696774193548388,126.6,12.916129032258064,17.52258064516129
1939-04-01,154.1,17.983333333333334,8.886666666666667,75.2,13.03,11.916666666666666
1939-05-01,80.6,14.916129032258064,6.793548387096774,45.6,10.961290322580645,8.587096774193547
1939-06-01,95.2,10.633333333333333,4.27,30.0,9.53,6.3133333333333335
1939-07-01,48.8,9.312903225806451,1.6225806451612903,34.1,8.393548387096773,7.616129032258065
1939-08-01,157.1,10.603225806451613,4.080645161290323,49.6,9.306451612903226,9.816129032258065
1939-09-01,76.1,13.6,4.383333333333334,71.7,9.54,14.629999999999999
1939-10-01,60.400000000000006,16.89032258064516,5.590322580645162,107.5,10.44516129032258,18.89032258064516
1939-11-01,119.9,18.183333333333334,7.3133333333333335,136.0,11.563333333333333,21.063333333333333
1939-12-01,28.0,21.419354838709676,7.416129032258064,171.7,10.941935483870967,24.906451612903226
1940-01-01,36.2,24.570967741935487,10.183870967741935,201.8,12.899999999999999,24.870967741935484
1940-02-01,13.5,23.675862068965518,9.051724137931034,172.7,11.455172413793104,23.76551724137931
1940-03-01,11.5,26.77741935483871,10.490322580645161,126.6,12.358064516129033,18.903225806451612
1940-04-01,61.099999999999994,17.173333333333336,6.346666666666667,75.2,10.553333333333335,12.2
1940-05-01,40.3,12.98709677419355,4.254838709677419,45.6,9.051612903225807,8.803225806451612
1940-06-01,41.8,11.08,3.183333333333333,30.0,8.126666666666667,6.680000000000001
1940-07-01,69.8,10.46774193548387,3.6225806451612903,34.1,8.422580645161291,6.729032258064516
1940-08-01,41.2,12.816129032258065,2.7193548387096773,49.6,8.061290322580644,11.577419354838709
1940-09-01,58.3,14.693333333333333,4.510000000000001,71.7,9.183333333333334,15.483333333333333
1940-10-01,22.7,20.283870967741933,6.82258064516129,107.5,10.219354838709679,19.825806451612905
1940-11-01,71.4,18.416666666666668,6.693333333333333,136.0,10.413333333333332,21.64
1940-12-01,43.800000000000004,24.154838709677417,9.27741935483871,171.7,12.706451612903225,23.845161290322583
1941-01-01,127.8,23.11935483870968,10.938709677419356,201.8,13.448387096774193,23.612903225806452
1941-02-01,15.4,24.407142857142855,10.710714285714285,167.9,12.717857142857143,23.175
1941-03-01,82.3,20.190322580645162,9.080645161290322,126.6,12.62258064516129,15.754838709677419
1941-04-01,54.699999999999996,19.476666666666667,8.72,75.2,11.353333333333333,12.236666666666668
1941-05-01,24.3,13.90967741935484,5.038709677419354,45.6,9.40967741935484,8.806451612903226
1941-06-01,91.8,11.203333333333335,3.9633333333333334,30.0,8.806666666666667,6.6433333333333335
1941-07-01,74.8,10.04516129032258,3.4935483870967743,34.1,8.577419354838709,7.161290322580645
1941-08-01,88.5,11.98709677419355,3.293548387096774,49.6,8.193548387096774,10.738709677419354
1941-09-01,102.3,13.606666666666666,4.343333333333334,71.7,9.306666666666667,14.566666666666666
1941-10-01,56.0,15.041935483870969,5.067741935483871,107.5,9.745161290322581,19.629032258064516
1941-11-01,42.5,20.383333333333333,7.506666666666666,136.0,11.123333333333333,21.75
1941-12-01,40.4,23.94516129032258,9.770967741935483,171.7,12.729032258064517,24.299999999999997
1942-01-01,44.699999999999996,26.006451612903227,10.729032258064517,201.8,12.741935483870968,25.612903225806452
1942-02-01,33.1,24.900000000000002,11.450000000000001,167.9,13.678571428571429,21.717857142857145
1942-03-01,45.8,23.270967741935483,9.92258064516129,126.6,12.16451612903226,17.574193548387097
1942-04-01,40.3,17.283333333333335,7.073333333333333,75.2,11.263333333333332,12.043333333333333
1942-05-01,129.2,13.435483870967742,7.451612903225806,45.6,11.183870967741935,6.770967741935484
1942-06-01,69.4,11.270000000000001,4.016666666666667,30.0,8.973333333333333,6.34
1942-07-01,69.0,10.041935483870969,2.7548387096774194,34.1,8.270967741935483,7.406451612903226
1942-08-01,102.0,11.616129032258065,4.187096774193549,49.6,9.203225806451613,9.596774193548388
1942-09-01,102.89999999999999,14.826666666666666,4.760000000000001,71.7,9.51,14.626666666666667
1942-10-01,71.0,17.783870967741933,6.180645161290323,107.5,11.03225806451613,19.635483870967743
1942-11-01,65.3,19.86,8.073333333333332,136.0,11.95,20.323333333333334
1942-12-01,22.2,24.17096774193548,10.470967741935485,171.7,13.53225806451613,24.351612903225806
1943-01-01,47.0,26.6,11.167741935483871,201.8,13.029032258064515,24.261290322580646
1943-02-01,47.199999999999996,24.825,10.275,167.9,12.939285714285715,20.642857142857142
1943-03-01,13.200000000000001,23.15806451612903,9.096774193548388,126.6,12.187096774193549,17.75483870967742
1943-04-01,66.6,16.156666666666666,5.903333333333333,75.2,10.446666666666665,11.236666666666668
1943-05-01,38.0,12.964516129032257,4.206451612903226,45.6,9.125806451612902,8.303225806451612
1943-06-01,71.0,10.263333333333332,2.9066666666666667,30.0,8.603333333333333,5.973333333333333
1943-07-01,80.5,9.829032258064515,2.732258064516129,34.1,7.838709677419355,7.645161290322581
1943-08-01,64.1,10.290322580645162,1.567741935483871,49.6,7.719354838709678,10.225806451612904
1943-09-01,73.4,13.066666666666666,4.066666666666666,71.7,9.666666666666666,13.886666666666667
1943-10-01,51.4,15.54516129032258,5.364516129032259,107.5,10.264516129032257,18.451612903225808
1943-11-01,43.8,18.67,7.0,136.0,11.253333333333334,21.990000000000002
1943-12-01,16.2,21.51290322580645,8.606451612903227,171.7,11.687096774193549,24.19677419354839
1944-01-01,31.2,26.506451612903227,10.561290322580644,201.8,12.025806451612903,25.106451612903225
1944-02-01,15.399999999999999,24.486206896551725,10.279310344827588,172.7,12.113793103448277,22.275862068965516
1944-03-01,46.9,23.200000000000003,9.509677419354839,126.6,12.13225806451613,17.029032258064515
1944-04-01,56.0,15.606666666666666,5.79,75.2,9.476666666666667,10.386666666666667
1944-05-01,118.6,12.325806451612904,5.541935483870968,45.6,10.103225806451613,6.551612903225807
1944-06-01,29.3,10.28,2.493333333333333,30.0,7.89,6.569999999999999
1944-07-01,71.7,9.806451612903226,1.9064516129032256,34.1,7.696774193548387,7.280645161290322
1944-08-01,26.2,10.964516129032257,1.2838709677419353,49.6,7.712903225806452,11.670967741935485
1944-09-01,30.2,15.603333333333333,4.466666666666667,71.7,9.463333333333333,14.703333333333335
1944-10-01,54.6,17.648387096774194,5.574193548387097,107.5,9.993548387096775,18.23548387096774
1944-11-01,37.199999999999996,20.220000000000002,7.760000000000001,136.0,11.086666666666668,19.029999999999998
1944-12-01,61.1,22.80322580645161,8.783870967741937,171.7,11.641935483870967,23.203225806451613
1945-01-01,45.3,24.551612903225806,10.241935483870968,201.8,12.764516129032257,22.05806451612903
1945-02-01,49.7,22.37142857142857,10.032142857142857,167.9,12.764285714285714,20.582142857142856
1945-03-01,6.0,19.738709677419354,7.267741935483872,126.6,10.935483870967742,16.383870967741935
1945-04-01,19.6,17.27,6.069999999999999,75.2,10.379999999999999,12.120000000000001
1945-05-01,55.4,13.600000000000001,4.690322580645161,45.6,9.361290322580645,8.306451612903226
1945-06-01,48.5,11.97,4.08,30.0,9.44,6.453333333333333
1945-07-01,68.8,9.035483870967743,1.8741935483870968,34.1,7.941935483870967,7.309677419354839
1945-08-01,81.39999999999999,11.66451612903226,4.432258064516129,49.6,9.525806451612903,9.612903225806452
1945-09-01,47.6,13.436666666666667,3.5366666666666666,71.7,9.21,14.293333333333333
1945-10-01,63.7,16.425806451612903,6.041935483870968,107.5,10.487096774193548,15.751612903225807
1945-11-01,57.9,20.59333333333333,8.03,136.0,11.633333333333333,20.353333333333335
1945-12-01,16.299999999999997,24.112903225806452,9.503225806451614,171.7,12.596774193548388,25.44516129032258
1946-01-01,99.1,25.62258064516129,10.819354838709677,201.8,13.780645161290321,23.461290322580645
1946-02-01,88.1,23.267857142857142,10.528571428571428,167.9,13.982142857142858,18.767857142857142
1946-03-01,84.8,19.812903225806455,8.832258064516129,126.6,12.841935483870968,15.600000000000001
1946-04-01,55.3,15.413333333333332,5.819999999999999,75.2,10.726666666666667,11.53
1946-05-01,39.4,13.635483870967741,4.719354838709678,45.6,9.28709677419355,8.841935483870968
1946-06-01,59.3,9.716666666666667,2.7633333333333336,30.0,7.886666666666667,5.8133333333333335
1946-07-01,91.6,10.62258064516129,4.125806451612903,34.1,8.680645161290323,6.919354838709677
1946-08-01,67.3,10.841935483870968,3.306451612903226,49.6,8.329032258064515,9.683870967741935
1946-09-01,58.0,12.446666666666667,3.8433333333333333,71.7,8.58,13.456666666666667
1946-10-01,48.199999999999996,14.761290322580646,4.158064516129032,107.5,9.338709677419354,17.461290322580645
1946-11-01,38.7,19.266666666666666,7.02,136.0,10.946666666666665,19.946666666666665
1946-12-01,50.8,22.661290322580644,9.05483870967742,171.7,12.564516129032258,22.91290322580645
1947-01-01,8.9,26.26774193548387,10.293548387096775,201.8,12.680645161290323,24.993548387096773
1947-02-01,119.10000000000001,26.974999999999998,13.475,167.9,16.1,19.642857142857142
1947-03-01,118.3,22.23548387096774,10.283870967741937,126.6,13.612903225806452,15.351612903225806
1947-04-01,32.1,18.11,7.746666666666667,75.2,12.01,11.976666666666667
1947-05-01,23.2,16.567741935483873,5.883870967741935,45.6,10.580645161290322,8.55483870967742
1947-06-01,79.9,11.616666666666667,3.816666666666667,30.0,8.953333333333335,6.403333333333333
1947-07-01,94.1,9.706451612903225,3.806451612903226,34.1,8.76774193548387,6.548387096774194
1947-08-01,47.0,10.425806451612903,2.9225806451612906,49.6,8.167741935483871,9.7
1947-09-01,56.7,13.81,4.096666666666667,71.7,9.746666666666666,14.41
1947-10-01,121.7,15.974193548387097,5.783870967741936,107.5,10.69032258064516,16.751612903225805
1947-11-01,55.4,17.816666666666666,6.703333333333333,136.0,10.943333333333333,19.353333333333335
1947-12-01,88.0,22.174193548387095,9.603225806451613,171.7,13.63225806451613,21.874193548387098
1948-01-01,34.3,24.503225806451614,10.12258064516129,201.8,12.129032258064516,26.596774193548388
1948-02-01,20.4,25.389655172413793,11.855172413793104,172.7,14.275862068965518,19.07241379310345
1948-03-01,13.299999999999999,20.15806451612903,6.970967741935484,126.6,10.848387096774195,17.906451612903226
1948-04-01,81.1,16.793333333333333,7.286666666666666,75.2,11.076666666666666,11.046666666666665
1948-05-01,97.5,12.235483870967743,5.561290322580645,45.6,10.119354838709677,6.851612903225806
1948-06-01,66.0,10.636666666666667,2.56,30.0,8.556666666666667,6.483333333333333
1948-07-01,60.1,9.358064516129033,2.064516129032258,34.1,7.754838709677419,7.116129032258065
1948-08-01,39.1,12.738709677419354,3.42258064516129,49.6,8.77741935483871,10.845161290322581
1948-09-01,60.6,15.030000000000001,4.54,71.7,9.853333333333333,14.75
1948-10-01,114.4,15.470967741935485,4.819354838709677,107.5,9.993548387096775,17.148387096774194
1948-11-01,46.9,18.459999999999997,6.346666666666667,136.0,11.166666666666666,21.009999999999998
1948-12-01,33.5,23.387096774193548,9.119354838709677,171.7,12.283870967741937,20.57741935483871
1949-01-01,15.5,24.274193548387096,10.716129032258063,201.8,13.248387096774193,21.503225806451614
1949-02-01,100.9,21.660714285714285,9.02142857142857,167.9,12.575000000000001,19.646428571428572
1949-03-01,136.9,20.20967741935484,9.583870967741936,126.6,13.745161290322581,14.580645161290322
1949-04-01,18.1,16.006666666666668,5.6033333333333335,75.2,10.523333333333333,10.693333333333333
1949-05-01,39.3,12.351612903225806,4.67741935483871,45.6,9.66451612903226,6.906451612903226
1949-06-01,64.0,9.406666666666666,1.8966666666666667,30.0,7.996666666666667,6.136666666666667
1949-07-01,61.9,10.248387096774193,3.0,34.1,8.780645161290321,6.54516129032258
1949-08-01,34.5,11.893548387096773,2.509677419354839,49.6,8.109677419354838,9.848387096774195
1949-09-01,69.3,13.893333333333334,3.2066666666666666,71.7,9.126666666666667,14.493333333333334
1949-10-01,138.5,16.070967741935483,6.187096774193549,107.5,11.493548387096775,14.112903225806452
1949-11-01,103.0,18.026666666666664,7.716666666666667,136.0,12.533333333333333,16.37666666666667
1949-12-01,18.6,20.98709677419355,7.635483870967741,171.7,11.345161290322581,22.016129032258064
1950-01-01,15.0,24.33225806451613,9.290322580645162,201.8,12.100000000000001,21.83225806451613
1950-02-01,83.0,23.167857142857144,11.303571428571429,167.9,14.432142857142859,18.517857142857142
1950-03-01,60.9,21.038709677419355,9.922580645161291,126.6,14.312903225806451,15.461290322580645
1950-04-01,69.5,17.796666666666667,7.003333333333333,75.2,11.79,11.983333333333333
1950-05-01,81.2,13.338709677419354,4.874193548387097,45.6,10.077419354838709,7.464516129032258
1950-06-01,36.7,10.033333333333333,2.256666666666667,30.0,8.31,6.069999999999999
1950-07-01,61.1,10.83548387096774,2.7838709677419353,34.1,8.638709677419355,6.948387096774193
1950-08-01,51.7,11.95483870967742,2.929032258064516,49.6,8.812903225806451,10.12258064516129
1950-09-01,123.8,15.423333333333334,4.513333333333334,71.7,10.326666666666666,15.16
1950-10-01,80.0,16.932258064516127,6.516129032258065,107.5,11.538709677419355,17.383870967741935
1950-11-01,56.1,20.126666666666665,7.486666666666666,136.0,12.143333333333334,19.990000000000002
1950-12-01,42.0,25.58709677419355,10.451612903225806,171.7,12.993548387096775,25.738709677419354
1951-01-01,26.2,28.648387096774194,12.941935483870967,201.8,14.919354838709678,24.887096774193548
1951-02-01,119.10000000000001,26.29642857142857,12.35,167.9,14.553571428571429,20.12142857142857
1951-03-01,4.4,23.9,10.351612903225806,126.6,13.558064516129033,17.10967741935484
1951-04-01,121.39999999999999,15.013333333333332,6.126666666666667,75.2,10.416666666666666,9.78
1951-05-01,108.3,13.061290322580644,5.661290322580645,45.6,10.393548387096773,6.635483870967741
1951-06-01,48.5,11.446666666666665,4.55,30.0,9.716666666666667,5.5
1951-07-01,97.2,9.887096774193548,3.4193548387096775,34.1,8.422580645161291,6.619354838709678
1951-08-01,111.6,9.76774193548387,2.738709677419355,49.6,8.174193548387096,8.98709677419355
1951-09-01,35.9,14.113333333333333,5.89,71.7,9.973333333333333,12.870000000000001
1951-10-01,94.10000000000001,16.480645161290322,6.561290322580645,107.5,10.616129032258065,18.212903225806453
1951-11-01,44.0,19.353333333333335,6.05,136.0,9.25,20.866666666666667
1951-12-01,44.2,22.74516129032258,8.770967741935484,171.7,11.96774193548387,21.81935483870968
1952-01-01,26.5,25.23225806451613,9.648387096774194,201.8,11.583870967741936,23.57741935483871
1952-02-01,48.3,23.093103448275862,9.748275862068965,172.7,11.558620689655172,19.400000000000002
1952-03-01,26.2,22.97741935483871,10.26774193548387,126.6,12.62258064516129,15.816129032258065
1952-04-01,77.4,15.913333333333332,6.576666666666667,75.2,10.503333333333334,10.263333333333332
1952-05-01,117.5,12.709677419354838,5.006451612903225,45.6,9.629032258064516,7.229032258064516
1952-06-01,154.79999999999998,10.870000000000001,4.736666666666666,30.0,9.370000000000001,5.376666666666667
1952-07-01,64.2,9.287096774193548,1.832258064516129,34.1,7.6,7.019354838709678
1952-08-01,87.7,11.12258064516129,3.041935483870968,49.6,8.358064516129033,10.587096774193547
1952-09-01,61.8,14.146666666666668,4.543333333333334,71.7,9.026666666666667,13.67
1952-10-01,130.1,15.583870967741936,5.906451612903226,107.5,10.216129032258063,15.02258064516129
1952-11-01,116.2,17.91,6.633333333333334,136.0,10.983333333333333,19.863333333333333
1952-12-01,45.6,21.583870967741937,8.970967741935485,171.7,11.635483870967741,21.325806451612905
1953-01-01,20.1,24.716129032258067,10.709677419354838,201.8,12.574193548387097,23.799999999999997
1953-02-01,14.100000000000001,24.396428571428572,10.87857142857143,167.9,13.021428571428572,21.32857142857143
1953-03-01,11.4,24.006451612903227,9.538709677419355,126.6,11.358064516129033,18.516129032258064
1953-04-01,40.0,18.709999999999997,7.77,75.2,11.346666666666666,11.656666666666666
1953-05-01,81.3,14.51290322580645,5.780645161290322,45.6,10.016129032258064,7.470967741935484
1953-06-01,83.6,10.456666666666667,3.89,30.0,8.403333333333332,6.0600000000000005
1953-07-01,75.6,10.383870967741935,2.764516129032258,34.1,7.970967741935484,7.422580645161291
1953-08-01,113.6,10.858064516129033,3.206451612903226,49.6,8.248387096774193,9.241935483870968
1953-09-01,122.7,13.56,3.6666666666666665,71.7,8.733333333333333,14.213333333333333
1953-10-01,73.9,16.63225806451613,5.229032258064516,107.5,9.83548387096774,18.561290322580643
1953-11-01,111.0,18.30666666666667,6.263333333333334,136.0,9.903333333333334,21.13
1953-12-01,40.0,22.69677419354839,8.167741935483871,171.7,9.870967741935484,22.835483870967742
1954-01-01,32.4,26.73548387096774,11.970967741935485,201.8,13.03225806451613,24.0258064516129
1954-02-01,70.0,22.189285714285713,9.924999999999999,167.9,12.521428571428572,20.27857142857143
1954-03-01,20.6,21.780645161290323,7.348387096774194,126.6,10.283870967741937,17.838709677419356
1954-04-01,64.5,18.436666666666667,7.5,75.2,11.09,10.563333333333333
1954-05-01,35.0,13.712903225806452,5.367741935483871,45.6,9.76774193548387,7.909677419354839
1954-06-01,77.5,10.91,3.8033333333333332,30.0,8.303333333333333,5.753333333333333
1954-07-01,40.3,10.183870967741935,2.261290322580645,34.1,7.941935483870968,7.293548387096774
1954-08-01,62.5,11.825806451612904,3.1903225806451614,49.6,8.264516129032257,9.848387096774195
1954-09-01,62.4,14.2,3.6166666666666667,71.7,8.870000000000001,15.076666666666666
1954-10-01,73.3,16.903225806451612,5.97741935483871,107.5,10.009677419354839,16.125806451612902
1954-11-01,110.4,18.8,6.873333333333333,136.0,10.69,20.686666666666667
1954-12-01,114.9,23.358064516129033,9.983870967741936,171.7,12.741935483870968,23.641935483870967
1955-01-01,17.1,26.212903225806453,11.229032258064517,201.8,12.716129032258063,24.183870967741935
1955-02-01,90.4,24.803571428571427,12.732142857142858,167.9,15.278571428571428,17.775
1955-03-01,29.5,21.82903225806452,9.883870967741935,126.6,12.829032258064515,15.912903225806453
1955-04-01,41.9,18.209999999999997,6.85,75.2,10.556666666666667,12.056666666666667
1955-05-01,71.7,12.474193548387097,4.72258064516129,45.6,9.470967741935485,7.216129032258064
1955-06-01,75.0,10.473333333333333,3.3233333333333333,30.0,8.876666666666667,5.866666666666666
1955-07-01,62.0,9.825806451612904,3.164516129032258,34.1,8.325806451612904,6.474193548387096
1955-08-01,146.2,11.709677419354838,4.290322580645161,49.6,8.748387096774193,9.925806451612903
1955-09-01,74.0,14.17,4.79,71.7,10.163333333333332,13.423333333333334
1955-10-01,66.0,16.780645161290323,6.245161290322581,107.5,10.22258064516129,17.20967741935484
1955-11-01,52.5,17.896666666666665,5.63,136.0,9.31,19.873333333333335
1955-12-01,84.1,21.5,8.538709677419355,171.7,11.448387096774193,21.5258064516129
1956-01-01,51.8,24.019354838709678,9.948387096774193,201.8,12.648387096774194,22.26774193548387
1956-02-01,2.1,27.644827586206898,13.303448275862069,172.7,15.331034482758621,22.76206896551724
1956-03-01,65.4,23.14516129032258,11.964516129032257,126.6,16.00967741935484,14.374193548387098
1956-04-01,94.3,17.573333333333334,7.819999999999999,75.2,11.979999999999999,10.943333333333333
1956-05-01,147.2,12.887096774193548,5.548387096774194,45.6,10.606451612903227,7.270967741935484
1956-06-01,79.4,10.21,3.12,30.0,8.213333333333333,6.456666666666666
1956-07-01,85.6,9.970967741935485,3.303225806451613,34.1,8.458064516129031,6.870967741935484
1956-08-01,83.5,10.570967741935483,2.393548387096774,49.6,7.983870967741935,10.464516129032257
1956-09-01,131.7,13.24,3.8766666666666665,71.7,9.263333333333332,13.886666666666667
1956-10-01,89.3,14.287096774193548,4.912903225806452,107.5,9.929032258064517,15.993548387096775
1956-11-01,53.8,17.11,5.626666666666667,136.0,9.95,19.583333333333332
1956-12-01,35.9,21.26451612903226,6.858064516129032,171.7,9.52258064516129,23.13225806451613
1957-01-01,2.6,25.283870967741933,7.603225806451612,201.8,10.219354838709679,27.81935483870968
1957-02-01,53.099999999999994,24.842857142857145,10.767857142857142,167.9,13.164285714285715,21.728571428571428
1957-03-01,60.0,21.335483870967742,8.55483870967742,126.6,11.583870967741936,15.72258064516129
1957-04-01,30.4,17.436666666666667,6.793333333333334,75.2,10.353333333333332,11.643333333333334
1957-05-01,50.699999999999996,13.32258064516129,5.251612903225807,45.6,8.619354838709677,8.212903225806452
1957-06-01,33.4,14.566666666666666,7.3533333333333335,30.0,9.479999999999999,6.696666666666667
1957-07-01,44.9,10.100000000000001,2.609677419354839,34.1,7.580645161290323,6.951612903225806
1957-08-01,54.5,12.72258064516129,3.6225806451612903,49.6,8.390322580645162,10.525806451612903
1957-09-01,73.3,13.803333333333335,4.223333333333334,71.7,8.573333333333332,13.703333333333331
1957-10-01,88.6,15.858064516129033,5.625806451612903,107.5,9.625806451612902,16.470967741935485
1957-11-01,53.0,18.73,7.203333333333333,136.0,9.963333333333333,20.82
1957-12-01,38.699999999999996,22.793548387096774,9.654838709677419,171.7,11.180645161290323,21.76774193548387
1958-01-01,11.4,23.154838709677417,8.596774193548388,201.8,11.425806451612903,23.838709677419356
1958-02-01,52.400000000000006,25.017857142857142,11.096428571428572,167.9,13.221428571428572,19.70357142857143
1958-03-01,12.8,21.58709677419355,9.97741935483871,126.6,12.416129032258064,15.551612903225807
1958-04-01,20.8,19.64,6.683333333333334,75.2,10.416666666666666,14.253333333333334
1958-05-01,95.5,13.925806451612903,7.751612903225807,45.6,10.609677419354838,6.383870967741935
1958-06-01,16.3,10.723333333333333,2.966666666666667,30.0,7.75,6.876666666666667
1958-07-01,65.8,9.48709677419355,2.648387096774193,34.1,7.7387096774193544,6.587096774193548
1958-08-01,118.2,11.041935483870969,4.693548387096774,49.6,8.696774193548386,8.019354838709678
1958-09-01,74.0,13.129999999999999,3.69,71.7,8.896666666666667,13.78
1958-10-01,101.1,15.36774193548387,5.761290322580645,107.5,10.080645161290322,15.293548387096775
1958-11-01,57.1,20.533333333333335,9.466666666666667,136.0,12.323333333333332,19.029999999999998
1958-12-01,42.8,20.03548387096774,8.461290322580645,171.7,11.364516129032259,20.906451612903226
1959-01-01,16.799999999999997,28.583870967741937,13.283870967741937,201.8,13.48709677419355,26.14516129032258
1959-02-01,62.7,24.639285714285712,11.532142857142857,167.9,13.685714285714285,20.38214285714286
1959-03-01,46.800000000000004,22.20967741935484,10.925806451612903,126.6,13.648387096774194,15.435483870967742
1959-04-01,14.0,19.473333333333336,7.993333333333334,75.2,11.41,12.336666666666668
1959-05-01,12.4,14.509677419354839,5.012903225806451,45.6,9.187096774193549,9.019354838709678
1959-06-01,59.0,11.503333333333334,4.623333333333333,30.0,8.706666666666667,6.0233333333333325
1959-07-01,51.0,10.14516129032258,3.370967741935484,34.1,8.274193548387096,6.080645161290323
1959-08-01,84.4,13.0,4.32258064516129,49.6,8.441935483870967,10.761290322580646
1959-09-01,75.5,13.503333333333334,4.12,71.7,8.603333333333333,14.526666666666667
1959-10-01,99.7,16.206451612903226,6.587096774193548,107.5,9.974193548387097,16.43225806451613
1959-11-01,20.9,22.65666666666667,9.843333333333334,136.0,12.316666666666666,20.34
1959-12-01,97.1,21.280645161290323,8.567741935483872,171.7,11.209677419354838,20.812903225806455
1960-01-01,38.0,27.938709677419357,13.325806451612904,201.8,13.616129032258065,22.80322580645161
1960-02-01,59.5,23.079310344827583,9.93448275862069,172.7,12.158620689655173,20.775862068965516
1960-03-01,20.5,23.451612903225808,11.02258064516129,126.6,12.8,15.751612903225807
1960-04-01,134.7,16.35,7.846666666666667,75.2,10.643333333333334,8.973333333333333
1960-05-01,172.70000000000002,11.093548387096773,5.251612903225807,45.6,9.35483870967742,6.048387096774194
1960-06-01,52.9,10.21,3.743333333333333,30.0,8.620000000000001,6.793333333333334
1960-07-01,106.6,9.738709677419354,3.1838709677419357,34.1,8.37741935483871,6.34516129032258
1960-08-01,74.3,10.216129032258063,3.0999999999999996,49.6,8.009677419354839,9.754838709677419
1960-09-01,150.5,13.35,5.666666666666667,71.7,10.0,10.513333333333332
1960-10-01,40.3,16.96451612903226,6.690322580645161,107.5,10.048387096774194,19.248387096774195
1960-11-01,109.4,16.85,5.693333333333333,136.0,10.246666666666666,19.46333333333333
1960-12-01,36.3,24.938709677419357,11.596774193548388,171.7,13.474193548387097,25.274193548387096
1961-01-01,7.3,28.887096774193548,13.45483870967742,201.8,14.038709677419355,26.57741935483871
1961-02-01,24.000000000000004,25.803571428571427,11.557142857142859,167.9,12.975,20.7
1961-03-01,69.9,22.219354838709677,10.32258064516129,126.6,13.306451612903226,16.59032258064516
1961-04-01,90.5,18.113333333333333,9.943333333333333,75.2,12.386666666666667,9.406666666666666
1961-05-01,26.5,14.045161290322582,5.048387096774194,45.6,9.783870967741937,8.30967741935484
1961-06-01,61.9,11.9,5.193333333333333,30.0,9.403333333333334,5.9766666666666675
1961-07-01,76.9,10.23225806451613,3.693548387096774,34.1,8.506451612903225,5.893548387096774
1961-08-01,60.6,12.083870967741936,4.503225806451613,49.6,8.783870967741937,9.448387096774193
1961-09-01,34.5,15.983333333333333,5.28,71.7,9.3,15.976666666666667
1961-10-01,65.2,19.038709677419355,7.622580645161291,107.5,10.609677419354838,17.36774193548387
1961-11-01,24.8,20.91,8.796666666666665,136.0,11.776666666666667,19.34333333333333
1961-12-01,29.599999999999998,24.574193548387097,10.05483870967742,171.7,12.72258064516129,24.46451612903226
1962-01-01,46.0,26.86774193548387,12.425806451612903,201.8,14.35483870967742,23.335483870967742
1962-02-01,21.3,24.514285714285712,9.785714285714286,167.9,12.610714285714286,22.232142857142858
1962-03-01,43.7,23.345161290322583,10.961290322580645,126.6,12.609677419354838,17.019354838709678
1962-04-01,24.0,19.58,7.680000000000001,75.2,10.620000000000001,12.6
1962-05-01,82.3,12.493548387096775,5.003225806451613,45.6,9.535483870967743,6.754838709677419
1962-06-01,97.0,11.923333333333334,5.323333333333333,30.0,9.45,6.763333333333334
1962-07-01,49.4,11.12258064516129,3.838709677419355,34.1,8.329032258064515,7.161290322580645
1962-08-01,64.5,11.016129032258064,3.8741935483870966,49.6,8.25483870967742,8.980645161290322
1962-09-01,91.7,14.120000000000001,5.2,71.7,9.016666666666667,14.46
1962-10-01,81.9,15.025806451612903,5.554838709677419,107.5,8.92258064516129,16.116129032258065
1962-11-01,30.5,19.726666666666667,7.366666666666666,136.0,10.3,21.563333333333333
1962-12-01,26.5,22.66774193548387,10.716129032258063,171.7,12.535483870967743,20.780645161290323
1963-01-01,188.6,24.461290322580645,11.712903225806452,201.8,13.567741935483872,22.651612903225807
1963-02-01,45.9,22.42142857142857,10.839285714285714,167.9,13.196428571428571,18.92142857142857
1963-03-01,32.1,21.287096774193547,10.183870967741935,126.6,13.05483870967742,16.04516129032258
1963-04-01,29.299999999999997,17.163333333333334,5.9766666666666675,75.2,10.33,11.566666666666666
1963-05-01,117.7,13.193548387096774,7.083870967741936,45.6,10.66451612903226,5.374193548387097
1963-06-01,37.3,11.066666666666666,4.956666666666666,30.0,9.46,5.166666666666667
1963-07-01,97.10000000000001,9.390322580645162,3.019354838709677,34.1,8.238709677419354,6.309677419354839
1963-08-01,62.599999999999994,11.735483870967743,3.7161290322580647,49.6,8.509677419354839,9.570967741935483
1963-09-01,84.1,14.406666666666666,5.466666666666667,71.7,9.376666666666667,12.923333333333334
1963-10-01,34.8,19.38064516129032,8.529032258064515,107.5,12.077419354838709,18.006451612903227
1963-11-01,19.2,20.30666666666667,7.680000000000001,136.0,10.41,21.13
1963-12-01,28.3,23.809677419354838,10.193548387096774,171.7,11.938709677419356,22.561290322580643
1964-01-01,12.5,24.787096774193547,9.119354838709677,201.8,11.183870967741935,23.948387096774194
1964-02-01,68.5,22.42758620689655,10.703448275862069,172.7,12.703448275862069,18.406896551724138
1964-03-01,22.0,22.177419354838708,8.612903225806452,126.6,10.480645161290322,17.406451612903226
1964-04-01,94.8,17.759999999999998,8.389999999999999,75.2,11.629999999999999,9.54
1964-05-01,44.6,13.229032258064517,5.635483870967741,45.6,9.132258064516128,8.316129032258065
1964-06-01,50.9,10.683333333333334,5.513333333333334,30.0,9.103333333333333,5.92
1964-07-01,122.0,9.341935483870968,3.5612903225806454,34.1,8.122580645161289,6.4
1964-08-01,90.3,11.329032258064515,4.812903225806451,49.6,9.01290322580645,7.803225806451613
1964-09-01,106.5,13.573333333333332,4.97,71.7,8.863333333333333,13.653333333333334
1964-10-01,105.3,14.993548387096775,5.909677419354838,107.5,9.95483870967742,15.412903225806453
1964-11-01,81.1,19.166666666666668,7.806666666666667,136.0,10.986666666666668,18.673333333333336
1964-12-01,72.0,18.44516129032258,7.670967741935484,171.7,10.667741935483871,19.125806451612902
1965-01-01,9.0,23.112903225806452,8.94516129032258,201.8,10.848387096774195,24.44516129032258
1965-02-01,3.2,25.82857142857143,10.846428571428572,167.9,12.285714285714286,22.089285714285715
1965-03-01,20.4,22.719354838709677,8.654838709677419,126.6,10.629032258064516,17.519354838709678
1965-04-01,74.3,15.656666666666666,5.73,75.2,10.06,11.093333333333334
1965-05-01,57.7,13.919354838709678,6.183870967741935,45.6,9.806451612903226,7.658064516129032
1965-06-01,46.8,11.566666666666666,3.3666666666666667,30.0,8.093333333333334,6.623333333333333
1965-07-01,89.8,9.706451612903225,2.2774193548387096,34.1,7.770967741935484,6.706451612903226
1965-08-01,113.1,12.219354838709679,4.080645161290323,49.6,9.151612903225805,8.990322580645161
1965-09-01,50.099999999999994,15.32,5.3933333333333335,71.7,9.946666666666665,13.943333333333333
1965-10-01,17.5,18.648387096774194,7.696774193548387,107.5,10.238709677419354,16.89032258064516
1965-11-01,87.9,18.926666666666666,6.8533333333333335,136.0,9.753333333333334,18.853333333333335
1965-12-01,39.199999999999996,24.506451612903227,11.716129032258063,171.7,13.306451612903226,22.95483870967742
1966-01-01,31.8,26.43548387096774,11.48709677419355,201.8,11.806451612903226,23.19677419354839
1966-02-01,80.3,23.292857142857144,10.764285714285714,167.9,12.910714285714286,20.54642857142857
1966-03-01,66.7,21.451612903225808,10.051612903225807,126.6,11.85483870967742,15.222580645161292
1966-04-01,36.8,16.776666666666667,5.616666666666666,75.2,10.026666666666667,12.26
1966-05-01,42.9,13.332258064516129,5.793548387096774,45.6,9.26774193548387,7.206451612903226
1966-06-01,19.9,10.763333333333332,2.69,30.0,7.64,6.183333333333334
1966-07-01,80.39999999999999,9.338709677419354,2.703225806451613,34.1,7.706451612903226,6.503225806451613
1966-08-01,112.3,11.36774193548387,3.4935483870967743,49.6,8.27741935483871,8.770967741935483
1966-09-01,76.39999999999999,13.53,5.3933333333333335,71.7,9.406666666666666,11.643333333333334
1966-10-01,77.9,16.33225806451613,6.461290322580646,107.5,10.087096774193547,15.829032258064515
1966-11-01,45.0,20.373333333333335,8.68,136.0,11.270000000000001,19.886666666666667
1966-12-01,67.3,21.551612903225806,9.483870967741936,171.7,11.825806451612904,20.532258064516128
1967-01-01,20.0,23.96451612903226,9.390322580645162,201.8,11.583870967741936,22.26774193548387
1967-02-01,5.4,27.25714285714286,12.564285714285715,167.9,12.15,22.042857142857144
1967-03-01,16.7,22.480645161290322,8.77741935483871,126.6,11.358064516129033,17.322580645161292
1967-04-01,18.3,19.993333333333332,8.003333333333334,75.2,10.643333333333334,12.120000000000001
1967-05-01,31.599999999999998,15.319354838709677,5.338709677419355,45.6,9.458064516129031,8.23225806451613
1967-06-01,15.200000000000001,13.903333333333334,2.8866666666666663,30.0,8.746666666666666,6.8100000000000005
1967-07-01,42.8,10.783870967741937,3.225806451612903,34.1,8.12258064516129,6.616129032258065
1967-08-01,72.8,11.719354838709679,2.8548387096774195,49.6,8.161290322580646,9.64516129032258
1967-09-01,41.5,14.246666666666666,4.79,71.7,8.459999999999999,13.8
1967-10-01,12.0,18.567741935483873,7.22258064516129,107.5,8.94516129032258,20.187096774193545
1967-11-01,21.3,20.59333333333333,7.766666666666667,136.0,8.366666666666667,22.41
1967-12-01,45.4,20.86774193548387,9.251612903225807,171.7,9.380645161290323,23.967741935483872
1968-01-01,30.5,27.48709677419355,12.393548387096773,201.8,12.174193548387096,26.251612903225805
1968-02-01,6.8,27.013793103448275,13.524137931034483,172.7,13.679310344827586,22.417241379310347
1968-03-01,109.2,23.664516129032258,12.438709677419356,126.6,12.641935483870967,15.03225806451613
1968-04-01,121.3,18.490000000000002,9.976666666666667,75.2,11.56,9.74
1968-05-01,119.7,10.83548387096774,5.493548387096775,45.6,9.761290322580646,5.519354838709678
1968-06-01,67.0,9.26,3.756666666666667,30.0,8.573333333333332,5.4766666666666675
1968-07-01,74.5,8.625806451612902,3.019354838709677,34.1,8.112903225806452,5.867741935483871
1968-08-01,88.2,10.274193548387096,3.238709677419355,49.6,8.09032258064516,9.12258064516129
1968-09-01,33.5,12.333333333333334,3.893333333333333,71.7,8.363333333333333,13.08
1968-10-01,91.1,15.251612903225807,6.34516129032258,107.5,9.503225806451614,15.600000000000001
1968-11-01,71.8,17.43,7.416666666666667,136.0,9.796666666666665,18.473333333333336
1968-12-01,38.9,21.0,9.816129032258065,171.7,10.848387096774195,23.700000000000003
1969-01-01,28.0,27.68064516129032,12.948387096774193,201.8,12.329032258064515,24.73225806451613
1969-02-01,67.8,23.74642857142857,14.25,167.9,14.142857142857142,16.95
1969-03-01,31.5,21.33225806451613,11.40967741935484,126.6,12.916129032258064,16.164516129032258
1969-04-01,27.5,17.46333333333333,8.386666666666667,75.2,10.796666666666665,11.693333333333333
1969-05-01,74.2,12.59032258064516,5.619354838709677,45.6,9.17741935483871,7.409677419354838
1969-06-01,14.0,10.656666666666666,3.203333333333333,30.0,8.046666666666667,6.9
1969-07-01,81.1,10.890322580645162,3.6258064516129034,34.1,9.006451612903225,6.509677419354839
1969-08-01,76.5,12.125806451612902,4.303225806451613,49.6,8.793548387096774,9.374193548387098
1969-09-01,79.5,10.8,3.81,71.7,8.620000000000001,11.473333333333333
1969-10-01,15.6,17.16774193548387,7.016129032258065,107.5,10.419354838709678,18.948387096774194
1969-11-01,60.0,17.759999999999998,8.106666666666666,136.0,10.866666666666667,18.796666666666667
1969-12-01,49.699999999999996,19.603225806451615,8.196774193548388,171.7,10.04516129032258,20.787096774193547
1970-01-01,106.3,21.958064516129035,11.53225806451613,214.7,12.67741935483871,21.325806451612905
1970-02-01,2.3,25.682142857142857,11.539285714285715,214.7,12.299999999999999,22.849999999999998
1970-03-01,132.3,20.470967741935485,10.219354838709679,144.7,12.225806451612904,15.658064516129032
1970-04-01,75.39999999999999,17.603333333333335,8.623333333333333,91.1,11.273333333333333,10.846666666666666
1970-05-01,61.8,11.525806451612903,5.706451612903226,41.1,9.587096774193547,7.199999999999999
1970-06-01,71.4,10.629999999999999,4.916666666666667,30.8,9.113333333333333,5.453333333333333
1970-07-01,45.9,9.738709677419354,3.2774193548387096,38.9,8.196774193548388,5.903225806451613
1970-08-01,79.3,9.941935483870967,2.8548387096774195,46.8,7.883870967741935,9.13225806451613
1970-09-01,44.4,11.523333333333333,3.7233333333333336,68.5,8.03,11.403333333333334
1970-10-01,40.199999999999996,15.583870967741936,5.483870967741935,112.9,9.422580645161291,17.01290322580645
1970-11-01,58.9,18.970000000000002,8.45,157.8,10.43,20.30666666666667
1970-12-01,51.1,21.822580645161292,10.148387096774194,213.9,11.23225806451613,23.23548387096774
1971-01-01,63.1,23.567741935483873,12.13225806451613,246.8,13.27741935483871,22.429032258064513
1971-02-01,54.0,24.342857142857145,14.310714285714285,190.2,14.375,20.239285714285717
1971-03-01,22.1,23.56451612903226,12.7,173.0,12.98709677419355,17.283870967741933
1971-04-01,100.6,19.586666666666666,9.776666666666667,100.9,11.463333333333333,12.110000000000001
1971-05-01,103.7,13.46774193548387,5.490322580645161,49.3,9.364516129032259,7.441935483870967
1971-06-01,70.1,9.906666666666666,4.489999999999999,31.0,8.706666666666667,5.2
1971-07-01,43.4,9.77741935483871,3.5935483870967744,31.3,8.287096774193548,6.051612903225807
1971-08-01,63.699999999999996,10.35483870967742,3.47741935483871,53.7,7.8354838709677415,8.948387096774193
1971-09-01,64.3,12.626666666666667,4.613333333333333,75.0,8.536666666666665,11.696666666666665
1971-10-01,105.6,14.280645161290321,5.996774193548387,120.2,9.180645161290322,15.390322580645162
1971-11-01,104.1,16.99,7.763333333333334,126.3,10.606666666666666,18.736666666666668
1971-12-01,66.0,21.190322580645162,9.80967741935484,186.4,11.925806451612903,22.34193548387097
1972-01-01,35.3,22.787096774193547,12.619354838709677,191.6,13.603225806451613,20.948387096774194
1972-02-01,86.6,24.837931034482757,13.672413793103448,188.4,13.562068965517241,20.582758620689653
1972-03-01,20.599999999999998,20.751612903225805,9.5,136.9,11.370967741935484,18.258064516129032
1972-04-01,86.4,17.853333333333335,8.566666666666666,88.6,10.8,12.54
1972-05-01,29.0,14.8,6.348387096774194,48.3,9.73225806451613,9.051612903225807
1972-06-01,21.4,11.086666666666668,3.3466666666666667,35.5,7.8533333333333335,7.836666666666667
1972-07-01,51.099999999999994,9.529032258064515,3.361290322580645,37.0,7.780645161290322,6.229032258064516
1972-08-01,65.0,11.616129032258065,4.819354838709677,49.7,8.761290322580646,9.393548387096773
1972-09-01,19.2,15.479999999999999,5.666666666666667,92.4,8.793333333333333,15.266666666666667
1972-10-01,60.2,16.55806451612903,6.874193548387097,119.39999999999999,9.59032258064516,19.216129032258067
1972-11-01,44.7,19.243333333333332,8.023333333333333,137.5,10.373333333333333,22.003333333333334
1972-12-01,3.4000000000000004,24.816129032258065,10.796774193548387,227.5,10.577419354838709,24.94516129032258
1973-01-01,48.8,26.793548387096774,13.196774193548388,233.5,11.848387096774195,23.125806451612902
1973-02-01,240.3,23.63214285714286,13.367857142857144,135.4,14.328571428571427,21.292857142857144
1973-03-01,44.0,18.374193548387098,9.225806451612904,92.2,11.54516129032258,15.229032258064517
1973-04-01,76.8,17.37,9.313333333333333,75.7,11.256666666666666,11.636666666666667
1973-05-01,90.8,12.47741935483871,6.119354838709677,36.7,9.993548387096775,7.04516129032258
1973-06-01,62.3,10.283333333333333,4.303333333333333,25.6,8.686666666666666,6.3100000000000005
1973-07-01,48.4,10.516129032258064,3.564516129032258,30.5,8.183870967741935,7.896774193548388
1973-08-01,76.3,11.006451612903225,4.154838709677419,40.1,8.438709677419356,9.083870967741936
1973-09-01,73.2,13.886666666666667,5.9366666666666665,67.1,9.596666666666666,13.74
1973-10-01,100.0,17.154838709677417,8.203225806451613,88.9,11.167741935483871,16.677419354838708
1973-11-01,48.6,17.723333333333336,8.343333333333334,107.9,10.653333333333334,18.62
1973-12-01,48.699999999999996,23.23548387096774,11.922580645161291,173.2,12.390322580645162,23.13225806451613
1974-01-01,70.2,25.822580645161292,14.629032258064516,203.0,14.874193548387096,24.89032258064516
1974-02-01,32.9,23.599999999999998,12.667857142857143,141.6,13.403571428571428,21.84642857142857
1974-03-01,16.8,24.716129032258067,14.458064516129031,132.0,14.432258064516128,16.780645161290323
1974-04-01,91.6,15.766666666666667,9.889999999999999,43.2,12.503333333333334,7.866666666666666
1974-05-01,126.7,13.912903225806453,8.012903225806452,39.5,11.003225806451614,7.877419354838709
1974-06-01,23.8,10.626666666666667,4.323333333333333,22.7,9.026666666666667,6.22
1974-07-01,93.6,9.906451612903227,3.609677419354839,26.8,8.474193548387097,6.04516129032258
1974-08-01,75.5,10.403225806451612,4.429032258064517,35.7,8.73225806451613,8.561290322580644
1974-09-01,88.6,11.993333333333334,4.713333333333334,49.3,9.113333333333333,11.81
1974-10-01,80.9,15.229032258064516,7.229032258064516,76.1,10.019354838709678,15.470967741935485
1974-11-01,34.2,17.42,7.573333333333333,109.2,10.073333333333332,20.58
1974-12-01,31.3,21.570967741935487,8.903225806451612,146.6,10.754838709677419,23.432258064516127
1975-01-01,28.2,23.05483870967742,9.625806451612902,176.4,11.096774193548388,24.58709677419355
1975-02-01,3.5,26.160714285714285,13.314285714285715,166.0,12.353571428571428,21.782142857142855
1975-03-01,96.2,20.5,9.80967741935484,117.9,11.32258064516129,15.54516129032258
1975-04-01,17.5,16.74,8.139999999999999,73.7,10.389999999999999,11.303333333333335
1975-05-01,67.3,14.167741935483871,7.712903225806452,46.800000000000004,10.251612903225807,6.387096774193548
1975-06-01,36.4,10.753333333333334,4.303333333333333,28.900000000000002,8.68,6.760000000000001
1975-07-01,57.4,11.5,4.951612903225806,40.1,8.719354838709679,7.429032258064517
1975-08-01,100.3,10.603225806451613,4.232258064516128,38.8,8.448387096774193,8.070967741935483
1975-09-01,116.10000000000001,14.293333333333333,6.6066666666666665,65.2,9.706666666666667,13.146666666666667
1975-10-01,193.3,15.029032258064515,8.129032258064516,80.0,10.583870967741936,14.616129032258065
1975-11-01,47.7,19.576666666666664,9.886666666666667,122.6,11.706666666666667,20.55666666666667
1975-12-01,25.7,23.08709677419355,12.112903225806452,172.2,12.82258064516129,23.809677419354838
1976-01-01,11.899999999999999,24.638709677419353,12.112903225806452,204.8,11.796774193548387,24.02258064516129
1976-02-01,47.300000000000004,25.96551724137931,14.431034482758621,177.7,14.162068965517241,22.641379310344828
1976-03-01,29.4,22.20967741935484,11.461290322580645,143.6,12.225806451612904,17.758064516129032
1976-04-01,16.2,17.293333333333333,8.723333333333333,83.5,10.456666666666667,11.396666666666667
1976-05-01,27.299999999999997,13.245161290322581,6.138709677419354,50.2,8.983870967741936,7.761290322580645
1976-06-01,59.9,11.133333333333333,5.343333333333333,27.900000000000002,8.91,6.293333333333334
1976-07-01,33.5,9.98709677419355,3.332258064516129,31.7,7.919354838709677,7.245161290322581
1976-08-01,76.1,11.035483870967743,3.629032258064516,47.2,7.641935483870967,9.661290322580646
1976-09-01,95.39999999999999,12.583333333333334,5.306666666666667,67.0,8.623333333333333,13.243333333333334
1976-10-01,107.0,13.725806451612904,6.264516129032257,89.2,9.641935483870967,16.34193548387097
1976-11-01,71.7,18.426666666666666,9.03,118.5,10.69,18.986666666666668
1976-12-01,74.3,22.40967741935484,10.22258064516129,177.8,10.777419354838708,23.703225806451613
1977-01-01,25.1,24.648387096774194,11.432258064516128,194.2,11.816129032258065,23.861290322580647
1977-02-01,27.8,26.12142857142857,13.049999999999999,176.4,12.717857142857143,21.267857142857142
1977-03-01,38.2,21.751612903225805,10.851612903225806,129.1,12.52258064516129,16.329032258064515
1977-04-01,39.4,15.746666666666666,7.193333333333333,60.0,10.256666666666666,10.433333333333334
1977-05-01,126.8,12.851612903225806,6.180645161290323,44.7,9.583870967741936,7.364516129032259
1977-06-01,169.5,9.593333333333334,4.739999999999999,28.5,8.913333333333332,5.383333333333334
1977-07-01,73.8,9.074193548387097,2.667741935483871,31.700000000000003,7.606451612903225,7.412903225806452
1977-08-01,41.7,12.580645161290322,4.95483870967742,64.6,7.758064516129032,10.203225806451613
1977-09-01,44.3,12.353333333333332,4.446666666666667,67.9,8.17,13.74
1977-10-01,29.3,18.361290322580647,7.358064516129032,124.5,9.509677419354839,18.312903225806455
1977-11-01,36.5,19.326666666666664,7.8933333333333335,141.8,10.086666666666668,21.209999999999997
1977-12-01,21.0,23.106451612903225,10.448387096774193,191.2,10.254838709677419,23.193548387096776
1978-01-01,43.7,23.741935483870968,11.551612903225807,186.2,10.80967741935484,21.812903225806455
1978-02-01,32.0,24.125,11.303571428571429,161.7,12.217857142857143,21.125
1978-03-01,26.9,21.906451612903226,11.996774193548386,123.89999999999999,12.725806451612904,14.387096774193548
1978-04-01,68.7,17.759999999999998,8.056666666666667,73.0,10.4,12.246666666666666
1978-05-01,81.60000000000001,14.483870967741936,7.922580645161291,55.5,10.016129032258064,7.358064516129032
1978-06-01,40.1,10.446666666666665,5.306666666666667,26.1,9.126666666666667,5.066666666666666
1978-07-01,93.1,8.993548387096775,3.764516129032258,31.3,8.22258064516129,6.577419354838709
1978-08-01,87.7,10.064516129032258,3.5483870967741935,37.5,8.329032258064515,8.8
1978-09-01,75.0,13.09,6.423333333333333,56.5,9.696666666666665,11.946666666666665
1978-10-01,73.7,16.770967741935483,7.33225806451613,105.9,9.748387096774193,17.53548387096774
1978-11-01,131.1,18.88,8.903333333333334,118.7,11.236666666666668,18.526666666666664
1978-12-01,94.6,21.106451612903225,9.806451612903226,146.9,11.661290322580646,22.351612903225806
1979-01-01,90.2,27.306451612903224,12.76774193548387,210.0,13.819354838709677,26.05806451612903
1979-02-01,35.2,25.775000000000002,11.50357142857143,150.6,13.667857142857143,20.835714285714285
1979-03-01,10.6,23.574193548387097,9.851612903225806,129.9,12.141935483870967,17.43548387096774
1979-04-01,33.0,17.04,5.426666666666667,65.6,10.206666666666667,10.813333333333333
1979-05-01,74.8,13.470967741935485,5.341935483870968,42.3,9.751612903225807,7.409677419354838
1979-06-01,25.0,12.523333333333333,4.693333333333333,30.6,9.383333333333333,6.213333333333334
1979-07-01,28.8,10.735483870967743,1.7193548387096773,31.1,8.009677419354839,7.503225806451613
1979-08-01,60.6,11.316129032258065,2.467741935483871,37.6,8.196774193548388,9.283870967741937
1979-09-01,77.6,13.53,4.760000000000001,57.1,9.086666666666668,12.103333333333333
1979-10-01,85.2,16.996774193548386,6.593548387096774,92.7,10.448387096774193,17.490322580645163
1979-11-01,28.0,20.216666666666665,8.446666666666667,125.8,11.446666666666665,20.776666666666664
1979-12-01,11.2,24.870967741935484,8.574193548387097,189.1,11.348387096774195,22.919354838709676
1980-01-01,22.4,23.848387096774193,9.55483870967742,175.5,11.638709677419355,22.738709677419354
1980-02-01,3.2,26.93103448275862,9.62758620689655,194.2,11.113793103448277,23.03793103448276
1980-03-01,7.6,23.348387096774193,8.548387096774194,136.5,11.158064516129032,17.23225806451613
1980-04-01,53.8,20.573333333333334,9.093333333333334,98.7,11.35,11.946666666666665
1980-05-01,52.2,15.687096774193549,6.967741935483871,43.8,11.025806451612903,8.196774193548388
1980-06-01,67.0,10.703333333333335,3.8733333333333335,28.3,9.013333333333332,5.593333333333334
1980-07-01,59.599999999999994,10.47741935483871,3.641935483870968,30.5,8.519354838709678,6.829032258064517
1980-08-01,83.4,12.73225806451613,4.341935483870968,55.3,8.887096774193548,10.874193548387098
1980-09-01,54.0,15.020000000000001,5.616666666666666,79.7,9.266666666666667,14.06
1980-10-01,111.0,17.274193548387096,6.622580645161291,103.8,10.303225806451612,18.461290322580645
1980-11-01,32.800000000000004,20.959999999999997,7.856666666666667,139.5,10.743333333333334,22.470000000000002
1980-12-01,37.2,25.541935483870965,10.735483870967743,194.3,12.461290322580645,24.861290322580647
1981-01-01,44.4,29.051612903225806,14.119354838709677,229.7,14.361290322580645,24.312903225806455
1981-02-01,10.4,27.771428571428572,14.021428571428572,180.3,14.814285714285715,21.321428571428573
1981-03-01,38.0,21.919354838709676,8.748387096774193,115.3,11.780645161290321,15.438709677419356
1981-04-01,16.6,20.5,6.83,91.2,11.629999999999999,13.33
1981-05-01,69.4,14.506451612903225,6.448387096774193,52.6,10.106451612903227,7.377419354838709
1981-06-01,116.8,10.726666666666667,4.02,30.0,8.956666666666667,6.286666666666666
1981-07-01,96.4,10.258064516129032,4.180645161290323,34.7,8.712903225806452,7.096774193548387
1981-08-01,138.4,10.858064516129033,3.948387096774194,45.0,8.735483870967743,9.887096774193548
1981-09-01,41.2,15.166666666666666,5.823333333333333,80.3,9.876666666666667,14.476666666666667
1981-10-01,86.2,17.5,6.129032258064516,123.3,10.16451612903226,19.14516129032258
1981-11-01,80.6,19.743333333333332,7.8133333333333335,125.0,11.26,21.493333333333332
1981-12-01,16.6,22.88064516129032,8.864516129032259,183.0,11.32258064516129,23.861290322580647
1982-01-01,48.4,27.25483870967742,12.429032258064517,219.6,13.609677419354838,23.81935483870968
1982-02-01,5.0,27.00714285714286,11.103571428571428,189.6,12.364285714285714,23.321428571428573
1982-03-01,48.4,24.038709677419355,10.890322580645162,136.5,13.67741935483871,17.135483870967743
1982-04-01,31.6,18.936666666666667,6.83,83.8,10.773333333333333,12.833333333333334
1982-05-01,53.0,13.861290322580645,4.948387096774193,49.8,9.051612903225807,7.52258064516129
1982-06-01,51.6,10.436666666666667,2.4233333333333333,29.3,8.043333333333333,7.193333333333333
1982-07-01,32.8,10.170967741935485,0.9193548387096774,33.1,7.135483870967741,8.551612903225807
1982-08-01,13.0,14.993548387096775,2.5870967741935487,74.8,8.24516129032258,12.435483870967742
1982-09-01,41.8,14.273333333333333,2.9066666666666667,84.2,8.016666666666667,14.986666666666668
1982-10-01,25.8,17.280645161290323,4.409677419354838,130.9,8.125806451612904,19.480645161290322
1982-11-01,26.4,24.886666666666667,7.766666666666667,216.6,9.313333333333333,25.273333333333333
1982-12-01,57.4,24.041935483870965,9.393548387096773,207.1,10.848387096774195,24.283870967741933
1983-01-01,8.2,25.048387096774192,8.229032258064516,230.6,10.383870967741935,25.864516129032257
1983-02-01,0.0,30.110714285714288,13.082142857142857,229.1,12.082142857142857,23.160714285714285
1983-03-01,73.0,23.16774193548387,12.26774193548387,132.8,13.906451612903227,14.62258064516129
1983-04-01,48.2,15.463333333333333,6.36,67.5,10.203333333333335,11.506666666666666
1983-05-01,110.2,13.40967741935484,6.67741935483871,39.3,10.729032258064517,7.438709677419355
1983-06-01,58.8,10.063333333333333,3.3733333333333335,25.4,8.71,6.203333333333333
1983-07-01,80.6,9.01290322580645,2.9935483870967743,27.8,8.374193548387098,6.764516129032257
1983-08-01,88.0,11.76774193548387,5.351612903225806,48.4,9.32258064516129,10.119354838709677
1983-09-01,71.2,12.57,5.03,65.7,9.520000000000001,13.133333333333333
1983-10-01,85.60000000000001,15.535483870967743,6.609677419354839,93.6,10.59032258064516,18.14516129032258
1983-11-01,112.0,18.040000000000003,7.62,113.6,11.353333333333333,19.34333333333333
1983-12-01,4.0,22.187096774193545,9.983870967741936,181.6,11.651612903225805,24.374193548387098
1984-01-01,57.6,22.51290322580645,9.90967741935484,174.4,12.438709677419356,23.335483870967742
1984-02-01,11.200000000000001,25.658620689655173,9.889655172413793,185.6,12.12758620689655,23.175862068965518
1984-03-01,81.8,20.72258064516129,8.287096774193548,128.0,11.180645161290323,16.967741935483872
1984-04-01,36.4,17.246666666666666,6.503333333333333,72.7,10.843333333333334,12.636666666666665
1984-05-01,21.2,14.525806451612903,3.7870967741935484,50.1,9.174193548387096,9.399999999999999
1984-06-01,25.599999999999998,11.546666666666665,2.9833333333333334,34.1,8.636666666666667,7.506666666666666
1984-07-01,39.8,9.996774193548386,1.7354838709677418,27.4,8.12258064516129,6.983870967741935
1984-08-01,90.2,11.674193548387096,4.287096774193548,48.4,8.870967741935484,9.793548387096775
1984-09-01,95.6,11.923333333333334,4.013333333333334,57.4,8.776666666666667,12.416666666666666
1984-10-01,39.6,17.76774193548387,6.038709677419355,127.3,9.758064516129032,20.248387096774195
1984-11-01,46.4,21.646666666666665,9.303333333333335,138.9,10.713333333333333,21.813333333333333
1984-12-01,24.6,22.86774193548387,8.493548387096775,168.5,10.641935483870967,24.648387096774194
1985-01-01,14.8,25.932258064516127,10.051612903225807,200.3,10.406451612903227,24.64516129032258
1985-02-01,3.0,24.5,9.060714285714287,176.2,11.207142857142857,22.682142857142857
1985-03-01,21.200000000000003,24.37741935483871,11.419354838709678,140.0,13.509677419354839,16.687096774193545
1985-04-01,45.2,19.53666666666667,8.766666666666667,89.3,12.31,12.996666666666666
1985-05-01,39.400000000000006,16.270967741935486,5.82258064516129,50.1,10.029032258064515,8.958064516129031
1985-06-01,53.0,11.313333333333333,3.1933333333333334,27.2,8.42,6.526666666666667
1985-07-01,52.1,10.332258064516129,1.0032258064516129,41.1,7.629032258064516,8.583870967741936
1985-08-01,91.6,10.922580645161291,3.2838709677419353,47.5,8.82258064516129,8.97741935483871
1985-09-01,50.2,13.263333333333332,3.6199999999999997,70.8,9.266666666666667,15.063333333333333
1985-10-01,69.7,17.293548387096774,5.351612903225806,115.9,10.76774193548387,19.39032258064516
1985-11-01,66.6,18.69333333333333,7.9399999999999995,122.1,12.363333333333333,21.146666666666665
1985-12-01,127.2,20.125806451612902,8.883870967741935,125.4,13.041935483870969,20.73225806451613
1986-01-01,18.4,21.048387096774192,7.664516129032258,175.8,11.8,24.98709677419355
1986-02-01,9.2,24.560714285714287,8.596428571428572,167.3,11.799999999999999,23.075
1986-03-01,6.0,25.32903225806452,9.619354838709677,154.2,11.941935483870967,19.116129032258065
1986-04-01,75.8,17.766666666666666,6.516666666666667,81.3,10.12,12.01
1986-05-01,69.0,13.638709677419355,6.041935483870968,34.5,10.932258064516128,7.248387096774193
1986-06-01,35.9,10.196666666666665,2.3633333333333337,20.3,8.923333333333334,6.04
1986-07-01,82.4,9.648387096774194,1.8387096774193548,23.6,8.848387096774195,6.077419354838709
1986-08-01,40.2,11.69032258064516,2.832258064516129,45.6,8.341935483870968,10.306451612903226
1986-09-01,56.900000000000006,13.233333333333333,4.28,56.5,9.75,12.696666666666665
1986-10-01,115.0,14.206451612903225,4.45483870967742,86.4,10.235483870967743,16.22258064516129
1986-11-01,18.5,18.486666666666668,6.46,138.7,10.276666666666667,23.203333333333333
1986-12-01,80.1,19.73225806451613,7.438709677419355,138.4,11.251612903225807,21.751612903225805
1987-01-01,75.0,21.993548387096773,7.261290322580645,175.9,12.041935483870969,23.9
1987-02-01,40.599999999999994,25.267857142857142,8.985714285714286,166.3,12.153571428571428,23.72142857142857
1987-03-01,38.8,19.519354838709678,6.951612903225806,117.3,11.067741935483872,16.22258064516129
1987-04-01,26.8,19.18,6.873333333333333,88.4,11.81,13.026666666666667
1987-05-01,100.0,13.548387096774194,5.516129032258065,46.0,10.770967741935483,7.351612903225806
1987-06-01,59.800000000000004,11.8,4.11,27.0,9.643333333333334,6.483333333333333
1987-07-01,36.7,10.319354838709677,2.329032258064516,33.5,8.393548387096773,7.680645161290323
1987-08-01,38.0,11.406451612903227,3.0677419354838706,45.4,8.906451612903227,10.119354838709677
1987-09-01,36.6,14.963333333333333,3.7733333333333334,79.3,9.59,14.473333333333333
1987-10-01,53.8,16.093548387096774,4.703225806451614,103.7,9.958064516129031,19.651612903225807
1987-11-01,55.8,20.266666666666666,7.62,153.9,10.323333333333332,21.89333333333333
1987-12-01,78.4,20.86774193548387,8.190322580645162,171.0,10.948387096774193,23.951612903225808
1988-01-01,59.800000000000004,26.480645161290322,10.654838709677419,203.7,13.47741935483871,24.822580645161292
1988-02-01,20.4,24.482758620689655,9.313793103448276,169.1,11.575862068965517,23.589655172413792
1988-03-01,27.4,24.75483870967742,9.274193548387096,141.6,12.374193548387098,18.30322580645161
1988-04-01,9.299999999999999,19.903333333333332,7.443333333333333,85.1,12.236666666666668,13.243333333333334
1988-05-01,111.5,15.341935483870968,7.341935483870968,50.6,12.27741935483871,6.793548387096774
1988-06-01,75.6,11.75,4.083333333333333,31.5,9.946666666666665,6.216666666666667
1988-07-01,61.2,11.070967741935483,3.967741935483871,30.7,9.574193548387097,6.416129032258064
1988-08-01,68.2,11.519354838709678,3.4000000000000004,48.8,9.0,10.619354838709677
1988-09-01,77.4,14.536666666666667,4.4766666666666675,76.6,9.896666666666667,14.476666666666667
1988-10-01,28.6,16.64516129032258,4.961290322580646,122.5,9.761290322580646,19.125806451612902
1988-11-01,60.4,19.563333333333333,7.303333333333333,140.5,11.25,21.083333333333332
1988-12-01,104.0,23.248387096774195,10.345161290322581,162.1,13.62258064516129,22.361290322580647
1989-01-01,31.0,23.761290322580646,10.035483870967743,181.7,11.62258064516129,24.583870967741937
1989-02-01,28.6,25.625,11.292857142857143,170.70000000000002,12.585714285714287,22.432142857142857
1989-03-01,65.2,23.206451612903226,11.529032258064515,124.0,13.606451612903227,15.538709677419355
1989-04-01,136.0,18.006666666666668,9.29,62.8,12.886666666666667,11.926666666666668
1989-05-01,85.6,14.14516129032258,6.758064516129032,36.9,11.403225806451612,7.948387096774193
1989-06-01,67.2,10.003333333333334,2.7,27.2,8.75,6.3133333333333335
1989-07-01,60.2,9.64516129032258,2.203225806451613,32.4,8.180645161290322,7.048387096774194
1989-08-01,93.5,9.932258064516128,2.3193548387096774,40.8,8.490322580645161,9.80967741935484
1989-09-01,59.2,13.676666666666668,4.026666666666666,72.2,9.306666666666667,15.633333333333333
1989-10-01,87.6,15.59032258064516,5.029032258064516,101.3,9.593548387096773,19.112903225806452
1989-11-01,24.2,20.040000000000003,8.766666666666667,123.4,12.25,22.303333333333335
1989-12-01,22.6,23.529032258064515,8.416129032258064,178.8,11.36774193548387,24.770967741935483
1990-01-01,4.2,26.261290322580646,9.77741935483871,218.7,11.851612903225806,26.651612903225804
1990-02-01,99.6,22.77857142857143,11.267857142857142,127.0,13.617857142857144,19.07857142857143
1990-03-01,29.999999999999996,23.448387096774194,9.551612903225807,133.5,12.654838709677419,18.429032258064513
1990-04-01,49.6,18.15666666666667,7.64,75.0,12.41,10.506666666666666
1990-05-01,11.0,14.329032258064515,4.625806451612903,54.1,9.874193548387098,8.23225806451613
1990-06-01,58.1,11.120000000000001,2.68,29.3,8.856666666666666,6.066666666666666
1990-07-01,112.4,10.59032258064516,3.7096774193548385,33.6,9.041935483870969,5.958064516129032
1990-08-01,108.2,10.387096774193548,3.2774193548387096,45.4,8.503225806451612,8.874193548387098
1990-09-01,52.5,13.883333333333333,4.693333333333333,72.5,9.413333333333332,14.986666666666668
1990-10-01,62.1,17.11935483870968,6.516129032258065,106.1,10.348387096774195,17.796774193548387
1990-11-01,60.5,20.046666666666667,7.45,155.1,10.770000000000001,24.566666666666666
1990-12-01,21.6,24.280645161290323,9.596774193548388,183.6,11.541935483870969,23.322580645161292
1991-01-01,74.60000000000001,25.53548387096774,11.106451612903227,192.1,12.838709677419354,24.583870967741937
1991-02-01,3.4,25.803571428571427,8.639285714285714,181.7,11.585714285714285,27.685714285714287
1991-03-01,13.200000000000001,22.95483870967742,7.612903225806452,143.1,10.858064516129033,18.135483870967743
1991-04-01,37.4,17.5,5.13,76.5,10.596666666666666,11.629999999999999
1991-05-01,13.8,14.903225806451612,4.638709677419355,42.9,10.109677419354838,8.983870967741936
1991-06-01,135.6,12.383333333333333,5.966666666666667,29.5,10.353333333333332,4.63
1991-07-01,50.6,10.470967741935485,3.161290322580645,29.1,8.609677419354838,6.480645161290322
1991-08-01,105.0,10.69032258064516,2.6258064516129034,49.6,8.39032258064516,8.919354838709678
1991-09-01,93.2,13.093333333333334,4.123333333333333,60.6,9.206666666666667,12.893333333333334
1991-10-01,17.700000000000003,18.29032258064516,6.874193548387097,121.3,9.858064516129033,20.467741935483872
1991-11-01,48.1,18.913333333333334,5.363333333333333,138.5,9.836666666666668,23.696666666666665
1991-12-01,138.0,21.370967741935484,9.125806451612902,155.4,11.5,23.73225806451613
1992-01-01,72.9,20.47741935483871,8.490322580645161,152.5,11.748387096774193,24.135483870967743
1992-02-01,10.1,23.63103448275862,10.362068965517242,152.8,12.482758620689655,23.20344827586207
1992-03-01,30.3,23.799999999999997,10.961290322580645,126.5,12.980645161290322,16.04516129032258
1992-04-01,49.4,17.990000000000002,7.666666666666667,78.2,11.103333333333333,11.566666666666666
1992-05-01,85.9,13.609677419354838,4.448387096774193,41.3,9.980645161290322,7.361290322580646
1992-06-01,82.7,10.286666666666667,2.7800000000000002,27.7,8.716666666666667,5.583333333333333
1992-07-01,47.2,10.332258064516129,2.5935483870967744,34.7,8.26774193548387,6.780645161290323
1992-08-01,95.6,10.399999999999999,1.435483870967742,46.800000000000004,7.919354838709677,8.712903225806452
1992-09-01,141.4,11.46,2.8233333333333333,51.9,8.743333333333334,11.023333333333333
1992-10-01,95.6,16.596774193548388,6.803225806451613,89.10000000000001,10.693548387096774,16.580645161290324
1992-11-01,84.0,16.970000000000002,6.153333333333333,107.1,10.863333333333333,21.153333333333332
1992-12-01,81.8,21.161290322580644,11.283870967741937,123.39999999999999,14.180645161290323,19.87741935483871
1993-01-01,109.60000000000001,24.183870967741935,11.09032258064516,158.5,14.14516129032258,23.970967741935485
1993-02-01,37.0,23.389285714285712,10.707142857142857,139.9,14.032142857142857,20.564285714285713
1993-03-01,29.4,20.93548387096774,9.193548387096774,99.8,12.880645161290323,14.94516129032258
1993-04-01,12.399999999999999,20.52,6.91,85.3,10.923333333333334,13.776666666666667
1993-05-01,42.6,14.974193548387097,4.109677419354838,48.6,10.180645161290323,8.712903225806452
1993-06-01,58.8,10.333333333333334,3.42,36.8,8.84,5.736666666666666
1993-07-01,96.6,11.0,3.2806451612903227,35.0,8.812903225806451,6.274193548387097
1993-08-01,64.8,13.083870967741936,3.3129032258064517,54.6,9.064516129032258,9.27741935483871
1993-09-01,136.2,13.51,5.073333333333333,66.6,9.97,12.783333333333333
1993-10-01,79.4,15.606451612903227,4.732258064516128,98.9,10.083870967741934,18.154838709677417
1993-11-01,53.1,17.98,5.986666666666666,125.5,10.879999999999999,23.35666666666667
1993-12-01,113.3,20.258064516129032,8.638709677419355,142.4,11.535483870967743,23.048387096774192
1994-01-01,32.4,22.516129032258064,8.080645161290322,168.1,11.329032258064515,24.66774193548387
1994-02-01,84.0,24.417857142857144,11.37857142857143,124.8,15.125,17.83214285714286
1994-03-01,4.0,21.858064516129033,8.693548387096774,109.2,11.861290322580645,17.95483870967742
1994-04-01,29.0,18.576666666666664,6.17,77.2,10.583333333333334,11.76
1994-05-01,46.800000000000004,13.812903225806451,4.170967741935484,52.9,9.141935483870967,7.480645161290322
1994-06-01,81.2,11.29,2.9833333333333334,30.4,8.696666666666665,6.333333333333333
1994-07-01,34.6,11.329032258064515,1.567741935483871,36.5,7.764516129032257,8.006451612903225
1994-08-01,42.6,11.100000000000001,1.196774193548387,49.4,7.293548387096774,13.480645161290322
1994-09-01,57.6,12.266666666666667,2.796666666666667,63.3,8.173333333333334,11.996666666666666
1994-10-01,48.2,16.932258064516127,5.254838709677419,113.8,9.103225806451613,17.08709677419355
1994-11-01,48.2,18.55666666666667,6.72,133.0,9.82,20.31
1994-12-01,4.8,26.51290322580645,9.706451612903225,218.4,11.229032258064517,27.396774193548385
1995-01-01,52.0,26.429032258064513,12.325806451612904,185.0,13.787096774193548,23.629032258064516
1995-02-01,39.6,25.342857142857145,11.039285714285715,164.3,12.585714285714285,23.064285714285713
1995-03-01,46.6,20.58709677419355,8.519354838709678,127.0,11.725806451612904,17.351612903225806
1995-04-01,106.2,15.19,4.489999999999999,63.4,9.78,10.596666666666666
1995-05-01,64.5,13.067741935483872,5.241935483870968,40.4,10.167741935483871,7.193548387096774
1995-06-01,80.2,10.286666666666667,3.953333333333333,30.7,8.923333333333334,5.216666666666667
1995-07-01,90.2,8.97741935483871,2.7903225806451615,29.1,8.238709677419354,5.693548387096774
1995-08-01,39.6,12.483870967741936,2.870967741935484,54.800000000000004,8.661290322580646,11.516129032258064
1995-09-01,39.4,12.97,3.253333333333333,58.3,8.93,13.636666666666667
1995-10-01,61.6,15.26774193548387,4.948387096774193,94.0,9.312903225806451,18.106451612903225
1995-11-01,47.6,19.18,6.913333333333333,124.2,10.54,21.05666666666667
1995-12-01,20.2,19.903225806451612,6.674193548387097,142.4,10.251612903225807,23.770967741935483
1996-01-01,39.6,24.248387096774195,10.558064516129033,170.2,13.493548387096775,24.716129032258067
1996-02-01,79.0,23.141379310344828,9.472413793103447,136.9,12.444827586206896,21.231034482758623
1996-03-01,53.0,21.9741935483871,8.48709677419355,121.5,11.848387096774195,17.48709677419355
1996-04-01,50.2,15.110000000000001,5.923333333333333,58.7,10.613333333333333,10.379999999999999
1996-05-01,24.0,13.970967741935485,5.0,39.1,10.109677419354838,6.732258064516128
1996-06-01,84.8,11.58,2.8266666666666667,31.4,8.986666666666668,5.783333333333333
1996-07-01,99.2,9.938709677419356,2.8483870967741933,30.9,8.503225806451614,5.448387096774193
1996-08-01,90.0,11.206451612903225,3.7451612903225806,45.6,8.787096774193548,9.45483870967742
1996-09-01,129.6,13.026666666666667,3.716666666666667,74.5,8.846666666666666,13.003333333333334
1996-10-01,56.0,16.86774193548387,5.732258064516129,106.4,10.51290322580645,19.816129032258065
1996-11-01,25.6,18.23,5.510000000000001,131.3,9.293333333333333,22.326666666666664
1996-12-01,22.2,21.306451612903224,6.880645161290323,163.7,10.461290322580645,24.293548387096774
1997-01-01,54.2,26.83225806451613,11.970967741935485,216.6,12.290322580645162,26.770967741935483
1997-02-01,12.6,29.560714285714287,13.942857142857141,185.3,14.053571428571429,25.04642857142857
1997-03-01,17.0,20.774193548387096,8.225806451612904,115.9,11.906451612903227,16.412903225806453
1997-04-01,14.2,18.933333333333334,5.553333333333333,78.9,10.153333333333334,11.036666666666667
1997-05-01,71.6,13.429032258064517,5.32258064516129,38.9,9.870967741935484,6.635483870967741
1997-06-01,34.8,11.19,3.533333333333333,32.4,8.576666666666666,6.263333333333334
1997-07-01,37.2,10.33548387096774,1.2225806451612902,34.6,7.561290322580645,6.841935483870968
1997-08-01,64.0,11.341935483870968,2.5999999999999996,47.7,8.03225806451613,9.525806451612903
1997-09-01,96.2,14.316666666666666,4.86,65.3,9.586666666666668,14.756666666666666
1997-10-01,47.400000000000006,17.69677419354839,5.390322580645161,114.3,10.187096774193549,18.370967741935484
1997-11-01,68.4,20.983333333333334,7.456666666666666,148.1,10.196666666666665,23.733333333333334
1997-12-01,5.4,23.741935483870968,8.858064516129033,184.6,11.577419354838709,26.751612903225805
1998-01-01,39.4,26.45483870967742,11.551612903225807,190.2,13.138709677419355,24.812903225806455
1998-02-01,41.2,26.432142857142857,9.585714285714285,182.4,11.525,24.75714285714286
1998-03-01,12.8,23.9741935483871,8.890322580645162,144.9,11.680645161290323,18.37741935483871
1998-04-01,67.0,16.69,5.596666666666667,67.5,10.396666666666667,11.563333333333333
1998-05-01,33.8,14.148387096774194,5.119354838709677,41.1,10.216129032258063,8.290322580645162
1998-06-01,61.2,10.666666666666666,2.5533333333333332,32.0,8.629999999999999,6.3
1998-07-01,88.2,10.174193548387096,0.6967741935483871,28.6,7.9,6.45483870967742
1998-08-01,38.0,13.125806451612902,2.6838709677419357,45.9,9.316129032258065,10.116129032258065
1998-09-01,70.39999999999999,15.233333333333333,4.796666666666667,78.4,10.533333333333333,14.213333333333333
1998-10-01,82.0,15.848387096774195,4.141935483870968,103.7,9.98709677419355,18.37741935483871
1998-11-01,70.4,18.84333333333333,5.946666666666667,125.0,11.216666666666667,23.13
1998-12-01,50.2,22.9,9.332258064516129,174.8,12.183870967741935,25.374193548387098
1999-01-01,31.2,27.793548387096774,12.577419354838709,196.1,15.64516129032258,27.067741935483873
1999-02-01,72.19999999999999,25.935714285714287,12.735714285714286,140.9,14.710714285714285,21.50714285714286
1999-03-01,52.6,21.85483870967742,8.793548387096775,114.6,13.2,17.625806451612902
1999-04-01,29.6,17.63,4.6433333333333335,71.7,10.323333333333332,14.06
1999-05-01,60.2,15.119354838709677,4.693548387096774,53.9,9.883870967741935,7.880645161290323
1999-06-01,59.2,11.546666666666665,3.4866666666666664,30.4,9.156666666666666,6.35
1999-07-01,30.599999999999998,11.745161290322581,4.235483870967742,37.2,8.587096774193547,6.874193548387097
1999-08-01,79.2,12.90967741935484,4.390322580645161,49.7,9.290322580645162,10.196774193548388
1999-09-01,37.6,15.596666666666666,5.65,78.4,9.993333333333334,15.096666666666666
1999-10-01,42.0,17.67096774193548,7.0,99.9,10.458064516129031,18.677419354838708
1999-11-01,35.0,19.06,7.036666666666666,124.9,9.9,22.043333333333333
1999-12-01,70.0,22.783870967741933,9.703225806451613,167.2,11.46774193548387,24.31935483870968
2000-01-01,15.0,23.806451612903224,11.26774193548387,172.3,12.235483870967743,24.64516129032258
2000-02-01,23.6,28.82758620689655,14.172413793103448,184.5,13.634482758620688,22.813793103448276
2000-03-01,8.399999999999999,24.129032258064516,11.35483870967742,137.3,12.764516129032257,18.73225806451613
2000-04-01,69.8,19.2,7.766666666666667,75.9,11.423333333333334,12.47
2000-05-01,62.2,12.838709677419354,5.064516129032258,38.7,10.096774193548388,7.312903225806451
2000-06-01,42.2,10.666666666666666,3.966666666666667,25.3,9.123333333333333,5.63
2000-07-01,76.4,10.451612903225806,3.2580645161290325,34.800000000000004,8.69032258064516,5.880645161290323
2000-08-01,43.4,11.96774193548387,2.4193548387096775,42.7,8.609677419354838,10.03225806451613
2000-09-01,87.4,14.066666666666666,4.766666666666667,70.4,9.756666666666666,12.756666666666666
2000-10-01,104.8,15.516129032258064,5.419354838709677,88.6,10.516129032258064,16.916129032258063
2000-11-01,54.0,21.166666666666668,10.666666666666666,133.1,13.393333333333334,23.203333333333333
2000-12-01,23.599999999999998,24.903225806451612,8.516129032258064,202.2,11.096774193548388,29.103225806451615
2001-01-01,21.6,28.06451612903226,13.838709677419354,209.8,13.838709677419354,25.083870967741937
2001-02-01,13.2,28.357142857142858,13.785714285714286,188.7,13.767857142857142,24.432142857142857
2001-03-01,82.8,21.967741935483872,8.935483870967742,125.6,12.196774193548388,17.11935483870968
2001-04-01,48.6,17.9,6.4,76.7,10.956666666666667,12.53
2001-05-01,11.4,13.741935483870968,5.064516129032258,39.8,10.383870967741935,7.790322580645161
2001-06-01,57.800000000000004,12.0,4.8,30.4,9.573333333333332,5.3
2001-07-01,19.8,11.419354838709678,3.935483870967742,31.4,9.316129032258065,6.790322580645161
2001-08-01,87.2,11.96774193548387,3.6774193548387095,56.0,8.558064516129033,9.651612903225805
2001-09-01,59.8,15.7,5.566666666666666,79.0,10.566666666666666,14.623333333333333
2001-10-01,82.8,15.225806451612904,5.248387096774193,91.9,10.387096774193548,16.925806451612903
2001-11-01,73.2,17.7,7.233333333333333,112.60000000000001,10.836666666666668,20.956666666666667
2001-12-01,30.799999999999997,18.806451612903224,7.129032258064516,136.1,10.561290322580644,24.76774193548387
2002-01-01,24.8,23.193548387096776,10.225806451612904,166.2,11.687096774193549,25.006451612903227
2002-02-01,75.60000000000001,23.25,10.464285714285714,144.9,12.607142857142858,23.11785714285714
2002-03-01,9.2,22.580645161290324,9.580645161290322,133.3,12.100000000000001,18.9
2002-04-01,40.4,20.533333333333335,7.966666666666667,78.0,11.966666666666667,12.866666666666667
2002-05-01,50.2,15.580645161290322,5.387096774193548,53.4,10.125806451612902,8.44516129032258
2002-06-01,59.6,11.766666666666667,3.3333333333333335,37.0,8.78,6.36
2002-07-01,48.6,11.258064516129032,2.6129032258064515,49.5,8.161290322580646,7.945161290322581
2002-08-01,44.0,12.451612903225806,2.870967741935484,52.2,8.483870967741936,10.538709677419355
2002-09-01,52.4,14.666666666666666,4.266666666666667,93.3,8.629999999999999,14.566666666666666
2002-10-01,33.0,17.419354838709676,5.741935483870968,118.0,9.577419354838709,18.374193548387098
2002-11-01,20.0,22.266666666666666,7.7,157.4,10.216666666666667,23.793333333333333
2002-12-01,32.0,24.483870967741936,9.516129032258064,196.7,11.116129032258065,26.661290322580644
2003-01-01,19.6,26.958064516129035,11.358064516129033,221.8,11.493548387096775,28.106451612903225
2003-02-01,24.200000000000003,26.25,12.571428571428571,158.5,14.064285714285715,23.514285714285712
2003-03-01,27.8,21.903225806451612,10.32258064516129,129.8,12.393548387096773,18.77741935483871
2003-04-01,50.800000000000004,18.733333333333334,7.733333333333333,75.8,12.0,12.666666666666666
2003-05-01,28.400000000000002,15.461290322580645,5.138709677419355,44.6,10.461290322580645,9.03225806451613
2003-06-01,49.0,11.313333333333333,4.67,33.4,9.726666666666667,5.8566666666666665
2003-07-01,65.2,10.906451612903227,2.980645161290323,38.4,8.606451612903227,7.170967741935484
2003-08-01,93.2,10.683870967741935,2.574193548387097,52.7,8.606451612903227,9.612903225806452
2003-09-01,51.6,13.08,3.1300000000000003,72.2,9.113333333333333,14.426666666666668
2003-10-01,77.0,13.951612903225806,5.035483870967742,85.7,9.693548387096774,17.07741935483871
2003-11-01,27.8,20.526666666666664,8.416666666666666,150.9,10.65,25.57
2003-12-01,23.4,25.683870967741935,10.135483870967741,192.2,12.793548387096775,25.787096774193547
2004-01-01,46.4,23.193548387096776,8.570967741935483,172.9,11.829032258064515,24.92258064516129
2004-02-01,9.200000000000001,26.189655172413794,11.110344827586207,163.1,12.886206896551723,23.182758620689654
2004-03-01,25.0,22.825806451612905,8.929032258064517,143.2,11.100000000000001,20.08709677419355
2004-04-01,30.4,18.666666666666668,8.326666666666666,86.9,11.196666666666665,12.53
2004-05-01,48.199999999999996,13.616129032258065,4.438709677419355,46.4,10.370967741935484,8.14516129032258
2004-06-01,103.8,10.493333333333334,4.2733333333333325,33.7,9.35,5.173333333333333
2004-07-01,57.2,9.52258064516129,2.990322580645161,30.6,8.525806451612903,6.199999999999999
2004-08-01,82.8,12.077419354838709,3.796774193548387,51.1,9.235483870967743,10.206451612903225
2004-09-01,63.6,13.3,4.989999999999999,59.9,10.056666666666667,13.596666666666666
2004-10-01,38.2,17.761290322580646,6.209677419354839,115.0,10.55483870967742,20.85483870967742
2004-11-01,63.00000000000001,19.363333333333333,7.5233333333333325,129.4,11.313333333333333,21.65666666666667
2004-12-01,107.0,22.316129032258065,9.893548387096773,163.6,12.729032258064517,25.77741935483871
2005-01-01,33.8,25.306451612903224,11.167741935483871,184.8,13.312903225806451,25.416129032258063
2005-02-01,97.6,22.339285714285715,9.653571428571428,128.6,12.142857142857142,22.0
2005-03-01,6.2,21.358064516129033,8.82258064516129,120.6,11.564516129032258,18.548387096774192
2005-04-01,12.6,21.81,8.373333333333333,109.1,11.84,14.353333333333333
2005-05-01,18.8,15.412903225806453,4.783870967741936,54.0,10.280645161290321,9.629032258064516
2005-06-01,66.8,12.793333333333333,4.433333333333334,32.6,9.823333333333332,6.54
2005-07-01,26.6,11.570967741935483,3.3483870967741933,31.4,9.44516129032258,6.745161290322581
2005-08-01,70.4,12.564516129032258,3.261290322580645,59.2,9.125806451612902,10.899999999999999
2005-09-01,55.4,14.146666666666667,4.42,68.4,10.596666666666666,13.85
2005-10-01,96.2,17.283870967741933,6.622580645161291,103.6,11.387096774193548,18.92258064516129
2005-11-01,54.2,20.803333333333335,9.093333333333334,143.8,12.983333333333333,24.453333333333333
2005-12-01,51.800000000000004,24.796774193548387,9.048387096774194,207.6,10.97741935483871,26.0
2006-01-01,26.8,27.716129032258067,13.12258064516129,201.9,15.332258064516129,25.083870967741937
2006-02-01,19.0,24.792857142857144,10.535714285714286,152.6,13.578571428571427,25.45357142857143
2006-03-01,9.2,25.458064516129035,10.470967741935485,149.1,13.100000000000001,20.648387096774194
2006-04-01,53.4,16.263333333333332,5.46,68.1,10.486666666666668,10.536666666666667
2006-05-01,39.199999999999996,12.996774193548386,3.6322580645161286,35.4,10.293548387096775,7.006451612903226
2006-06-01,12.8,11.206666666666667,1.8066666666666669,26.6,8.669999999999998,6.430000000000001
2006-07-01,47.8,10.951612903225806,2.954838709677419,35.1,9.138709677419355,6.406451612903226
2006-08-01,26.6,13.154838709677419,3.1516129032258067,55.8,9.383870967741935,11.096774193548388
2006-09-01,26.2,16.11,4.006666666666667,89.8,9.376666666666667,15.596666666666666
2006-10-01,5.0,19.93548387096774,3.967741935483871,153.5,8.383870967741935,24.080645161290324
2006-11-01,20.4,23.203333333333333,7.5,169.5,9.513333333333332,25.433333333333334
2006-12-01,15.399999999999999,24.596774193548388,8.964516129032258,209.6,9.383870967741935,27.287096774193547
2007-01-01,90.2,26.59032258064516,12.87741935483871,198.8,13.816129032258065,24.783870967741933
2007-02-01,18.0,29.099999999999998,13.882142857142856,183.3,15.049999999999999,24.625
2007-03-01,30.6,23.851612903225806,10.951612903225806,149.9,13.13225806451613,18.370967741935484
2007-04-01,26.4,20.276666666666664,8.173333333333334,89.0,11.356666666666666,12.616666666666667
2007-05-01,89.8,15.629032258064516,8.17741935483871,55.1,12.209677419354838,7.548387096774194
2007-06-01,42.2,10.123333333333333,3.743333333333333,28.6,9.283333333333333,6.2266666666666675
2007-07-01,89.0,10.161290322580646,3.0870967741935487,34.2,8.203225806451613,7.090322580645162
2007-08-01,37.6,13.51290322580645,3.9322580645161294,58.8,8.641935483870967,11.180645161290323
2007-09-01,44.0,14.526666666666667,4.043333333333333,82.9,8.373333333333333,14.313333333333333
2007-10-01,17.8,17.883870967741935,5.493548387096775,126.6,9.416129032258064,19.193548387096776
2007-11-01,83.2,22.82,10.016666666666667,153.9,11.866666666666667,25.15666666666667
2007-12-01,65.0,24.929032258064513,10.364516129032259,191.2,12.019354838709678,25.451612903225808
2008-01-01,17.8,27.24516129032258,12.793548387096775,213.4,12.348387096774195,27.374193548387098
2008-02-01,19.4,23.272413793103446,10.724137931034482,151.0,12.299999999999999,23.379310344827587
2008-03-01,22.4,26.241935483870968,10.774193548387096,164.7,10.480645161290324,17.280645161290323
2008-04-01,8.2,18.353333333333335,6.0233333333333325,76.9,9.996666666666666,11.873333333333333
2008-05-01,51.6,14.02258064516129,4.577419354838709,36.7,10.087096774193547,7.596774193548387
2008-06-01,40.2,12.3,5.213333333333334,32.8,10.043333333333333,5.6899999999999995
2008-07-01,77.0,9.970967741935485,2.9387096774193546,35.0,8.351612903225806,6.925806451612903
2008-08-01,71.2,10.370967741935484,2.5032258064516126,37.2,8.55483870967742,9.096774193548388
2008-09-01,29.0,15.020000000000001,3.6,89.8,8.563333333333333,15.28
2008-10-01,10.0,19.070967741935487,5.47741935483871,129.6,8.98709677419355,19.638709677419353
2008-11-01,57.6,20.39333333333333,8.173333333333334,136.7,10.123333333333333,22.31
2008-12-01,83.39999999999999,21.37741935483871,8.770967741935483,156.3,10.993548387096775,25.26774193548387
2009-01-01,0.8,28.529032258064515,10.46774193548387,248.4,9.651612903225805,30.838709677419356
2009-02-01,2.2,27.321428571428573,11.889285714285714,180.7,11.625,22.985714285714288
2009-03-01,40.199999999999996,22.94193548387097,9.938709677419356,122.3,12.329032258064515,16.43548387096774
2009-04-01,33.0,18.043333333333333,6.306666666666667,77.7,10.653333333333334,12.32
2009-05-01,20.0,14.890322580645162,5.554838709677419,41.6,10.219354838709679,7.790322580645161
2009-06-01,58.199999999999996,11.753333333333334,3.783333333333333,25.7,9.34,6.173333333333333
2009-07-01,67.2,10.696774193548388,3.519354838709677,35.4,8.435483870967742,6.493548387096775
2009-08-01,64.8,12.54516129032258,4.187096774193549,59.3,8.787096774193548,9.419354838709678
2009-09-01,89.8,14.323333333333332,4.786666666666666,76.0,9.013333333333332,13.229999999999999
2009-10-01,31.8,16.532258064516128,6.04516129032258,98.4,9.654838709677419,19.5
2009-11-01,113.0,25.053333333333335,11.243333333333334,168.1,12.333333333333334,22.509999999999998
2009-12-01,32.0,23.9741935483871,9.661290322580646,181.4,10.929032258064517,27.38064516129032
2010-01-01,25.8,26.925806451612903,11.016129032258064,208.0,11.319354838709677,26.97741935483871
2010-02-01,26.000000000000004,27.139285714285712,13.6,163.1,13.928571428571429,22.650000000000002
2010-03-01,118.3,22.938709677419357,11.693548387096774,116.1,12.593548387096773,16.729032258064517
2010-04-01,58.2,18.496666666666666,9.756666666666666,68.0,12.513333333333332,10.413333333333332
2010-05-01,33.2,14.33548387096774,4.97741935483871,39.2,10.716129032258063,7.912903225806451
2010-06-01,43.6,10.686666666666667,2.296666666666667,25.1,8.996666666666666,6.2
2010-07-01,55.0,10.403225806451612,3.0903225806451613,26.0,8.858064516129033,6.087096774193548
2010-08-01,161.0,9.98709677419355,3.4000000000000004,40.2,8.606451612903227,8.903225806451612
2010-09-01,107.8,12.293333333333333,5.010000000000001,52.5,9.479999999999999,12.886666666666667
2010-10-01,92.8,16.86774193548387,6.254838709677419,100.2,10.706451612903225,19.383870967741935
2010-11-01,100.6,19.33,8.643333333333334,112.1,12.153333333333334,20.55666666666667
2010-12-01,58.4,21.874193548387098,9.422580645161291,136.2,12.893548387096773,23.45483870967742
2011-01-01,216.0,24.612903225806452,12.654838709677419,161.3,14.62258064516129,24.55483870967742
2011-02-01,118.20000000000002,23.285714285714285,12.164285714285715,107.1,15.357142857142858,20.017857142857142
2011-03-01,20.4,20.04516129032258,9.983870967741936,92.1,12.980645161290324,15.86774193548387
2011-04-01,31.2,17.98,7.156666666666666,62.9,11.59,12.433333333333334
2011-05-01,65.4,12.338709677419354,5.377419354838709,34.1,10.05483870967742,6.77741935483871
2011-06-01,41.0,11.620000000000001,3.9,31.0,9.443333333333333,6.363333333333333
2011-07-01,49.6,10.45483870967742,3.925806451612903,32.9,8.751612903225807,6.387096774193548
2011-08-01,46.8,13.148387096774194,3.896774193548387,45.4,9.948387096774193,9.803225806451612
2011-09-01,54.8,14.986666666666668,4.263333333333334,80.1,9.763333333333332,13.803333333333335
2011-10-01,65.6,17.345161290322583,6.735483870967743,97.2,11.193548387096774,16.19677419354839
2011-11-01,92.8,21.3,9.633333333333333,128.1,12.963333333333333,20.316666666666666
2011-12-01,25.4,23.096774193548388,9.87741935483871,170.5,12.183870967741935,27.119354838709675
2012-01-01,22.2,26.570967741935487,12.51290322580645,207.9,13.319354838709677,25.470967741935485
2012-02-01,87.2,25.67241379310345,12.389655172413793,149.9,14.141379310344828,20.362068965517242
2012-03-01,50.8,20.470967741935485,9.825806451612904,103.9,13.041935483870969,15.86774193548387
2012-04-01,44.6,19.026666666666664,6.856666666666667,74.1,12.513333333333332,12.493333333333334
2012-05-01,51.4,13.55483870967742,4.629032258064516,46.4,10.303225806451612,7.961290322580646
2012-06-01,81.2,10.753333333333334,3.76,29.8,9.07,5.676666666666667
2012-07-01,83.0,10.890322580645162,3.512903225806452,29.4,9.112903225806452,6.467741935483871
2012-08-01,70.0,11.096774193548388,3.2419354838709675,50.9,8.72258064516129,10.006451612903225
2012-09-01,45.6,14.57,4.743333333333334,76.5,9.723333333333333,14.78
2012-10-01,29.8,17.183870967741935,5.506451612903225,108.8,10.087096774193547,17.070967741935487
2012-11-01,33.6,21.603333333333335,8.426666666666668,146.7,11.576666666666666,22.833333333333332
2012-12-01,33.6,23.629032258064516,10.048387096774194,180.3,11.680645161290323,25.832258064516132
2013-01-01,1.8,27.251612903225805,10.825806451612904,226.2,11.683870967741935,28.77741935483871
2013-02-01,115.2,27.70357142857143,12.796428571428573,164.5,14.210714285714285,23.071428571428573
2013-03-01,12.4,24.35483870967742,11.922580645161291,147.9,12.838709677419354,17.716129032258067
2013-04-01,11.0,19.23,7.19,75.3,12.3,11.743333333333334
2013-05-01,41.4,14.558064516129033,4.796774193548386,49.6,10.154838709677419,7.890322580645161
2013-06-01,49.0,11.726666666666667,3.243333333333333,25.7,9.71,6.346666666666667
2013-07-01,73.0,11.370967741935484,3.696774193548387,33.2,9.358064516129033,6.487096774193549
2013-08-01,73.6,12.303225806451612,4.22258064516129,49.6,9.625806451612902,9.535483870967743
2013-09-01,62.2,15.966666666666667,5.923333333333333,76.7,11.113333333333333,14.07
2013-10-01,70.8,16.329032258064515,5.693548387096774,104.3,10.058064516129033,17.596774193548388
2013-11-01,35.8,18.41,7.823333333333333,118.1,10.773333333333333,20.62
2013-12-01,26.0,23.687096774193552,8.787096774193548,176.1,11.32258064516129,25.461290322580645
2014-01-01,20.599999999999998,28.164516129032258,13.003225806451614,220.9,12.038709677419355,28.316129032258065
2014-02-01,6.2,28.014285714285712,12.382142857142856,176.2,11.817857142857141,23.678571428571427
2014-03-01,26.599999999999998,23.86774193548387,10.351612903225806,116.6,12.780645161290321,15.887096774193548
2014-04-01,71.2,17.540000000000003,9.129999999999999,66.3,12.229999999999999,10.76
2014-05-01,28.2,15.496774193548386,6.180645161290323,44.3,11.12258064516129,7.764516129032257
2014-06-01,84.0,11.456666666666667,5.443333333333333,28.6,10.31,5.366666666666666
2014-07-01,58.4,10.238709677419354,3.0258064516129033,29.3,9.038709677419355,6.52258064516129
2014-08-01,35.2,12.129032258064516,2.729032258064516,43.9,9.406451612903227,10.64516129032258
2014-09-01,45.3,15.676666666666668,4.760000000000001,77.0,10.153333333333334,13.883333333333333
2014-10-01,33.6,19.451612903225808,6.103225806451612,119.8,11.083870967741936,18.64516129032258
2014-11-01,41.2,22.433333333333334,7.66,156.8,10.323333333333332,21.706666666666667
2014-12-01,10.6,24.36774193548387,9.841935483870968,170.3,11.883870967741935,25.274193548387096
