date,rainfall_mm,TMax,TMin,Evap,VP,Rad
1889-01-01,103.7,23.20967741935484,14.012903225806452,189.4,15.129032258064516,22.103225806451615
1889-02-01,44.8,22.889285714285712,13.232142857142858,159.0,14.182142857142859,19.646428571428572
1889-03-01,25.3,22.783870967741933,13.235483870967743,125.7,13.180645161290323,15.416129032258064
1889-04-01,93.6,19.756666666666668,12.263333333333332,77.5,13.616666666666667,10.606666666666666
1889-05-01,75.8,17.041935483870965,10.787096774193548,52.5,11.93225806451613,7.33225806451613
1889-06-01,182.4,14.416666666666666,9.020000000000001,38.5,10.706666666666667,6.033333333333333
1889-07-01,78.8,14.151612903225805,7.138709677419355,43.9,9.416129032258064,6.767741935483872
1889-08-01,75.7,15.241935483870968,7.845161290322581,59.2,9.651612903225805,9.577419354838709
1889-09-01,83.6,15.71,7.803333333333333,77.0,9.396666666666667,13.233333333333333
1889-10-01,144.8,18.55806451612903,10.483870967741936,106.7,12.038709677419355,16.925806451612903
1889-11-01,47.3,20.013333333333332,11.72,132.1,13.06,20.02
1889-12-01,44.9,22.26774193548387,12.2,163.7,12.964516129032257,22.096774193548388
1890-01-01,26.299999999999997,25.980645161290322,15.870967741935484,189.4,16.28709677419355,22.5
1890-02-01,28.3,24.760714285714283,16.1,159.0,17.135714285714286,19.771428571428572
1890-03-01,45.8,23.40967741935484,15.187096774193549,125.7,15.783870967741937,15.361290322580645
1890-04-01,38.6,20.723333333333336,12.46,77.5,13.020000000000001,10.966666666666667
1890-05-01,72.10000000000001,18.019354838709678,11.01290322580645,52.5,12.316129032258065,7.393548387096774
1890-06-01,34.6,15.353333333333333,9.613333333333333,38.5,11.13,6.076666666666667
1890-07-01,93.9,14.370967741935484,6.699999999999999,43.9,9.16451612903226,6.841935483870968
1890-08-01,151.1,14.951612903225806,7.951612903225806,59.2,9.712903225806452,9.438709677419356
1890-09-01,89.8,16.676666666666666,9.04,77.0,11.04,12.936666666666667
1890-10-01,138.6,17.783870967741933,9.564516129032258,106.7,10.399999999999999,17.106451612903225
1890-11-01,92.19999999999999,19.196666666666665,10.726666666666667,132.1,11.17,20.32
1890-12-01,41.8,21.6,11.95483870967742,163.7,12.19032258064516,22.164516129032258
1891-01-01,62.8,23.793548387096774,12.600000000000001,189.4,12.516129032258064,22.774193548387096
1891-02-01,15.7,23.77857142857143,13.164285714285715,159.0,12.325000000000001,20.37142857142857
1891-03-01,44.8,24.719354838709677,14.393548387096773,125.7,13.861290322580645,15.66451612903226
1891-04-01,43.099999999999994,19.936666666666667,12.196666666666665,77.5,12.623333333333333,10.843333333333334
1891-05-01,58.3,19.0258064516129,10.212903225806452,52.5,11.680645161290323,7.699999999999999
1891-06-01,177.1,16.06,9.68,38.5,11.55,6.183333333333334
1891-07-01,109.89999999999999,13.961290322580645,7.470967741935484,43.9,9.687096774193549,6.932258064516129
1891-08-01,55.8,15.94516129032258,7.387096774193548,59.2,10.14516129032258,9.709677419354838
1891-09-01,61.1,16.630000000000003,8.566666666666666,77.0,10.146666666666667,13.526666666666667
1891-10-01,95.6,18.190322580645162,10.896774193548387,106.7,11.519354838709678,17.138709677419353
1891-11-01,123.1,19.59,12.236666666666668,132.1,12.246666666666666,20.44333333333333
1891-12-01,89.3,20.858064516129033,11.570967741935483,163.7,12.751612903225807,22.31935483870968
1892-01-01,20.3,22.93548387096774,12.209677419354838,189.4,14.619354838709677,22.293548387096774
1892-02-01,4.8,23.87241379310345,13.53793103448276,163.8,14.617241379310345,20.13448275862069
1892-03-01,72.9,23.12258064516129,13.280645161290321,125.7,15.564516129032258,14.970967741935485
1892-04-01,104.19999999999999,18.77,10.693333333333333,77.5,12.686666666666667,10.620000000000001
1892-05-01,74.5,16.335483870967742,9.425806451612903,52.5,11.080645161290322,7.412903225806452
1892-06-01,120.3,13.82,8.916666666666666,38.5,10.803333333333335,6.1433333333333335
1892-07-01,93.4,13.754838709677419,7.151612903225806,43.9,9.583870967741936,6.9
1892-08-01,65.2,14.82258064516129,8.496774193548386,59.2,10.519354838709678,9.635483870967741
1892-09-01,91.2,15.956666666666667,9.076666666666666,77.0,10.963333333333333,13.443333333333333
1892-10-01,37.7,16.919354838709676,9.780645161290321,106.7,11.929032258064517,17.225806451612904
1892-11-01,50.9,21.863333333333333,11.2,132.1,13.423333333333334,20.803333333333335
1892-12-01,106.4,19.906451612903226,11.329032258064515,163.7,12.82258064516129,22.361290322580647
1893-01-01,20.4,22.35483870967742,13.383870967741936,189.4,14.51290322580645,22.322580645161292
1893-02-01,5.1,25.017857142857142,13.535714285714286,159.0,13.671428571428573,19.978571428571428
1893-03-01,32.7,22.896774193548385,13.306451612903226,125.7,14.480645161290322,15.416129032258064
1893-04-01,33.3,19.813333333333333,11.776666666666667,77.5,12.696666666666665,10.903333333333334
1893-05-01,130.6,17.0258064516129,11.2,52.5,12.312903225806451,7.380645161290323
1893-06-01,138.5,13.786666666666667,7.9,38.5,10.226666666666667,6.173333333333333
1893-07-01,80.2,13.016129032258064,7.4,43.9,9.974193548387097,6.938709677419355
1893-08-01,113.6,14.922580645161291,7.803225806451613,59.2,10.070967741935483,9.748387096774193
1893-09-01,121.5,15.793333333333333,9.15,77.0,10.54,13.42
1893-10-01,85.39999999999999,19.01290322580645,9.980645161290322,106.7,12.26774193548387,17.858064516129033
1893-11-01,58.4,18.94333333333333,11.53,132.1,12.466666666666667,20.503333333333334
1893-12-01,41.5,22.84193548387097,12.493548387096775,163.7,14.54516129032258,22.580645161290324
1894-01-01,18.6,22.874193548387098,14.280645161290321,189.4,16.4,22.687096774193545
1894-02-01,19.6,23.150000000000002,14.217857142857143,159.0,14.703571428571427,20.239285714285717
1894-03-01,24.0,22.33225806451613,13.754838709677419,125.7,15.26774193548387,15.432258064516128
1894-04-01,88.5,19.986666666666668,11.433333333333334,77.5,13.263333333333332,10.889999999999999
1894-05-01,48.8,16.15483870967742,9.161290322580646,52.5,11.512903225806452,7.696774193548387
1894-06-01,79.1,15.93,8.806666666666667,38.5,10.9,6.526666666666667
1894-07-01,213.6,12.919354838709678,6.993548387096775,43.9,9.62258064516129,6.758064516129032
1894-08-01,74.2,14.687096774193549,8.203225806451613,59.2,9.680645161290323,9.8
1894-09-01,97.1,15.553333333333335,7.696666666666667,77.0,9.84,13.466666666666667
1894-10-01,145.3,21.019354838709678,10.980645161290322,106.7,12.496774193548386,17.14516129032258
1894-11-01,17.9,21.976666666666667,10.96,132.1,12.936666666666667,20.55666666666667
1894-12-01,103.19999999999999,21.570967741935487,13.40967741935484,163.7,14.558064516129033,22.17096774193548
1895-01-01,38.6,23.312903225806455,13.864516129032259,189.4,15.006451612903225,22.79032258064516
1895-02-01,11.6,25.8,15.12142857142857,159.0,15.75357142857143,20.625
1895-03-01,48.8,22.051612903225806,13.190322580645162,125.7,15.041935483870969,15.47741935483871
1895-04-01,64.6,20.043333333333333,12.076666666666666,77.5,13.270000000000001,11.063333333333333
1895-05-01,72.7,15.941935483870967,9.7,52.5,11.248387096774193,7.516129032258065
1895-06-01,99.1,15.22,8.386666666666667,38.5,10.943333333333333,6.233333333333333
1895-07-01,82.6,13.587096774193547,6.364516129032259,43.9,9.0,6.961290322580646
1895-08-01,135.79999999999998,16.2,8.69032258064516,59.2,10.916129032258064,9.548387096774194
1895-09-01,92.0,15.586666666666668,7.923333333333334,77.0,10.21,13.57
1895-10-01,53.300000000000004,19.458064516129035,10.54516129032258,106.7,13.100000000000001,18.261290322580646
1895-11-01,13.5,20.3,10.873333333333333,132.1,12.81,21.96333333333333
1895-12-01,83.1,21.87741935483871,12.625806451612902,163.7,14.374193548387098,23.229032258064517
1896-01-01,71.0,23.216129032258067,13.587096774193547,189.4,15.219354838709679,21.82903225806452
1896-02-01,77.8,22.582758620689653,14.737931034482758,163.8,16.617241379310343,18.913793103448278
1896-03-01,42.199999999999996,20.864516129032257,13.135483870967741,125.7,13.96774193548387,15.274193548387096
1896-04-01,99.0,18.433333333333334,11.506666666666666,77.5,12.916666666666666,11.370000000000001
1896-05-01,98.1,16.225806451612904,10.029032258064515,52.5,11.380645161290323,7.690322580645161
1896-06-01,98.8,14.226666666666667,8.336666666666666,38.5,10.503333333333334,6.573333333333333
1896-07-01,114.2,12.72258064516129,6.806451612903226,43.9,9.448387096774193,7.238709677419355
1896-08-01,73.9,14.464516129032257,7.470967741935484,59.2,9.674193548387096,9.829032258064515
1896-09-01,54.4,16.383333333333333,7.930000000000001,77.0,10.706666666666667,14.253333333333334
1896-10-01,31.900000000000002,19.993548387096773,9.748387096774193,106.7,12.635483870967741,18.23225806451613
1896-11-01,25.7,22.976666666666667,11.506666666666666,132.1,13.643333333333334,22.116666666666667
1896-12-01,45.4,24.05483870967742,13.138709677419355,163.7,14.935483870967742,23.200000000000003
1897-01-01,66.1,22.396774193548385,13.04516129032258,189.4,15.796774193548387,22.151612903225807
1897-02-01,25.9,23.75357142857143,14.728571428571428,159.0,16.382142857142856,19.125
1897-03-01,71.8,20.6,12.17741935483871,125.7,13.116129032258065,15.37741935483871
1897-04-01,59.8,19.540000000000003,11.503333333333334,77.5,13.143333333333334,10.566666666666666
1897-05-01,95.5,15.764516129032257,9.483870967741936,52.5,10.616129032258065,7.516129032258065
1897-06-01,38.3,15.063333333333334,9.139999999999999,38.5,10.9,5.883333333333334
1897-07-01,111.3,14.01290322580645,8.52258064516129,43.9,11.158064516129034,6.97741935483871
1897-08-01,61.6,14.929032258064517,6.470967741935484,59.2,10.141935483870967,9.841935483870968
1897-09-01,22.9,17.746666666666666,8.686666666666667,77.0,11.206666666666667,13.716666666666667
1897-10-01,58.8,18.23548387096774,11.161290322580646,106.7,11.225806451612904,18.051612903225806
1897-11-01,38.9,20.663333333333334,13.956666666666667,132.1,12.666666666666666,20.953333333333333
1897-12-01,2.6,25.49032258064516,15.55483870967742,163.7,15.080645161290322,22.81935483870968
1898-01-01,10.7,24.896774193548385,15.667741935483871,189.4,13.832258064516129,24.009677419354837
1898-02-01,38.1,25.32857142857143,17.41785714285714,159.0,15.525,21.20357142857143
1898-03-01,38.9,23.480645161290322,15.174193548387096,125.7,12.490322580645161,16.31290322580645
1898-04-01,69.4,19.07,12.656666666666666,77.5,11.486666666666668,11.083333333333334
1898-05-01,64.8,15.390322580645162,8.848387096774195,52.5,9.216129032258063,7.716129032258064
1898-06-01,102.4,14.41,9.613333333333333,38.5,9.526666666666667,6.37
1898-07-01,93.0,13.109677419354838,8.45483870967742,43.9,9.16451612903226,6.967741935483871
1898-08-01,44.6,14.883870967741935,9.570967741935483,59.2,9.73225806451613,9.783870967741937
1898-09-01,61.4,16.066666666666666,10.34,77.0,10.110000000000001,13.566666666666666
1898-10-01,45.9,20.664516129032258,12.04516129032258,106.7,10.283870967741937,17.82903225806452
1898-11-01,68.0,21.87,11.926666666666668,132.1,10.979999999999999,20.503333333333334
1898-12-01,29.5,22.27741935483871,14.63225806451613,163.7,13.041935483870969,23.40967741935484
1899-01-01,132.9,19.306451612903224,13.674193548387096,189.4,12.63225806451613,22.5
1899-02-01,30.9,23.24285714285714,16.232142857142858,159.0,15.435714285714285,20.521428571428572
1899-03-01,144.3,22.15806451612903,14.63225806451613,125.7,13.703225806451613,15.44516129032258
1899-04-01,92.6,18.646666666666665,12.563333333333333,77.5,12.67,11.016666666666667
1899-05-01,139.5,15.219354838709679,10.116129032258065,52.5,10.69032258064516,7.66774193548387
1899-06-01,134.5,13.45,8.756666666666666,38.5,10.106666666666666,6.25
1899-07-01,36.199999999999996,13.154838709677419,6.835483870967742,43.9,8.338709677419354,7.264516129032257
1899-08-01,34.9,13.770967741935483,8.022580645161291,59.2,9.816129032258065,9.95483870967742
1899-09-01,65.2,16.283333333333335,9.0,77.0,10.360000000000001,13.386666666666667
1899-10-01,75.1,16.816129032258065,8.838709677419354,106.7,9.841935483870968,17.835483870967742
1899-11-01,83.5,18.953333333333333,10.916666666666666,132.1,11.703333333333335,20.56
1899-12-01,44.1,22.425806451612903,12.83548387096774,163.7,12.596774193548388,22.706451612903226
1900-01-01,51.2,25.070967741935487,15.8,189.4,13.806451612903226,22.822580645161292
1900-02-01,15.6,23.964285714285715,13.596428571428572,159.0,13.225,20.614285714285717
1900-03-01,81.89999999999999,21.416129032258063,13.01290322580645,125.7,12.94516129032258,15.480645161290324
1900-04-01,99.8,16.656666666666666,11.35,77.5,11.35,10.753333333333334
1900-05-01,42.9,15.22258064516129,10.76774193548387,52.5,10.880645161290323,7.451612903225806
1900-06-01,95.6,14.17,8.96,38.5,9.663333333333332,6.383333333333334
1900-07-01,47.099999999999994,12.606451612903227,7.590322580645162,43.9,8.625806451612902,7.035483870967742
1900-08-01,172.8,13.103225806451613,6.364516129032259,59.2,8.374193548387098,9.600000000000001
1900-09-01,65.7,14.323333333333332,7.153333333333333,77.0,9.433333333333334,13.263333333333332
1900-10-01,51.4,19.73225806451613,6.867741935483871,106.7,10.464516129032257,17.60967741935484
1900-11-01,21.3,20.126666666666665,7.903333333333333,132.1,12.17,21.086666666666666
1900-12-01,40.7,20.706451612903226,10.845161290322581,163.7,13.203225806451613,22.5
1901-01-01,77.0,20.76451612903226,11.167741935483871,189.4,13.55483870967742,23.206451612903226
1901-02-01,3.6,23.38214285714286,13.728571428571428,159.0,15.560714285714285,20.489285714285717
1901-03-01,41.4,21.309677419354838,12.029032258064515,125.7,13.12258064516129,16.03548387096774
1901-04-01,91.1,17.65,10.353333333333333,77.5,11.543333333333333,11.286666666666667
1901-05-01,62.2,17.625806451612902,9.203225806451613,52.5,10.51290322580645,7.84516129032258
1901-06-01,138.2,12.553333333333335,6.72,38.5,7.843333333333334,6.4399999999999995
1901-07-01,67.0,12.458064516129031,6.151612903225806,43.9,8.76774193548387,7.112903225806452
1901-08-01,76.9,13.151612903225805,6.541935483870968,59.2,9.13225806451613,9.82258064516129
1901-09-01,78.6,16.276666666666667,8.106666666666667,77.0,9.673333333333334,13.746666666666666
1901-10-01,69.7,17.219354838709677,8.935483870967742,106.7,10.67741935483871,18.364516129032257
1901-11-01,45.0,21.716666666666665,10.72,132.1,12.226666666666667,21.303333333333335
1901-12-01,21.0,22.638709677419353,11.303225806451612,163.7,12.480645161290322,23.738709677419354
1902-01-01,34.7,22.348387096774193,11.80967741935484,189.4,13.119354838709677,23.432258064516127
1902-02-01,77.6,20.817857142857143,11.096428571428572,159.0,13.678571428571429,20.77857142857143
1902-03-01,55.5,19.86774193548387,11.73225806451613,125.7,12.464516129032257,16.461290322580645
1902-04-01,18.6,18.959999999999997,11.32,77.5,11.856666666666666,11.743333333333334
1902-05-01,37.1,16.94193548387097,10.19032258064516,52.5,11.129032258064516,8.22258064516129
1902-06-01,125.3,13.73,8.323333333333334,38.5,9.563333333333333,6.673333333333333
1902-07-01,90.3,13.83548387096774,8.399999999999999,43.9,8.86774193548387,7.390322580645161
1902-08-01,62.1,13.425806451612903,7.416129032258064,59.2,8.90967741935484,10.264516129032257
1902-09-01,69.5,15.426666666666668,8.26,77.0,9.686666666666667,14.103333333333333
1902-10-01,45.7,17.916129032258063,10.345161290322581,106.7,11.212903225806452,18.448387096774194
1902-11-01,46.1,22.723333333333336,12.08,132.1,11.756666666666666,21.956666666666667
1902-12-01,90.2,20.154838709677417,12.348387096774195,163.7,13.76774193548387,22.95483870967742
1903-01-01,32.3,20.848387096774193,13.025806451612903,189.4,13.029032258064515,22.822580645161292
1903-02-01,63.1,22.271428571428572,13.071428571428571,159.0,13.214285714285714,20.053571428571427
1903-03-01,52.6,21.787096774193547,13.03225806451613,125.7,13.587096774193547,16.480645161290322
1903-04-01,158.0,18.196666666666665,11.116666666666667,77.5,11.81,10.986666666666668
1903-05-01,86.4,14.961290322580645,9.058064516129033,52.5,10.283870967741937,7.496774193548387
1903-06-01,122.0,12.823333333333332,7.6,38.5,9.063333333333333,6.183333333333334
1903-07-01,96.4,12.680645161290323,6.596774193548387,43.9,9.0,7.141935483870968
1903-08-01,74.6,13.135483870967741,7.47741935483871,59.2,8.774193548387096,9.680645161290323
1903-09-01,88.5,15.01,8.92,77.0,9.276666666666667,13.573333333333332
1903-10-01,75.2,19.348387096774193,10.861290322580645,106.7,11.596774193548388,17.761290322580646
1903-11-01,54.3,20.006666666666668,12.023333333333333,132.1,13.106666666666666,20.936666666666667
1903-12-01,39.6,19.787096774193547,12.406451612903227,163.7,12.716129032258063,23.029032258064515
1904-01-01,97.7,22.32903225806452,13.399999999999999,189.4,13.570967741935483,22.848387096774193
1904-02-01,67.6,22.0,13.675862068965518,163.8,13.320689655172414,20.058620689655175
1904-03-01,46.3,18.69677419354839,12.577419354838709,125.7,12.361290322580645,15.419354838709678
1904-04-01,33.2,20.60666666666667,12.729999999999999,77.5,12.386666666666667,11.44
1904-05-01,105.1,17.864516129032257,10.151612903225805,52.5,11.16451612903226,7.683870967741935
1904-06-01,82.7,13.806666666666667,8.293333333333333,38.5,9.643333333333334,6.34
1904-07-01,107.5,12.87741935483871,7.338709677419355,43.9,9.067741935483872,6.964516129032258
1904-08-01,66.4,14.03225806451613,7.458064516129032,59.2,8.687096774193549,9.848387096774195
1904-09-01,59.0,14.860000000000001,7.1,77.0,8.713333333333333,14.216666666666667
1904-10-01,75.5,17.838709677419356,9.819354838709677,106.7,11.264516129032257,18.27741935483871
1904-11-01,54.6,19.44,10.173333333333334,132.1,11.69,21.73
1904-12-01,10.2,22.04516129032258,12.01290322580645,163.7,12.264516129032257,23.58709677419355
1905-01-01,34.9,24.006451612903227,13.35483870967742,189.4,14.041935483870969,22.470967741935485
1905-02-01,42.699999999999996,21.307142857142857,12.478571428571428,159.0,13.589285714285714,19.917857142857144
1905-03-01,26.1,20.509677419354837,12.23225806451613,125.7,12.519354838709678,15.254838709677419
1905-04-01,36.7,19.163333333333334,11.816666666666666,77.5,12.523333333333333,10.943333333333333
1905-05-01,91.1,16.551612903225806,10.070967741935483,52.5,10.619354838709677,7.403225806451613
1905-06-01,137.0,13.133333333333333,7.9,38.5,9.25,6.086666666666667
1905-07-01,160.9,12.519354838709678,6.612903225806452,43.9,8.238709677419354,6.848387096774194
1905-08-01,99.5,13.754838709677419,7.04516129032258,59.2,8.212903225806452,9.667741935483871
1905-09-01,97.5,12.846666666666666,6.243333333333334,77.0,8.006666666666666,13.156666666666666
1905-10-01,64.39999999999999,15.203225806451613,7.6,106.7,9.22258064516129,16.861290322580647
1905-11-01,70.39999999999999,18.706666666666667,9.586666666666668,132.1,11.16,20.35
1905-12-01,36.800000000000004,20.17096774193548,11.251612903225807,163.7,12.12258064516129,22.799999999999997
1906-01-01,8.4,24.14516129032258,13.654838709677419,189.4,13.064516129032258,22.774193548387096
1906-02-01,8.1,23.814285714285713,14.289285714285715,159.0,14.992857142857144,20.021428571428572
1906-03-01,61.4,20.948387096774194,13.48709677419355,125.7,14.241935483870968,15.264516129032257
1906-04-01,92.3,17.986666666666668,11.28,77.5,12.2,10.860000000000001
1906-05-01,136.7,15.693548387096774,9.851612903225806,52.5,11.138709677419355,7.445161290322581
1906-06-01,108.2,14.463333333333333,8.933333333333334,38.5,10.033333333333333,6.163333333333333
1906-07-01,183.79999999999998,12.87741935483871,7.483870967741935,43.9,8.993548387096775,6.870967741935484
1906-08-01,116.4,13.374193548387098,7.406451612903226,59.2,8.948387096774193,9.396774193548387
1906-09-01,85.19999999999999,15.663333333333332,8.046666666666667,77.0,9.626666666666667,13.096666666666666
1906-10-01,131.5,17.758064516129032,9.119354838709677,106.7,10.370967741935484,17.016129032258064
1906-11-01,124.3,17.14333333333333,9.110000000000001,132.1,10.706666666666667,19.65666666666667
1906-12-01,18.599999999999998,21.32903225806452,11.154838709677419,163.7,12.396774193548387,22.206451612903226
1907-01-01,24.3,20.893548387096775,12.7,189.4,13.841935483870968,23.361290322580647
1907-02-01,10.2,22.207142857142856,12.482142857142858,159.0,12.507142857142856,20.685714285714287
1907-03-01,43.1,19.616129032258065,11.96774193548387,125.7,11.80967741935484,16.232258064516127
1907-04-01,101.4,17.490000000000002,10.85,77.5,11.186666666666667,11.26
1907-05-01,58.699999999999996,17.261290322580646,9.887096774193548,52.5,11.096774193548388,8.05483870967742
1907-06-01,54.4,13.07,8.01,38.5,9.139999999999999,6.463333333333334
1907-07-01,112.7,12.341935483870968,7.703225806451614,43.9,8.758064516129032,7.164516129032258
1907-08-01,109.5,14.625806451612902,8.729032258064517,59.2,9.529032258064515,10.016129032258064
1907-09-01,86.5,16.476666666666667,8.7,77.0,9.863333333333333,13.953333333333335
1907-10-01,114.0,17.887096774193548,9.100000000000001,106.7,9.983870967741936,18.07741935483871
1907-11-01,49.9,21.746666666666666,10.94,132.1,12.69,20.896666666666665
1907-12-01,99.8,20.13225806451613,11.029032258064515,163.7,12.86774193548387,23.429032258064513
1908-01-01,13.5,27.948387096774194,16.232258064516127,189.4,17.538709677419355,23.925806451612903
1908-02-01,19.4,23.29655172413793,14.931034482758621,163.8,15.972413793103447,19.79310344827586
1908-03-01,93.89999999999999,20.5258064516129,12.474193548387097,125.7,13.390322580645162,15.070967741935483
1908-04-01,31.900000000000002,17.95,11.76,77.5,12.106666666666666,10.79
1908-05-01,115.1,14.64516129032258,9.887096774193548,52.5,10.525806451612903,7.5
1908-06-01,159.6,12.09,7.45,38.5,9.133333333333333,6.27
1908-07-01,133.4,12.332258064516129,6.993548387096775,43.9,9.503225806451614,7.164516129032258
1908-08-01,63.6,12.970967741935485,7.1806451612903235,59.2,9.23225806451613,9.796774193548387
1908-09-01,137.0,14.746666666666666,7.290000000000001,77.0,9.633333333333333,13.34
1908-10-01,68.8,17.716129032258067,8.938709677419356,106.7,10.783870967741937,17.490322580645163
1908-11-01,38.9,18.543333333333333,11.586666666666668,132.1,13.103333333333333,21.303333333333335
1908-12-01,30.700000000000003,20.09032258064516,12.612903225806452,163.7,13.600000000000001,22.629032258064516
1909-01-01,64.7,20.08709677419355,12.993548387096775,189.4,13.916129032258064,21.4
1909-02-01,33.4,19.900000000000002,13.457142857142857,159.0,14.921428571428573,20.021428571428572
1909-03-01,76.3,20.322580645161292,13.374193548387098,125.7,15.658064516129032,15.241935483870968
1909-04-01,104.2,15.773333333333333,9.593333333333334,77.5,11.806666666666667,10.8
1909-05-01,121.0,15.290322580645162,9.970967741935485,52.5,11.412903225806453,6.987096774193549
1909-06-01,117.7,12.346666666666666,7.683333333333334,38.5,10.396666666666667,5.796666666666667
1909-07-01,80.39999999999999,12.067741935483872,7.206451612903226,43.9,9.709677419354838,6.825806451612903
1909-08-01,117.2,12.474193548387097,8.261290322580646,59.2,10.619354838709677,8.83548387096774
1909-09-01,57.4,14.473333333333333,8.453333333333333,77.0,11.620000000000001,14.106666666666666
1909-10-01,73.10000000000001,15.780645161290321,9.16451612903226,106.7,12.87741935483871,18.283870967741933
1909-11-01,46.800000000000004,18.576666666666668,10.226666666666667,132.1,12.75,20.753333333333334
1909-12-01,52.199999999999996,17.467741935483872,10.974193548387097,163.7,12.654838709677419,22.312903225806455
1910-01-01,32.7,20.687096774193545,13.845161290322581,189.4,14.603225806451613,21.651612903225807
1910-02-01,19.5,21.667857142857144,14.089285714285714,159.0,15.671428571428573,20.939285714285713
1910-03-01,91.39999999999999,20.261290322580646,14.319354838709678,125.7,13.512903225806452,15.896774193548387
1910-04-01,66.5,17.206666666666667,11.656666666666666,77.5,11.336666666666668,11.893333333333334
1910-05-01,130.4,15.525806451612903,10.5,52.5,11.003225806451614,7.403225806451613
1910-06-01,73.5,13.416666666666666,9.17,38.5,9.693333333333333,6.2266666666666675
1910-07-01,99.7,12.635483870967741,7.693548387096774,43.9,9.312903225806451,7.012903225806451
1910-08-01,112.2,14.770967741935483,8.899999999999999,59.2,9.348387096774195,9.919354838709678
1910-09-01,107.6,14.729999999999999,9.376666666666667,77.0,9.926666666666668,13.563333333333333
1910-10-01,87.6,15.216129032258063,9.345161290322581,106.7,9.606451612903227,17.654838709677417
1910-11-01,48.1,18.59333333333333,11.370000000000001,132.1,11.55,21.05
1910-12-01,89.0,17.97741935483871,11.006451612903225,163.7,11.17741935483871,22.55806451612903
1911-01-01,4.6,19.183870967741935,13.516129032258064,189.4,14.325806451612904,22.33225806451613
1911-02-01,149.0,20.3,15.060714285714285,159.0,15.639285714285714,17.928571428571427
1911-03-01,109.39999999999999,19.177419354838708,13.912903225806453,125.7,14.04516129032258,14.141935483870967
1911-04-01,53.49999999999999,15.66,10.75,77.5,11.233333333333333,11.206666666666667
1911-05-01,70.1,15.038709677419355,10.36774193548387,52.5,11.109677419354838,7.390322580645161
1911-06-01,92.0,12.046666666666665,7.6866666666666665,38.5,9.2,5.8133333333333335
1911-07-01,62.6,12.154838709677419,7.258064516129032,43.9,8.77741935483871,6.912903225806452
1911-08-01,49.3,14.67741935483871,9.890322580645162,59.2,9.648387096774194,9.529032258064515
1911-09-01,106.89999999999999,14.386666666666667,9.413333333333332,77.0,10.823333333333332,12.473333333333333
1911-10-01,44.4,15.112903225806452,9.783870967741937,106.7,10.780645161290321,17.916129032258063
1911-11-01,9.3,18.529999999999998,10.946666666666665,132.1,11.713333333333333,21.896666666666665
1911-12-01,93.8,17.55806451612903,11.596774193548388,163.7,10.774193548387096,21.72258064516129
1912-01-01,9.2,20.10967741935484,12.66451612903226,189.4,12.812903225806451,23.906451612903226
1912-02-01,21.9,22.024137931034485,15.593103448275862,163.8,14.413793103448276,19.53793103448276
1912-03-01,22.599999999999998,20.041935483870965,14.093548387096773,125.7,13.667741935483871,15.616129032258065
1912-04-01,82.1,16.11,11.736666666666668,77.5,11.323333333333332,10.99
1912-05-01,70.6,15.306451612903226,10.109677419354838,52.5,9.77741935483871,8.238709677419354
1912-06-01,39.9,13.139999999999999,9.363333333333333,38.5,9.923333333333334,6.403333333333333
1912-07-01,45.6,12.093548387096773,7.919354838709677,43.9,8.96774193548387,7.003225806451613
1912-08-01,88.6,13.641935483870967,8.680645161290323,59.2,9.080645161290322,9.858064516129033
1912-09-01,188.5,14.66,8.48,77.0,9.229999999999999,13.4
1912-10-01,77.8,15.7,9.216129032258063,106.7,10.838709677419354,18.080645161290324
1912-11-01,58.199999999999996,16.673333333333332,10.889999999999999,132.1,11.95,19.706666666666667
1912-12-01,43.6,19.36774193548387,11.958064516129031,163.7,13.196774193548388,23.493548387096773
1913-01-01,26.299999999999997,19.990322580645163,12.929032258064517,189.4,13.906451612903227,23.15806451612903
1913-02-01,30.2,20.842857142857145,13.821428571428571,159.0,15.203571428571427,20.40357142857143
1913-03-01,102.9,17.596774193548388,12.138709677419355,125.7,14.625806451612902,14.64516129032258
1913-04-01,31.9,17.783333333333335,12.57,77.5,13.086666666666668,11.273333333333333
1913-05-01,48.4,13.745161290322581,10.01290322580645,52.5,10.296774193548387,7.554838709677419
1913-06-01,50.2,12.916666666666666,9.01,38.5,9.7,6.746666666666667
1913-07-01,45.8,12.803225806451612,8.358064516129033,43.9,8.87741935483871,7.203225806451612
1913-08-01,105.9,13.019354838709678,7.974193548387097,59.2,9.254838709677419,10.138709677419355
1913-09-01,107.1,13.856666666666666,9.003333333333334,77.0,10.236666666666668,13.35
1913-10-01,47.7,16.887096774193548,9.59032258064516,106.7,12.370967741935484,17.490322580645163
1913-11-01,73.6,15.953333333333335,9.226666666666667,132.1,12.203333333333335,21.15
1913-12-01,41.900000000000006,20.983870967741936,12.493548387096775,163.7,14.241935483870968,23.67096774193548
1914-01-01,41.0,19.348387096774193,12.3,189.4,12.770967741935483,23.419354838709676
1914-02-01,7.699999999999999,22.32857142857143,13.735714285714286,159.0,15.37857142857143,20.639285714285712
1914-03-01,42.6,20.951612903225808,13.2,125.7,14.719354838709679,15.245161290322581
1914-04-01,105.5,16.98,10.396666666666667,77.5,11.870000000000001,10.646666666666667
1914-05-01,84.5,15.54516129032258,8.283870967741937,52.5,10.932258064516128,7.680645161290323
1914-06-01,40.2,13.67,6.8533333333333335,38.5,9.373333333333333,6.5600000000000005
1914-07-01,88.7,12.203225806451613,5.206451612903226,43.9,9.116129032258065,7.090322580645161
1914-08-01,29.2,14.509677419354839,6.825806451612903,59.2,9.422580645161291,10.32258064516129
1914-09-01,50.199999999999996,14.193333333333333,8.243333333333334,77.0,9.2,14.113333333333333
1914-10-01,6.5,19.29032258064516,12.33548387096774,106.7,12.167741935483871,19.138709677419353
1914-11-01,59.699999999999996,18.456666666666667,12.003333333333334,132.1,12.296666666666665,20.64333333333333
1914-12-01,80.8,18.416129032258063,13.596774193548388,163.7,14.003225806451614,20.983870967741936
1915-01-01,37.9,19.983870967741936,13.35483870967742,189.4,12.04516129032258,23.432258064516127
1915-02-01,11.1,21.232142857142858,14.235714285714286,159.0,13.939285714285715,19.86785714285714
1915-03-01,52.6,18.52258064516129,11.864516129032259,125.7,12.129032258064516,15.348387096774195
1915-04-01,68.2,16.583333333333332,11.686666666666667,77.5,12.09,11.28
1915-05-01,112.8,13.941935483870967,8.96774193548387,52.5,10.593548387096773,7.516129032258065
1915-06-01,165.5,12.913333333333332,8.433333333333334,38.5,9.746666666666666,6.010000000000001
1915-07-01,112.19999999999999,13.296774193548387,8.55483870967742,43.9,10.329032258064515,6.880645161290323
1915-08-01,90.8,13.264516129032257,8.229032258064516,59.2,10.46774193548387,9.574193548387097
1915-09-01,118.89999999999999,15.396666666666667,8.783333333333333,77.0,9.586666666666668,14.08
1915-10-01,93.0,14.993548387096775,9.129032258064516,106.7,10.187096774193549,17.812903225806455
1915-11-01,50.7,15.82,9.726666666666667,132.1,11.543333333333333,21.16
1915-12-01,4.8999999999999995,18.59032258064516,11.283870967741937,163.7,11.425806451612903,23.4741935483871
1916-01-01,81.5,20.635483870967743,13.19032258064516,189.4,13.90967741935484,22.129032258064516
1916-02-01,14.1,20.086206896551722,14.024137931034483,163.8,14.289655172413795,20.50689655172414
1916-03-01,8.5,20.16774193548387,12.283870967741937,125.7,12.8,16.903225806451612
1916-04-01,56.5,17.279999999999998,11.456666666666667,77.5,10.116666666666667,10.316666666666666
1916-05-01,63.900000000000006,15.451612903225806,9.629032258064516,52.5,9.96774193548387,7.751612903225807
1916-06-01,126.6,12.883333333333333,7.823333333333333,38.5,9.246666666666666,5.739999999999999
1916-07-01,63.3,12.364516129032259,7.729032258064516,43.9,9.109677419354838,6.551612903225807
1916-08-01,140.9,12.816129032258065,7.267741935483872,59.2,9.345161290322581,9.419354838709678
1916-09-01,115.2,14.729999999999999,9.246666666666666,77.0,9.936666666666667,12.6
1916-10-01,78.3,15.838709677419354,9.432258064516128,106.7,11.448387096774193,16.638709677419353
1916-11-01,86.9,15.69,10.686666666666667,132.1,11.676666666666668,19.19
1916-12-01,84.7,19.596774193548388,13.370967741935484,163.7,13.577419354838709,22.083870967741937
1917-01-01,29.599999999999998,19.967741935483872,12.903225806451612,189.4,14.27741935483871,22.44193548387097
1917-02-01,58.300000000000004,19.885714285714283,13.907142857142857,159.0,14.785714285714286,19.332142857142856
1917-03-01,45.0,18.541935483870965,13.303225806451612,125.7,14.083870967741936,14.912903225806453
1917-04-01,91.9,15.82,11.506666666666666,77.5,12.083333333333334,10.913333333333332
1917-05-01,205.1,13.819354838709677,8.993548387096775,52.5,10.30967741935484,7.241935483870968
1917-06-01,59.6,13.520000000000001,8.629999999999999,38.5,10.386666666666667,5.88
1917-07-01,158.8,12.683870967741935,8.206451612903226,43.9,10.05483870967742,6.529032258064516
1917-08-01,87.8,14.161290322580646,8.509677419354839,59.2,9.864516129032259,9.780645161290321
1917-09-01,115.8,15.203333333333335,8.91,77.0,10.356666666666666,13.736666666666668
1917-10-01,161.0,16.083870967741937,9.596774193548388,106.7,11.006451612903225,16.125806451612902
1917-11-01,73.6,16.77,10.793333333333333,132.1,12.456666666666667,19.953333333333333
1917-12-01,28.2,20.951612903225808,14.103225806451613,163.7,14.587096774193547,23.05483870967742
1918-01-01,26.500000000000004,21.816129032258065,15.03225806451613,189.4,15.712903225806452,22.993548387096773
1918-02-01,37.0,20.857142857142858,14.532142857142858,159.0,16.00357142857143,19.842857142857145
1918-03-01,34.9,19.948387096774194,14.12258064516129,125.7,14.245161290322581,15.44516129032258
1918-04-01,49.9,17.123333333333335,12.703333333333335,77.5,14.45,10.84
1918-05-01,115.0,16.125806451612902,11.274193548387096,52.5,12.196774193548388,7.32258064516129
1918-06-01,107.0,14.203333333333335,9.053333333333335,38.5,10.813333333333333,6.343333333333334
1918-07-01,85.8,12.27741935483871,7.664516129032258,43.9,9.406451612903227,7.061290322580645
1918-08-01,67.1,13.712903225806452,9.074193548387097,59.2,10.870967741935484,9.067741935483872
1918-09-01,56.8,16.41,9.956666666666667,77.0,11.19,15.113333333333335
1918-10-01,126.0,15.432258064516128,10.680645161290323,106.7,11.319354838709677,17.22258064516129
1918-11-01,18.2,17.183333333333334,10.95,132.1,11.863333333333333,21.236666666666668
1918-12-01,43.0,19.070967741935487,12.087096774193547,163.7,12.96774193548387,23.44193548387097
1919-01-01,17.3,19.990322580645163,12.64516129032258,189.4,13.051612903225806,23.95483870967742
1919-02-01,86.4,22.053571428571427,15.332142857142857,159.0,15.914285714285715,18.84642857142857
1919-03-01,92.0,17.73225806451613,13.583870967741934,125.7,13.051612903225807,14.100000000000001
1919-04-01,11.399999999999999,19.46333333333333,13.360000000000001,77.5,12.629999999999999,11.436666666666667
1919-05-01,95.19999999999999,15.67741935483871,11.648387096774194,52.5,12.029032258064515,7.496774193548387
1919-06-01,94.9,13.3,9.793333333333333,38.5,9.613333333333333,6.71
1919-07-01,98.6,12.441935483870967,8.612903225806452,43.9,7.716129032258065,7.67741935483871
1919-08-01,60.4,14.35483870967742,8.425806451612903,59.2,9.12258064516129,10.029032258064515
1919-09-01,84.80000000000001,15.256666666666666,9.046666666666665,77.0,10.44,13.526666666666667
1919-10-01,42.2,17.32903225806452,9.751612903225807,106.7,10.225806451612904,18.019354838709678
1919-11-01,10.1,19.006666666666668,11.913333333333332,132.1,12.596666666666666,21.04
1919-12-01,34.699999999999996,20.270967741935483,13.100000000000001,163.7,13.864516129032259,22.648387096774194
1920-01-01,16.3,19.032258064516128,13.393548387096773,189.4,13.358064516129033,22.10967741935484
1920-02-01,22.5,21.351724137931036,14.344827586206897,163.8,13.951724137931036,20.33103448275862
1920-03-01,72.7,18.79032258064516,12.577419354838709,125.7,13.851612903225806,15.44516129032258
1920-04-01,68.6,16.813333333333333,11.96,77.5,12.346666666666666,10.513333333333332
1920-05-01,85.7,13.770967741935483,8.67741935483871,52.5,10.616129032258065,8.0
1920-06-01,121.5,13.01,8.51,38.5,10.343333333333334,5.85
1920-07-01,86.5,12.796774193548387,7.54516129032258,43.9,10.038709677419355,7.341935483870968
1920-08-01,100.8,12.87741935483871,7.732258064516129,59.2,10.774193548387096,9.464516129032257
1920-09-01,76.5,14.18,9.506666666666666,77.0,11.483333333333333,12.403333333333334
1920-10-01,52.5,17.112903225806452,10.219354838709679,106.7,11.44516129032258,17.73548387096774
1920-11-01,27.400000000000002,17.64,11.293333333333333,132.1,11.896666666666667,19.383333333333333
1920-12-01,46.1,19.90967741935484,12.790322580645162,163.7,13.258064516129032,23.174193548387095
1921-01-01,37.4,22.593548387096774,14.735483870967743,189.4,14.793548387096775,23.36774193548387
1921-02-01,24.2,21.646428571428572,15.567857142857141,159.0,16.725,20.20357142857143
1921-03-01,23.5,20.89032258064516,13.716129032258063,125.7,12.64516129032258,16.55483870967742
1921-04-01,39.199999999999996,17.81,12.303333333333335,77.5,11.82,11.173333333333334
1921-05-01,79.3,16.36774193548387,11.587096774193547,52.5,13.17741935483871,7.574193548387097
1921-06-01,79.2,13.716666666666667,9.566666666666666,38.5,11.253333333333334,6.2
1921-07-01,92.7,13.48709677419355,8.796774193548387,43.9,10.258064516129032,7.003225806451613
1921-08-01,120.8,13.225806451612904,8.219354838709679,59.2,9.422580645161291,9.819354838709677
1921-09-01,92.9,15.976666666666667,9.796666666666669,77.0,11.06,14.020000000000001
1921-10-01,53.4,16.25161290322581,9.635483870967741,106.7,10.72258064516129,18.261290322580646
1921-11-01,48.4,18.996666666666666,12.093333333333334,132.1,14.156666666666666,20.703333333333333
1921-12-01,38.6,17.738709677419354,12.461290322580645,163.7,13.225806451612904,21.09032258064516
1922-01-01,25.4,20.57741935483871,13.558064516129033,189.4,13.361290322580645,21.98709677419355
1922-02-01,37.3,21.775000000000002,15.24642857142857,159.0,15.475,19.803571428571427
1922-03-01,35.9,18.806451612903224,12.832258064516129,125.7,12.458064516129031,16.39677419354839
1922-04-01,77.9,18.096666666666668,12.69,77.5,12.523333333333333,10.613333333333333
1922-05-01,61.1,15.306451612903226,10.796774193548387,52.5,12.241935483870968,7.596774193548387
1922-06-01,211.1,13.076666666666666,8.46,38.5,10.633333333333333,6.21
1922-07-01,75.4,12.725806451612904,8.36774193548387,43.9,10.103225806451613,6.983870967741935
1922-08-01,124.7,12.46774193548387,7.541935483870968,59.2,9.151612903225805,9.438709677419356
1922-09-01,57.900000000000006,14.5,8.926666666666668,77.0,11.433333333333334,14.136666666666667
1922-10-01,122.8,16.52258064516129,9.970967741935485,106.7,11.061290322580644,17.15806451612903
1922-11-01,17.5,17.766666666666666,10.4,132.1,10.836666666666668,23.03666666666667
1922-12-01,54.699999999999996,18.34193548387097,12.54516129032258,163.7,12.774193548387096,21.42258064516129
1923-01-01,31.9,19.33225806451613,12.735483870967743,189.4,12.874193548387096,21.76774193548387
1923-02-01,9.7,20.142857142857142,13.267857142857142,159.0,14.728571428571428,21.74642857142857
1923-03-01,9.5,18.835483870967742,12.858064516129033,125.7,13.709677419354838,16.36774193548387
1923-04-01,0.6,18.740000000000002,13.076666666666666,77.5,13.586666666666668,12.43
1923-05-01,187.9,15.874193548387098,10.30967741935484,52.5,12.074193548387097,7.470967741935484
1923-06-01,167.9,13.076666666666666,9.323333333333332,38.5,10.946666666666665,5.693333333333333
1923-07-01,124.6,12.687096774193549,8.651612903225805,43.9,10.603225806451613,6.780645161290322
1923-08-01,90.2,13.703225806451613,7.848387096774194,59.2,9.14516129032258,10.561290322580644
1923-09-01,128.9,13.823333333333332,8.196666666666667,77.0,10.343333333333334,13.153333333333334
1923-10-01,92.8,15.525806451612903,9.890322580645162,106.7,11.32258064516129,16.47741935483871
1923-11-01,81.0,16.653333333333332,10.15,132.1,10.49,22.296666666666667
1923-12-01,75.4,18.812903225806455,12.006451612903225,163.7,13.393548387096773,21.335483870967742
1924-01-01,78.7,18.812903225806455,12.167741935483871,189.4,12.312903225806451,21.125806451612902
1924-02-01,98.4,19.28620689655172,13.186206896551724,163.8,13.641379310344828,18.620689655172413
1924-03-01,71.6,19.074193548387097,13.080645161290322,125.7,13.548387096774194,14.764516129032257
1924-04-01,68.5,15.6,10.503333333333332,77.5,10.916666666666666,10.563333333333333
1924-05-01,86.89999999999999,14.47741935483871,9.758064516129032,52.5,10.632258064516128,8.058064516129033
1924-06-01,59.199999999999996,12.053333333333335,8.243333333333334,38.5,11.523333333333333,6.3100000000000005
1924-07-01,63.5,12.729032258064516,8.038709677419355,43.9,10.470967741935485,7.922580645161291
1924-08-01,106.7,13.37741935483871,8.26774193548387,59.2,12.109677419354838,10.325806451612904
1924-09-01,80.3,13.923333333333334,9.066666666666666,77.0,11.1,12.603333333333333
1924-10-01,56.1,17.190322580645162,9.616129032258065,106.7,11.325806451612904,17.835483870967742
1924-11-01,118.8,17.240000000000002,11.44,132.1,13.433333333333334,20.253333333333334
1924-12-01,28.900000000000002,18.396774193548385,11.83548387096774,163.7,14.229032258064517,24.083870967741937
1925-01-01,54.1,20.161290322580644,13.703225806451613,189.4,16.53548387096774,22.56451612903226
1925-02-01,46.4,18.925,13.682142857142859,159.0,15.771428571428572,19.2
1925-03-01,8.8,19.40967741935484,13.187096774193549,125.7,13.812903225806451,15.470967741935485
1925-04-01,53.8,17.743333333333332,11.943333333333333,77.5,13.22,11.543333333333333
1925-05-01,81.9,15.100000000000001,10.958064516129031,52.5,12.696774193548388,7.093548387096774
1925-06-01,62.599999999999994,13.653333333333334,9.16,38.5,11.33,6.886666666666667
1925-07-01,83.4,11.903225806451612,7.6,43.9,9.387096774193548,7.138709677419355
1925-08-01,97.6,12.619354838709677,7.577419354838709,59.2,9.961290322580645,10.606451612903227
1925-09-01,80.7,13.536666666666667,8.016666666666667,77.0,9.76,14.106666666666666
1925-10-01,48.9,17.280645161290323,9.583870967741936,106.7,11.567741935483872,18.916129032258063
1925-11-01,53.099999999999994,17.32,10.776666666666667,132.1,12.19,21.67
1925-12-01,20.099999999999998,18.96451612903226,11.990322580645161,163.7,12.461290322580645,24.051612903225806
1926-01-01,13.899999999999999,18.606451612903225,12.44516129032258,189.4,12.858064516129033,23.677419354838708
1926-02-01,38.8,21.92142857142857,13.635714285714286,159.0,14.185714285714285,20.87142857142857
1926-03-01,27.0,20.141935483870967,14.483870967741936,125.7,14.435483870967742,15.13225806451613
1926-04-01,72.2,17.470000000000002,12.26,77.5,13.373333333333333,11.303333333333335
1926-05-01,121.8,14.116129032258065,10.525806451612903,52.5,10.935483870967742,7.751612903225806
1926-06-01,126.3,14.153333333333334,9.870000000000001,38.5,10.786666666666667,6.473333333333333
1926-07-01,100.6,13.709677419354838,9.509677419354839,43.9,10.541935483870969,7.648387096774194
1926-08-01,88.5,13.316129032258065,7.958064516129032,59.2,9.725806451612904,10.364516129032259
1926-09-01,59.8,15.446666666666667,9.870000000000001,77.0,11.713333333333333,14.153333333333334
1926-10-01,86.2,16.687096774193545,10.396774193548387,106.7,10.98709677419355,18.60967741935484
1926-11-01,52.300000000000004,17.80666666666667,10.22,132.1,11.629999999999999,22.863333333333333
1926-12-01,46.7,18.76774193548387,12.735483870967743,163.7,13.55483870967742,23.138709677419353
1927-01-01,14.8,20.23225806451613,13.451612903225806,189.4,14.90967741935484,23.135483870967743
1927-02-01,49.6,19.860714285714288,12.967857142857143,159.0,13.239285714285714,20.95357142857143
1927-03-01,39.1,18.716129032258067,12.696774193548388,125.7,12.535483870967743,15.709677419354838
1927-04-01,33.9,15.53,11.733333333333333,77.5,11.520000000000001,11.22
1927-05-01,108.6,14.641935483870967,9.929032258064517,52.5,10.525806451612903,8.1
1927-06-01,47.199999999999996,12.726666666666667,7.62,38.5,10.293333333333333,7.383333333333334
1927-07-01,142.6,12.193548387096774,7.635483870967741,43.9,9.812903225806451,7.374193548387097
1927-08-01,136.2,12.654838709677419,7.129032258064516,59.2,9.506451612903225,10.32258064516129
1927-09-01,41.1,14.139999999999999,7.6433333333333335,77.0,12.056666666666667,14.956666666666667
1927-10-01,21.2,17.4741935483871,9.709677419354838,106.7,11.596774193548388,18.383870967741935
1927-11-01,37.1,18.706666666666667,10.82,132.1,12.883333333333333,22.686666666666667
1927-12-01,67.5,19.05806451612903,12.251612903225807,163.7,15.641935483870968,23.419354838709676
1928-01-01,47.8,20.993548387096773,14.60967741935484,189.4,16.12258064516129,23.116129032258065
1928-02-01,99.7,20.058620689655175,15.96551724137931,163.8,15.637931034482758,19.33448275862069
1928-03-01,31.3,20.470967741935485,14.754838709677419,125.7,15.287096774193548,15.764516129032257
1928-04-01,64.0,18.916666666666668,12.7,77.5,13.46,11.78
1928-05-01,110.69999999999999,14.651612903225805,10.216129032258063,52.5,10.474193548387097,7.935483870967742
1928-06-01,95.6,13.166666666666666,8.546666666666665,38.5,9.766666666666667,6.64
1928-07-01,66.7,13.303225806451612,7.706451612903226,43.9,9.612903225806452,7.532258064516129
1928-08-01,48.5,14.493548387096775,8.106451612903227,59.2,10.838709677419354,10.896774193548387
1928-09-01,135.5,15.576666666666666,8.78,77.0,9.59,14.270000000000001
1928-10-01,178.7,14.751612903225807,8.0,106.7,9.603225806451613,17.493548387096773
1928-11-01,48.6,16.49,10.026666666666667,132.1,11.723333333333333,22.376666666666665
1928-12-01,26.7,18.906451612903226,12.025806451612903,163.7,12.72258064516129,24.338709677419356
1929-01-01,80.1,19.51290322580645,12.396774193548387,189.4,12.129032258064516,23.780645161290323
1929-02-01,24.6,21.20357142857143,15.260714285714286,159.0,17.435714285714287,20.114285714285717
1929-03-01,35.3,18.79032258064516,12.899999999999999,125.7,16.474193548387095,15.535483870967743
1929-04-01,134.4,17.113333333333333,11.263333333333332,77.5,12.066666666666666,11.44
1929-05-01,67.4,14.925806451612903,9.76774193548387,52.5,10.209677419354838,8.564516129032258
1929-06-01,168.2,12.663333333333332,7.7733333333333325,38.5,8.793333333333333,7.069999999999999
1929-07-01,109.8,11.109677419354838,6.370967741935484,43.9,8.887096774193548,7.438709677419355
1929-08-01,91.8,12.451612903225806,7.080645161290323,59.2,9.029032258064515,10.374193548387098
1929-09-01,66.3,13.146666666666667,7.466666666666667,77.0,10.229999999999999,14.49
1929-10-01,81.6,14.780645161290321,10.109677419354838,106.7,12.396774193548387,17.351612903225806
1929-11-01,54.3,15.823333333333332,10.253333333333334,132.1,13.423333333333334,20.13
1929-12-01,67.5,16.5,10.851612903225806,163.7,14.01290322580645,21.348387096774193
1930-01-01,15.1,19.14516129032258,12.14516129032258,189.4,13.316129032258065,25.338709677419356
1930-02-01,43.5,22.110714285714288,14.014285714285714,159.0,14.5,20.639285714285712
1930-03-01,18.9,19.458064516129035,13.874193548387098,125.7,16.280645161290323,16.683870967741935
1930-04-01,67.6,16.886666666666667,11.406666666666666,77.5,11.886666666666667,12.063333333333333
1930-05-01,55.1,15.964516129032257,10.996774193548388,52.5,11.319354838709677,8.238709677419354
1930-06-01,25.3,13.126666666666667,8.47,38.5,11.303333333333335,7.013333333333334
1930-07-01,84.3,13.63225806451613,8.606451612903227,43.9,10.348387096774195,7.116129032258065
1930-08-01,130.3,12.964516129032257,8.09032258064516,59.2,11.33548387096774,9.77741935483871
1930-09-01,129.5,14.783333333333333,8.233333333333333,77.0,11.270000000000001,14.316666666666666
1930-10-01,77.5,17.838709677419356,10.816129032258065,106.7,13.429032258064517,17.438709677419357
1930-11-01,79.0,18.183333333333334,9.913333333333332,132.1,12.686666666666667,21.386666666666667
1930-12-01,87.2,18.716129032258067,11.793548387096775,163.7,14.980645161290324,21.929032258064513
1931-01-01,31.1,18.40967741935484,12.283870967741937,189.4,13.219354838709679,23.44516129032258
1931-02-01,24.4,20.3,12.460714285714285,159.0,12.549999999999999,22.335714285714285
1931-03-01,144.5,18.490322580645163,12.370967741935484,125.7,14.04516129032258,15.116129032258065
1931-04-01,76.3,16.543333333333333,11.316666666666666,77.5,12.403333333333334,11.32
1931-05-01,123.5,15.425806451612903,11.035483870967743,52.5,13.109677419354838,7.306451612903226
1931-06-01,120.3,12.633333333333333,8.246666666666666,38.5,10.643333333333334,5.963333333333334
1931-07-01,128.9,12.158064516129032,7.512903225806451,43.9,10.596774193548388,7.27741935483871
1931-08-01,95.89999999999999,12.819354838709677,7.364516129032259,59.2,9.87741935483871,10.019354838709678
1931-09-01,54.8,14.763333333333332,8.95,77.0,12.243333333333334,13.983333333333333
1931-10-01,54.8,15.45483870967742,9.119354838709677,106.7,10.038709677419355,18.664516129032258
1931-11-01,50.0,16.356666666666666,10.323333333333332,132.1,12.07,20.19
1931-12-01,4.4,18.183870967741935,11.40967741935484,163.7,14.561290322580644,25.580645161290324
1932-01-01,19.9,21.40967741935484,13.558064516129033,189.4,14.703225806451613,23.690322580645162
1932-02-01,95.3,18.475862068965515,13.193103448275863,163.8,14.73448275862069,17.317241379310346
1932-03-01,188.79999999999998,18.712903225806453,12.538709677419355,125.7,13.958064516129031,14.567741935483872
1932-04-01,86.5,16.62,12.29,77.5,13.66,10.26
1932-05-01,14.9,16.051612903225806,11.464516129032257,52.5,14.306451612903226,8.09032258064516
1932-06-01,145.0,13.04,7.916666666666667,38.5,10.41,6.573333333333333
1932-07-01,58.0,12.845161290322581,8.283870967741937,43.9,10.196774193548388,7.335483870967742
1932-08-01,89.1,13.283870967741937,8.080645161290322,59.2,10.574193548387097,9.64516129032258
1932-09-01,59.1,14.233333333333333,9.41,77.0,11.453333333333335,13.656666666666666
1932-10-01,92.4,14.974193548387097,8.087096774193547,106.7,10.051612903225807,17.251612903225805
1932-11-01,50.9,17.740000000000002,10.270000000000001,132.1,12.276666666666667,21.323333333333334
1932-12-01,54.5,17.95483870967742,10.770967741935483,163.7,13.16451612903226,23.4
1933-01-01,26.0,17.858064516129033,12.319354838709677,189.4,14.87741935483871,22.37741935483871
1933-02-01,21.400000000000002,19.88214285714286,12.514285714285714,159.0,14.096428571428572,21.442857142857143
1933-03-01,49.7,19.351612903225806,12.464516129032257,125.7,14.293548387096775,15.725806451612904
1933-04-01,74.0,16.336666666666666,11.296666666666665,77.5,13.866666666666667,11.08
1933-05-01,123.2,14.558064516129033,10.019354838709678,52.5,11.85483870967742,7.658064516129032
1933-06-01,93.3,14.093333333333334,9.503333333333334,38.5,10.516666666666667,6.203333333333333
1933-07-01,64.2,12.938709677419356,7.47741935483871,43.9,10.067741935483872,7.232258064516128
1933-08-01,89.19999999999999,12.396774193548387,7.064516129032258,59.2,8.683870967741935,9.790322580645162
1933-09-01,102.4,14.31,8.823333333333332,77.0,10.873333333333333,13.436666666666667
1933-10-01,56.0,17.635483870967743,10.33548387096774,106.7,12.619354838709677,17.70967741935484
1933-11-01,110.7,17.09,11.176666666666668,132.1,14.463333333333335,20.90666666666667
1933-12-01,78.9,18.52258064516129,12.661290322580646,163.7,14.374193548387098,21.822580645161292
1934-01-01,43.800000000000004,21.02258064516129,14.148387096774194,189.4,14.509677419354839,23.593548387096774
1934-02-01,8.4,21.24285714285714,14.292857142857143,159.0,14.303571428571429,20.217857142857145
1934-03-01,39.5,22.190322580645162,15.303225806451612,125.7,17.919354838709676,15.816129032258065
1934-04-01,139.5,16.61,11.870000000000001,77.5,12.566666666666666,10.313333333333333
1934-05-01,34.0,15.96774193548387,10.825806451612904,52.5,11.754838709677419,9.016129032258064
1934-06-01,129.2,13.443333333333333,8.496666666666666,38.5,10.139999999999999,7.1066666666666665
1934-07-01,126.3,13.37741935483871,9.09032258064516,43.9,10.435483870967742,7.003225806451613
1934-08-01,117.0,12.916129032258064,8.364516129032259,59.2,9.961290322580645,9.683870967741935
1934-09-01,114.99999999999999,15.463333333333333,8.903333333333334,77.0,9.893333333333334,14.706666666666667
1934-10-01,111.4,16.787096774193547,9.54516129032258,106.7,12.064516129032258,16.851612903225806
1934-11-01,131.3,18.133333333333333,12.5,132.1,14.06,19.57
1934-12-01,25.2,18.24516129032258,11.661290322580646,163.7,14.625806451612902,23.051612903225806
1935-01-01,64.4,19.335483870967742,11.596774193548388,189.4,15.825806451612904,22.58709677419355
1935-02-01,29.7,19.321428571428573,12.517857142857142,159.0,15.717857142857143,19.042857142857144
1935-03-01,128.1,18.893548387096775,10.758064516129032,125.7,13.280645161290321,15.712903225806452
1935-04-01,133.2,16.96,10.703333333333335,77.5,13.576666666666666,9.389999999999999
1935-05-01,99.8,14.506451612903225,7.993548387096775,52.5,10.993548387096775,7.780645161290322
1935-06-01,87.9,13.01,7.053333333333333,38.5,10.603333333333333,5.903333333333333
1935-07-01,69.1,13.16451612903226,6.290322580645161,43.9,10.416129032258064,6.935483870967742
1935-08-01,125.5,14.212903225806452,7.364516129032259,59.2,11.325806451612904,9.796774193548387
1935-09-01,96.9,14.483333333333333,7.17,77.0,11.639999999999999,14.58
1935-10-01,54.6,16.40967741935484,8.396774193548387,106.7,12.490322580645161,17.15806451612903
1935-11-01,87.1,17.913333333333334,8.086666666666666,132.1,12.883333333333333,21.186666666666667
1935-12-01,27.0,20.041935483870965,10.841935483870968,163.7,14.225806451612904,21.990322580645163
1936-01-01,20.8,20.580645161290324,12.841935483870968,189.4,15.025806451612903,21.570967741935487
1936-02-01,7.4,21.020689655172415,13.582758620689654,163.8,15.327586206896552,20.013793103448275
1936-03-01,22.4,21.580645161290324,14.293548387096775,125.7,15.006451612903225,15.887096774193548
1936-04-01,77.9,16.543333333333333,10.846666666666666,77.5,12.203333333333335,10.766666666666667
1936-05-01,68.6,15.470967741935485,9.76774193548387,52.5,11.567741935483872,8.567741935483872
1936-06-01,56.0,12.403333333333334,7.963333333333334,38.5,10.776666666666667,6.253333333333333
1936-07-01,134.3,12.490322580645161,7.748387096774193,43.9,10.470967741935485,6.593548387096774
1936-08-01,178.79999999999998,13.051612903225807,8.174193548387096,59.2,10.558064516129033,9.619354838709677
1936-09-01,80.6,13.49,7.95,77.0,11.313333333333333,13.693333333333333
1936-10-01,112.3,15.09032258064516,9.2,106.7,11.82258064516129,16.916129032258063
1936-11-01,29.1,16.473333333333333,10.313333333333333,132.1,12.830000000000002,21.92
1936-12-01,53.2,18.44193548387097,12.490322580645161,163.7,15.293548387096775,20.23548387096774
1937-01-01,105.7,18.52258064516129,12.09032258064516,189.4,13.896774193548387,21.47741935483871
1937-02-01,35.5,19.86785714285714,14.542857142857143,159.0,15.196428571428571,19.49285714285714
1937-03-01,69.5,19.690322580645162,13.687096774193549,125.7,13.919354838709678,16.148387096774194
1937-04-01,38.8,16.23,11.236666666666668,77.5,11.17,11.6
1937-05-01,106.7,14.845161290322581,10.316129032258065,52.5,10.829032258064515,7.919354838709677
1937-06-01,45.3,12.506666666666666,7.963333333333334,38.5,9.506666666666666,7.1
1937-07-01,79.1,12.603225806451613,7.7129032258064525,43.9,8.63225806451613,7.532258064516129
1937-08-01,70.2,14.096774193548388,9.080645161290322,59.2,9.758064516129032,10.51290322580645
1937-09-01,83.3,14.676666666666668,9.3,77.0,10.41,14.113333333333333
1937-10-01,68.6,16.716129032258067,10.85483870967742,106.7,13.22258064516129,17.758064516129032
1937-11-01,47.2,18.173333333333336,12.556666666666667,132.1,13.806666666666667,20.65666666666667
1937-12-01,107.5,18.058064516129033,12.37741935483871,163.7,13.819354838709677,20.822580645161292
1938-01-01,45.5,20.183870967741935,13.341935483870968,189.4,12.94516129032258,22.958064516129035
1938-02-01,59.9,19.689285714285713,13.424999999999999,159.0,14.064285714285715,20.042857142857144
1938-03-01,42.9,19.796774193548387,13.906451612903227,125.7,13.345161290322581,15.890322580645162
1938-04-01,83.1,17.956666666666667,12.28,77.5,12.643333333333334,11.956666666666667
1938-05-01,86.4,16.18064516129032,11.038709677419355,52.5,11.69032258064516,8.209677419354838
1938-06-01,146.8,12.383333333333333,8.386666666666667,38.5,9.663333333333332,6.223333333333333
1938-07-01,62.7,12.416129032258064,7.02258064516129,43.9,9.258064516129032,7.532258064516129
1938-08-01,70.6,13.106451612903227,7.767741935483872,59.2,9.516129032258064,10.874193548387098
1938-09-01,76.5,14.54,10.543333333333333,77.0,10.15,14.360000000000001
1938-10-01,44.6,16.34516129032258,10.087096774193547,106.7,12.53225806451613,19.190322580645162
1938-11-01,35.8,18.7,11.99,132.1,12.370000000000001,22.029999999999998
1938-12-01,39.2,18.56451612903226,11.551612903225807,163.7,11.209677419354838,23.374193548387098
1939-01-01,12.700000000000001,21.451612903225808,13.641935483870967,189.4,12.893548387096773,23.848387096774193
1939-02-01,69.3,21.010714285714283,13.642857142857142,159.0,13.450000000000001,20.12142857142857
1939-03-01,10.399999999999999,19.283870967741933,14.35483870967742,125.7,13.312903225806451,16.138709677419357
1939-04-01,132.8,18.10666666666667,12.193333333333333,77.5,12.91,10.886666666666667
1939-05-01,67.2,16.580645161290324,11.370967741935484,52.5,11.606451612903227,7.896774193548388
1939-06-01,142.8,13.103333333333333,8.58,38.5,11.356666666666666,6.08
1939-07-01,38.4,12.229032258064517,7.512903225806451,43.9,11.480645161290322,7.419354838709677
1939-08-01,186.5,12.319354838709677,7.861290322580645,59.2,11.748387096774193,9.183870967741935
1939-09-01,115.9,14.29,8.1,77.0,12.81,13.533333333333333
1939-10-01,76.89999999999999,16.393548387096775,9.574193548387097,106.7,10.270967741935483,17.94516129032258
1939-11-01,79.2,16.406666666666666,10.34,132.1,11.59,19.933333333333334
1939-12-01,60.8,17.4,10.216129032258063,163.7,11.358064516129033,23.138709677419353
1940-01-01,56.1,18.83225806451613,12.358064516129033,189.4,12.806451612903226,22.870967741935484
1940-02-01,45.9,18.379310344827587,12.493103448275862,163.8,12.506896551724138,21.46551724137931
1940-03-01,24.700000000000003,22.393548387096775,14.016129032258064,125.7,13.425806451612903,17.151612903225807
1940-04-01,40.6,16.73,11.093333333333334,77.5,11.15,11.016666666666667
1940-05-01,44.5,14.183870967741935,9.67741935483871,52.5,10.5,8.025806451612903
1940-06-01,57.800000000000004,13.063333333333333,8.386666666666667,38.5,9.746666666666666,6.193333333333333
1940-07-01,103.8,12.338709677419354,7.758064516129032,43.9,9.567741935483872,6.383870967741935
1940-08-01,61.0,13.903225806451612,8.12258064516129,59.2,9.35483870967742,10.916129032258064
1940-09-01,50.9,14.813333333333333,8.853333333333333,77.0,10.576666666666666,14.356666666666666
1940-10-01,26.799999999999997,18.322580645161292,11.429032258064517,106.7,12.851612903225806,18.76774193548387
1940-11-01,106.0,15.996666666666666,9.506666666666666,132.1,12.923333333333334,20.433333333333334
1940-12-01,57.0,19.480645161290322,10.896774193548387,163.7,12.593548387096773,22.374193548387098
1941-01-01,70.0,18.451612903225808,12.66451612903226,189.4,13.36774193548387,21.69677419354839
1941-02-01,25.4,20.346428571428568,13.082142857142857,159.0,12.382142857142856,21.053571428571427
1941-03-01,79.6,17.809677419354838,12.606451612903227,125.7,13.19032258064516,14.17741935483871
1941-04-01,20.7,18.046666666666667,12.833333333333334,77.5,12.376666666666667,11.126666666666667
1941-05-01,70.1,15.23225806451613,10.416129032258064,52.5,10.638709677419355,7.803225806451613
1941-06-01,56.2,13.176666666666668,8.876666666666667,38.5,10.2,6.38
1941-07-01,96.8,12.248387096774193,7.361290322580645,43.9,10.048387096774194,6.858064516129032
1941-08-01,65.2,13.238709677419354,8.051612903225806,59.2,9.493548387096775,10.2
1941-09-01,162.3,14.566666666666666,8.03,77.0,9.306666666666667,14.35
1941-10-01,55.199999999999996,14.770967741935483,9.338709677419354,106.7,12.293548387096775,18.387096774193548
1941-11-01,31.599999999999998,17.63,8.796666666666665,132.1,9.860000000000001,20.863333333333333
1941-12-01,34.0,20.22258064516129,12.561290322580644,163.7,13.841935483870968,23.29032258064516
1942-01-01,57.0,20.387096774193548,13.270967741935483,189.4,13.058064516129033,23.893548387096775
1942-02-01,71.9,19.442857142857143,13.585714285714287,159.0,14.392857142857142,20.27857142857143
1942-03-01,40.3,19.925806451612903,13.62258064516129,125.7,13.01290322580645,15.90967741935484
1942-04-01,50.5,16.01,11.236666666666668,77.5,12.146666666666667,11.05
1942-05-01,108.39999999999999,14.935483870967742,10.654838709677419,52.5,11.82258064516129,6.603225806451612
1942-06-01,71.8,13.446666666666665,8.803333333333335,38.5,9.723333333333333,6.11
1942-07-01,129.0,12.383870967741935,7.283870967741936,43.9,8.941935483870967,7.15483870967742
1942-08-01,128.1,13.290322580645162,8.219354838709679,59.2,9.583870967741936,9.348387096774195
1942-09-01,107.5,15.646666666666667,8.71,77.0,9.143333333333334,13.623333333333333
1942-10-01,62.7,15.938709677419356,9.896774193548387,106.7,10.603225806451613,18.55806451612903
1942-11-01,25.8,17.4,11.486666666666668,132.1,12.023333333333333,19.993333333333332
1942-12-01,51.3,19.103225806451615,12.612903225806452,163.7,13.51290322580645,22.993548387096773
1943-01-01,28.4,21.493548387096773,13.600000000000001,189.4,13.361290322580645,22.812903225806455
1943-02-01,76.3,20.13214285714286,13.160714285714286,159.0,12.439285714285715,18.775000000000002
1943-03-01,18.1,19.69677419354839,12.98709677419355,125.7,12.225806451612904,16.19677419354839
1943-04-01,120.5,15.56,11.086666666666668,77.5,10.533333333333333,10.553333333333335
1943-05-01,109.8,13.587096774193547,9.764516129032257,52.5,10.996774193548388,7.729032258064516
1943-06-01,90.6,12.120000000000001,7.8100000000000005,38.5,10.06,5.966666666666667
1943-07-01,150.5,11.890322580645162,7.238709677419355,43.9,9.458064516129031,7.370967741935484
1943-08-01,81.4,11.838709677419354,7.161290322580645,59.2,9.435483870967742,9.94516129032258
1943-09-01,82.8,13.516666666666667,8.1,77.0,10.443333333333333,13.386666666666667
1943-10-01,35.199999999999996,14.567741935483872,9.100000000000001,106.7,11.25483870967742,16.76451612903226
1943-11-01,39.9,16.186666666666667,10.793333333333333,132.1,12.45,20.816666666666666
1943-12-01,19.0,17.351612903225806,11.406451612903224,163.7,12.845161290322581,22.083870967741937
1944-01-01,32.0,21.34193548387097,12.674193548387096,189.4,13.332258064516129,22.048387096774192
1944-02-01,49.8,19.73793103448276,12.286206896551725,163.8,13.113793103448277,19.79655172413793
1944-03-01,37.9,19.74516129032258,13.064516129032258,125.7,13.461290322580645,14.758064516129032
1944-04-01,107.1,15.69,10.233333333333333,77.5,11.9,8.923333333333334
1944-05-01,123.1,13.745161290322581,9.370967741935484,52.5,12.083870967741936,5.854838709677419
1944-06-01,49.9,12.433333333333334,7.6066666666666665,38.5,9.363333333333333,6.073333333333333
1944-07-01,109.0,12.135483870967741,7.05483870967742,43.9,9.364516129032259,6.66774193548387
1944-08-01,38.0,12.351612903225806,6.33225806451613,59.2,10.093548387096773,10.864516129032259
1944-09-01,55.5,15.26,8.233333333333333,77.0,11.853333333333333,13.29
1944-10-01,54.199999999999996,16.06451612903226,8.387096774193548,106.7,11.093548387096773,16.799999999999997
1944-11-01,62.8,17.09,9.72,132.1,11.389999999999999,17.826666666666664
1944-12-01,106.4,18.858064516129033,10.948387096774193,163.7,13.474193548387097,21.358064516129033
1945-01-01,27.2,19.783870967741933,11.990322580645161,189.4,14.167741935483871,20.23225806451613
1945-02-01,87.2,18.460714285714285,12.185714285714285,159.0,14.392857142857142,17.689285714285713
1945-03-01,35.2,16.58709677419355,10.8,125.7,12.193548387096774,13.574193548387097
1945-04-01,17.7,16.74,10.583333333333334,77.5,12.24,10.323333333333332
1945-05-01,67.8,14.816129032258065,8.825806451612904,52.5,11.209677419354838,7.300000000000001
1945-06-01,60.3,14.013333333333332,9.183333333333334,38.5,11.523333333333333,5.9766666666666675
1945-07-01,63.4,12.112903225806452,6.864516129032259,43.9,9.687096774193549,6.751612903225807
1945-08-01,111.8,13.296774193548387,8.364516129032259,59.2,10.325806451612904,8.938709677419356
1945-09-01,40.9,14.233333333333333,8.05,77.0,10.803333333333335,13.276666666666667
1945-10-01,101.6,15.290322580645162,9.370967741935484,106.7,11.425806451612903,14.061290322580644
1945-11-01,63.9,18.206666666666667,10.793333333333333,132.1,12.736666666666668,19.41
1945-12-01,34.0,19.68064516129032,12.158064516129032,163.7,15.125806451612902,24.01290322580645
1946-01-01,133.1,20.719354838709677,12.48709677419355,189.4,14.54516129032258,21.17096774193548
1946-02-01,109.0,20.039285714285715,13.189285714285715,159.0,15.25,16.853571428571428
1946-03-01,143.8,18.47741935483871,12.651612903225805,125.7,14.261290322580646,13.738709677419356
1946-04-01,71.2,15.19,10.793333333333333,77.5,13.030000000000001,9.683333333333334
1946-05-01,73.5,14.796774193548387,9.151612903225805,52.5,10.351612903225806,7.761290322580645
1946-06-01,74.0,11.826666666666666,7.890000000000001,38.5,9.476666666666667,5.156666666666666
1946-07-01,159.3,12.674193548387096,8.225806451612904,43.9,10.212903225806452,6.432258064516129
1946-08-01,133.0,12.396774193548387,7.435483870967742,59.2,9.806451612903226,8.896774193548387
1946-09-01,72.39999999999999,12.873333333333333,7.626666666666667,77.0,9.71,11.926666666666668
1946-10-01,57.9,13.348387096774195,7.716129032258065,106.7,10.67741935483871,15.241935483870968
1946-11-01,29.599999999999998,15.953333333333335,9.8,132.1,12.146666666666667,18.613333333333333
1946-12-01,49.0,18.34193548387097,11.241935483870968,163.7,13.464516129032257,20.9741935483871
1947-01-01,36.3,20.812903225806455,12.651612903225805,189.4,15.270967741935483,23.190322580645162
1947-02-01,13.3,21.639285714285712,14.921428571428573,159.0,15.914285714285715,17.964285714285715
1947-03-01,115.3,19.838709677419356,13.548387096774194,125.7,15.02258064516129,13.464516129032257
1947-04-01,54.699999999999996,17.709999999999997,12.003333333333334,77.5,13.75,10.84
1947-05-01,46.9,17.35483870967742,10.741935483870968,52.5,12.325806451612904,7.606451612903226
1947-06-01,93.3,13.51,8.846666666666666,38.5,11.506666666666666,5.816666666666666
1947-07-01,134.79999999999998,12.187096774193549,8.167741935483871,43.9,10.66451612903226,6.309677419354839
1947-08-01,70.7,12.264516129032257,7.82258064516129,59.2,10.63225806451613,9.135483870967741
1947-09-01,90.89999999999999,14.536666666666667,8.96,77.0,10.813333333333333,13.583333333333334
1947-10-01,86.3,16.125806451612906,9.496774193548386,106.7,12.35483870967742,15.783870967741937
1947-11-01,70.0,15.733333333333333,10.333333333333334,132.1,12.82,17.763333333333332
1947-12-01,67.4,19.516129032258064,12.283870967741937,163.7,14.816129032258065,20.516129032258064
1948-01-01,40.6,20.461290322580645,13.019354838709678,189.4,13.203225806451613,24.396774193548385
1948-02-01,18.3,20.56896551724138,14.12758620689655,163.8,14.593103448275862,16.413793103448278
1948-03-01,44.7,17.4741935483871,11.390322580645162,125.7,11.296774193548387,15.390322580645162
1948-04-01,92.39999999999999,16.16,11.303333333333335,77.5,12.536666666666667,9.796666666666665
1948-05-01,156.0,13.69032258064516,9.370967741935484,52.5,11.583870967741936,6.209677419354839
1948-06-01,40.9,13.023333333333333,8.389999999999999,38.5,10.183333333333334,6.053333333333333
1948-07-01,64.3,11.812903225806451,7.148387096774194,43.9,9.880645161290323,6.861290322580645
1948-08-01,86.2,14.01290322580645,8.303225806451612,59.2,10.67741935483871,9.964516129032257
1948-09-01,69.6,14.786666666666667,9.15,77.0,10.906666666666666,13.723333333333333
1948-10-01,144.0,14.13225806451613,8.587096774193547,106.7,11.341935483870968,15.77741935483871
1948-11-01,48.1,15.85,10.316666666666666,132.1,11.943333333333333,19.540000000000003
1948-12-01,37.3,18.970967741935485,11.996774193548386,163.7,14.503225806451614,19.551612903225806
1949-01-01,23.0,19.177419354838708,12.899999999999999,189.4,14.441935483870967,19.24516129032258
1949-02-01,81.0,17.3,11.24642857142857,159.0,13.546428571428573,17.41785714285714
1949-03-01,28.5,17.796774193548387,12.474193548387097,125.7,14.4,13.074193548387097
1949-04-01,20.4,15.806666666666667,10.28,77.5,12.513333333333332,9.46
1949-05-01,81.7,13.709677419354838,9.067741935483872,52.5,11.506451612903225,6.425806451612903
1949-06-01,54.3,11.786666666666665,7.076666666666667,38.5,10.576666666666666,5.713333333333334
1949-07-01,54.0,12.674193548387096,7.77741935483871,43.9,10.951612903225806,6.199999999999999
1949-08-01,52.6,13.483870967741936,7.348387096774194,59.2,9.364516129032259,8.83548387096774
1949-09-01,54.1,14.41,7.883333333333334,77.0,10.09,13.456666666666667
1949-10-01,225.1,15.035483870967743,9.04516129032258,106.7,11.358064516129033,13.003225806451614
1949-11-01,71.7,16.003333333333334,10.346666666666666,132.1,12.766666666666667,15.136666666666667
1949-12-01,18.3,17.938709677419357,10.441935483870967,163.7,12.109677419354838,20.45483870967742
1950-01-01,43.199999999999996,19.41290322580645,11.864516129032259,189.4,13.312903225806451,19.67096774193548
1950-02-01,24.0,19.75,13.62857142857143,159.0,15.089285714285714,17.267857142857142
1950-03-01,77.8,18.183870967741935,12.906451612903227,125.7,15.687096774193549,13.506451612903225
1950-04-01,40.5,17.296666666666667,12.066666666666666,77.5,13.603333333333333,10.47
1950-05-01,85.4,14.319354838709677,10.241935483870968,52.5,12.329032258064515,6.748387096774193
1950-06-01,38.1,12.646666666666667,8.423333333333334,38.5,10.626666666666667,5.88
1950-07-01,61.5,13.441935483870967,8.167741935483871,43.9,9.932258064516128,6.741935483870968
1950-08-01,78.2,13.629032258064516,7.535483870967742,59.2,10.077419354838709,9.5
1950-09-01,97.39999999999999,16.016666666666666,8.613333333333333,77.0,10.713333333333333,14.093333333333334
1950-10-01,61.1,16.274193548387096,10.425806451612903,106.7,12.509677419354839,16.40967741935484
1950-11-01,49.6,18.05,10.716666666666667,132.1,12.296666666666665,18.85666666666667
1950-12-01,28.5,21.864516129032257,13.345161290322581,163.7,14.980645161290322,23.748387096774195
1951-01-01,10.8,23.08709677419355,15.341935483870968,189.4,17.396774193548385,22.84193548387097
1951-02-01,55.6,21.864285714285717,14.982142857142858,159.0,15.549999999999999,18.00357142857143
1951-03-01,20.8,20.780645161290323,13.474193548387097,125.7,14.780645161290321,15.093548387096773
1951-04-01,142.1,15.163333333333334,9.876666666666667,77.5,11.143333333333334,8.826666666666666
1951-05-01,130.0,14.564516129032258,9.651612903225805,52.5,11.841935483870968,6.254838709677419
1951-06-01,80.39999999999999,13.576666666666666,9.263333333333332,38.5,11.416666666666666,5.180000000000001
1951-07-01,123.9,12.203225806451613,7.83225806451613,43.9,9.72258064516129,6.380645161290323
1951-08-01,140.5,11.803225806451612,6.72258064516129,59.2,9.609677419354838,8.525806451612903
1951-09-01,46.9,14.85,8.916666666666666,77.0,10.733333333333333,11.81
1951-10-01,57.1,16.03548387096774,9.69032258064516,106.7,11.303225806451612,16.996774193548386
1951-11-01,79.69999999999999,17.053333333333335,10.35,132.1,11.073333333333332,19.77
1951-12-01,77.3,18.4,11.129032258064516,163.7,12.858064516129033,20.461290322580645
1952-01-01,117.0,20.26774193548387,12.16451612903226,189.4,13.880645161290323,21.406451612903226
1952-02-01,35.0,18.724137931034484,12.648275862068965,163.8,13.610344827586207,16.555172413793105
1952-03-01,26.1,19.299999999999997,13.27741935483871,125.7,14.706451612903225,13.829032258064515
1952-04-01,81.1,15.523333333333333,10.833333333333334,77.5,12.053333333333335,9.196666666666665
1952-05-01,117.8,14.509677419354839,9.148387096774194,52.5,11.435483870967742,6.787096774193548
1952-06-01,197.6,13.016666666666667,8.356666666666666,38.5,11.126666666666667,5.17
1952-07-01,100.3,11.916129032258064,6.603225806451612,43.9,9.22258064516129,6.696774193548387
1952-08-01,97.89999999999999,12.922580645161291,7.564516129032258,59.2,9.574193548387097,9.82258064516129
1952-09-01,128.5,15.026666666666667,7.763333333333334,77.0,10.096666666666666,12.776666666666667
1952-10-01,117.2,15.251612903225807,9.383870967741935,106.7,11.325806451612904,14.12258064516129
1952-11-01,124.5,16.776666666666667,9.91,132.1,12.286666666666667,18.55666666666667
1952-12-01,49.0,18.470967741935485,11.64516129032258,163.7,12.90967741935484,20.07741935483871
1953-01-01,16.099999999999998,20.938709677419357,13.616129032258065,189.4,14.274193548387096,21.816129032258065
1953-02-01,24.5,20.342857142857145,13.732142857142858,159.0,15.125,19.260714285714283
1953-03-01,18.0,20.983870967741936,13.432258064516128,125.7,13.761290322580646,16.687096774193545
1953-04-01,61.0,18.09333333333333,12.113333333333333,77.5,13.35,10.49
1953-05-01,59.9,15.658064516129034,10.596774193548388,52.5,12.080645161290322,6.693548387096774
1953-06-01,97.6,12.836666666666668,8.020000000000001,38.5,10.18,5.676666666666667
1953-07-01,175.0,12.48709677419355,7.012903225806451,43.9,9.638709677419355,6.567741935483871
1953-08-01,94.89999999999999,12.603225806451613,7.235483870967743,59.2,9.77741935483871,8.619354838709677
1953-09-01,83.3,14.05,8.026666666666667,77.0,10.2,13.126666666666667
1953-10-01,51.8,16.34516129032258,9.016129032258064,106.7,10.893548387096773,17.370967741935484
1953-11-01,146.5,16.666666666666668,9.44,132.1,11.83,19.62
1953-12-01,37.9,18.629032258064516,11.038709677419355,163.7,12.490322580645161,20.809677419354838
1954-01-01,35.1,21.538709677419355,13.741935483870968,189.4,15.990322580645161,22.325806451612905
1954-02-01,64.5,17.85,12.414285714285715,159.0,14.364285714285714,17.725
1954-03-01,38.0,18.896774193548385,11.287096774193548,125.7,12.64516129032258,15.635483870967741
1954-04-01,105.5,17.363333333333333,11.273333333333333,77.5,12.906666666666666,9.206666666666667
1954-05-01,62.699999999999996,15.341935483870968,10.0,52.5,11.461290322580645,7.112903225806452
1954-06-01,97.1,13.026666666666667,8.520000000000001,38.5,10.013333333333332,5.38
1954-07-01,74.9,12.858064516129033,7.258064516129032,43.9,10.170967741935485,6.83225806451613
1954-08-01,88.6,13.925806451612903,7.787096774193548,59.2,9.683870967741935,9.287096774193548
1954-09-01,71.1,14.926666666666668,7.9,77.0,10.360000000000001,13.926666666666668
1954-10-01,57.3,15.883870967741935,9.464516129032258,106.7,12.751612903225807,15.3
1954-11-01,56.7,16.906666666666666,9.723333333333333,132.1,11.846666666666666,18.84
1954-12-01,57.0,20.16774193548387,12.280645161290321,163.7,14.958064516129031,22.32903225806452
1955-01-01,33.9,21.06451612903226,13.01290322580645,189.4,15.096774193548388,22.174193548387095
1955-02-01,127.4,20.575,14.539285714285715,159.0,17.039285714285715,16.239285714285714
1955-03-01,27.0,19.17096774193548,13.125806451612904,125.7,14.658064516129032,14.138709677419355
1955-04-01,56.0,17.803333333333335,11.33,77.5,11.836666666666668,10.776666666666667
1955-05-01,127.7,13.929032258064517,9.33548387096774,52.5,10.961290322580645,6.570967741935483
1955-06-01,112.8,12.733333333333333,7.9766666666666675,38.5,10.823333333333332,5.373333333333333
1955-07-01,104.0,12.703225806451613,7.82258064516129,43.9,9.870967741935484,6.219354838709678
1955-08-01,141.5,13.8,8.24516129032258,59.2,10.583870967741936,9.041935483870969
1955-09-01,55.199999999999996,15.31,8.43,77.0,11.686666666666667,12.770000000000001
1955-10-01,121.6,16.661290322580644,9.48709677419355,106.7,11.406451612903227,16.151612903225807
1955-11-01,81.60000000000001,16.966666666666665,9.133333333333333,132.1,11.32,18.836666666666666
1955-12-01,70.6,19.141935483870967,12.141935483870967,163.7,14.538709677419355,19.112903225806452
1956-01-01,46.0,19.580645161290324,11.76774193548387,189.4,15.993548387096775,20.151612903225807
1956-02-01,7.8,21.49655172413793,14.86896551724138,163.8,17.93103448275862,20.70344827586207
1956-03-01,51.5,20.187096774193545,14.525806451612903,125.7,17.403225806451612,12.306451612903226
1956-04-01,132.2,17.756666666666668,11.423333333333334,77.5,13.753333333333334,9.833333333333334
1956-05-01,78.7,15.116129032258065,10.30967741935484,52.5,11.661290322580646,6.641935483870968
1956-06-01,122.4,12.723333333333333,7.623333333333334,38.5,9.816666666666666,5.823333333333333
1956-07-01,113.5,12.570967741935483,7.72258064516129,43.9,9.638709677419355,6.680645161290323
1956-08-01,143.0,12.635483870967741,6.758064516129032,59.2,9.464516129032257,9.90967741935484
1956-09-01,69.8,14.629999999999999,8.15,77.0,10.856666666666666,12.860000000000001
1956-10-01,90.9,14.425806451612903,8.616129032258065,106.7,11.0,15.029032258064515
1956-11-01,58.7,16.266666666666666,9.816666666666666,132.1,11.42,17.916666666666668
1956-12-01,53.4,17.35483870967742,10.245161290322581,163.7,11.919354838709678,20.809677419354838
1957-01-01,13.2,19.690322580645162,11.667741935483871,189.4,11.458064516129031,25.519354838709678
1957-02-01,33.1,20.24285714285714,12.892857142857142,159.0,14.242857142857144,19.864285714285717
1957-03-01,59.6,18.993548387096773,11.951612903225806,125.7,12.941935483870967,14.448387096774193
1957-04-01,78.0,18.233333333333334,11.063333333333333,77.5,11.646666666666667,10.836666666666668
1957-05-01,86.7,14.964516129032257,9.716129032258063,52.5,10.687096774193549,7.199999999999999
1957-06-01,42.9,16.11,11.06,38.5,11.610000000000001,6.193333333333333
1957-07-01,44.0,12.419354838709678,7.093548387096774,43.9,8.98709677419355,6.877419354838709
1957-08-01,74.5,13.693548387096774,8.403225806451612,59.2,9.793548387096775,10.751612903225807
1957-09-01,99.8,14.843333333333334,7.666666666666667,77.0,9.516666666666667,13.479999999999999
1957-10-01,78.8,15.025806451612903,8.961290322580645,106.7,11.32258064516129,15.480645161290322
1957-11-01,92.4,16.526666666666667,9.853333333333333,132.1,12.51,19.39
1957-12-01,70.9,18.903225806451612,11.35483870967742,163.7,12.751612903225807,21.503225806451614
1958-01-01,20.0,18.925806451612903,11.899999999999999,189.4,13.383870967741935,21.864516129032257
1958-02-01,18.4,20.167857142857144,13.207142857142857,159.0,14.75357142857143,18.660714285714285
1958-03-01,41.8,19.551612903225806,12.538709677419355,125.7,13.641935483870967,13.619354838709677
1958-04-01,23.7,18.903333333333332,10.833333333333334,77.5,11.443333333333333,12.046666666666665
1958-05-01,156.7,15.612903225806452,10.374193548387098,52.5,12.40967741935484,5.929032258064516
1958-06-01,63.5,13.106666666666666,7.886666666666667,38.5,9.593333333333334,6.54
1958-07-01,213.9,11.812903225806451,6.161290322580645,43.9,9.687096774193549,7.1
1958-08-01,105.6,12.44516129032258,8.016129032258064,59.2,10.593548387096773,8.093548387096774
1958-09-01,66.6,13.756666666666666,7.4,77.0,10.953333333333335,13.013333333333332
1958-10-01,93.89999999999999,14.996774193548386,8.951612903225806,106.7,11.616129032258065,15.770967741935483
1958-11-01,63.4,18.503333333333334,10.85,132.1,13.246666666666666,18.65
1958-12-01,25.2,18.96129032258065,9.648387096774194,163.7,11.829032258064515,21.003225806451614
1959-01-01,15.799999999999999,23.6,14.274193548387096,189.4,15.751612903225807,24.383870967741935
1959-02-01,72.3,20.589285714285715,14.107142857142858,159.0,14.885714285714286,17.432142857142857
1959-03-01,48.099999999999994,19.322580645161292,13.54516129032258,125.7,14.406451612903227,13.829032258064515
1959-04-01,75.7,17.986666666666668,11.716666666666667,77.5,12.533333333333333,11.296666666666665
1959-05-01,20.7,14.52258064516129,9.893548387096773,52.5,10.22258064516129,7.967741935483871
1959-06-01,78.39999999999999,13.403333333333334,8.723333333333333,38.5,10.256666666666666,5.97
1959-07-01,53.199999999999996,12.351612903225806,7.541935483870968,43.9,9.906451612903227,6.161290322580645
1959-08-01,108.3,13.59032258064516,7.438709677419355,59.2,10.23225806451613,10.661290322580646
1959-09-01,74.0,14.0,5.886666666666667,77.0,8.963333333333333,13.67
1959-10-01,43.3,15.083870967741936,7.870967741935484,106.7,10.580645161290322,17.403225806451612
1959-11-01,32.0,19.5,10.143333333333334,132.1,12.276666666666667,18.716666666666665
1959-12-01,61.6,18.86774193548387,11.245161290322581,163.7,13.583870967741936,21.338709677419356
1960-01-01,37.4,23.751612903225805,13.329032258064515,189.4,15.23225806451613,22.580645161290324
1960-02-01,59.4,19.76551724137931,11.26551724137931,163.8,13.310344827586206,19.124137931034483
1960-03-01,33.7,20.30322580645161,12.280645161290321,125.7,14.848387096774195,14.609677419354838
1960-04-01,186.7,16.82,9.913333333333332,77.5,12.1,9.376666666666667
1960-05-01,107.8,13.509677419354839,8.04516129032258,52.5,10.98709677419355,5.909677419354838
1960-06-01,84.39999999999999,12.370000000000001,7.11,38.5,10.72,6.816666666666666
1960-07-01,169.5,11.941935483870967,5.716129032258064,43.9,9.306451612903226,6.693548387096774
1960-08-01,119.6,12.19032258064516,5.093548387096774,59.2,9.03225806451613,10.112903225806452
1960-09-01,132.0,13.41,5.666666666666667,77.0,10.953333333333335,11.18
1960-10-01,84.8,15.864516129032259,8.3,106.7,11.080645161290322,18.57741935483871
1960-11-01,121.0,15.743333333333334,8.15,132.1,11.020000000000001,19.776666666666664
1960-12-01,36.5,21.812903225806455,12.63225806451613,163.7,15.083870967741936,24.606451612903225
1961-01-01,13.2,22.309677419354838,14.425806451612903,189.4,16.093548387096774,25.138709677419353
1961-02-01,33.0,21.817857142857143,14.039285714285715,159.0,15.571428571428571,19.396428571428572
1961-03-01,44.4,20.283870967741933,12.641935483870967,125.7,14.69032258064516,15.832258064516129
1961-04-01,189.7,18.05666666666667,12.110000000000001,77.5,13.943333333333333,10.256666666666666
1961-05-01,106.6,15.351612903225808,9.26774193548387,52.5,11.203225806451613,8.116129032258064
1961-06-01,96.5,14.08,8.903333333333334,38.5,11.743333333333334,5.9
1961-07-01,110.9,12.435483870967742,7.564516129032258,43.9,9.683870967741935,6.958064516129032
1961-08-01,95.9,13.587096774193547,7.425806451612904,59.2,10.264516129032257,9.990322580645161
1961-09-01,54.2,15.663333333333332,8.683333333333334,77.0,11.133333333333333,14.893333333333334
1961-10-01,37.4,16.822580645161292,9.94516129032258,106.7,12.496774193548386,16.37741935483871
1961-11-01,33.4,17.73,11.053333333333335,132.1,13.07,21.226666666666667
1961-12-01,37.1,20.848387096774193,12.16451612903226,163.7,14.203225806451613,22.635483870967743
1962-01-01,14.899999999999999,22.074193548387097,13.887096774193548,189.4,14.874193548387098,21.751612903225805
1962-02-01,33.1,20.928571428571427,13.314285714285715,159.0,16.657142857142855,19.792857142857144
1962-03-01,57.3,20.932258064516127,13.406451612903227,125.7,17.1,15.3
1962-04-01,29.8,17.736666666666668,11.979999999999999,77.5,12.983333333333333,10.343333333333334
1962-05-01,165.3,14.229032258064517,9.151612903225805,52.5,10.919354838709678,6.83225806451613
1962-06-01,188.0,14.413333333333332,8.983333333333333,38.5,11.006666666666666,6.526666666666667
1962-07-01,91.9,13.416129032258064,8.25483870967742,43.9,10.654838709677419,6.867741935483871
1962-08-01,120.5,12.851612903225806,7.15483870967742,59.2,10.258064516129032,9.390322580645162
1962-09-01,89.8,14.593333333333334,8.116666666666667,77.0,10.706666666666667,13.693333333333333
1962-10-01,134.3,15.148387096774194,7.464516129032258,106.7,11.558064516129033,16.261290322580646
1962-11-01,31.700000000000003,17.89,9.726666666666667,132.1,13.49,20.55666666666667
1962-12-01,60.5,19.248387096774195,11.903225806451612,163.7,15.370967741935484,20.190322580645162
1963-01-01,105.2,21.061290322580643,13.01290322580645,189.4,17.81935483870968,20.4741935483871
1963-02-01,28.4,19.760714285714283,12.617857142857144,159.0,15.939285714285715,18.235714285714288
1963-03-01,32.8,19.24516129032258,12.912903225806453,125.7,16.261290322580646,14.16451612903226
1963-04-01,26.799999999999997,16.556666666666665,10.736666666666668,77.5,14.083333333333334,11.03
1963-05-01,135.10000000000002,14.187096774193549,9.716129032258063,52.5,12.345161290322581,5.880645161290322
1963-06-01,99.5,13.370000000000001,8.21,38.5,11.84,5.64
1963-07-01,140.0,12.048387096774194,7.077419354838709,43.9,10.98709677419355,6.958064516129032
1963-08-01,94.5,13.5,7.67741935483871,59.2,11.416129032258064,9.258064516129032
1963-09-01,132.4,14.773333333333333,8.136666666666667,77.0,12.04,12.063333333333333
1963-10-01,45.2,18.103225806451615,11.225806451612904,106.7,15.264516129032257,16.86774193548387
1963-11-01,43.4,17.996666666666666,10.43,132.1,14.903333333333332,19.02
1963-12-01,8.1,19.177419354838708,12.261290322580646,163.7,16.76774193548387,22.532258064516128
1964-01-01,35.2,19.948387096774194,11.951612903225806,189.4,16.65806451612903,19.63225806451613
1964-02-01,98.9,20.32758620689655,11.975862068965517,163.8,15.39310344827586,15.775862068965518
1964-03-01,61.0,19.261290322580646,11.851612903225806,125.7,15.019354838709678,14.935483870967742
1964-04-01,88.1,16.936666666666667,11.553333333333335,77.5,15.113333333333333,8.683333333333334
1964-05-01,100.3,15.116129032258065,9.564516129032258,52.5,12.600000000000001,7.716129032258064
1964-06-01,106.7,13.323333333333332,8.870000000000001,38.5,11.366666666666667,5.653333333333333
1964-07-01,201.8,12.216129032258063,7.074193548387097,43.9,9.935483870967742,6.535483870967742
1964-08-01,167.6,12.864516129032259,7.248387096774194,59.2,10.480645161290322,8.012903225806452
1964-09-01,172.0,14.71,7.796666666666667,77.0,11.046666666666665,13.623333333333333
1964-10-01,98.2,15.241935483870968,8.958064516129031,106.7,11.683870967741935,15.619354838709677
1964-11-01,71.2,17.826666666666664,10.113333333333333,132.1,12.139999999999999,19.029999999999998
1964-12-01,90.6,16.238709677419354,10.719354838709679,163.7,13.025806451612903,17.690322580645162
1965-01-01,30.2,19.009677419354837,12.087096774193547,189.4,13.990322580645161,21.75483870967742
1965-02-01,7.4,22.41785714285714,13.271428571428572,159.0,15.525,20.646428571428572
1965-03-01,68.3,20.258064516129032,11.745161290322581,125.7,12.980645161290322,15.280645161290321
1965-04-01,139.6,15.676666666666668,9.85,77.5,12.229999999999999,10.336666666666668
1965-05-01,165.1,14.806451612903226,9.693548387096774,52.5,11.725806451612904,6.541935483870968
1965-06-01,56.9,13.906666666666666,8.266666666666667,38.5,10.443333333333333,5.8533333333333335
1965-07-01,103.6,12.280645161290321,6.987096774193549,43.9,9.664516129032258,6.319354838709677
1965-08-01,87.4,13.63225806451613,8.096774193548388,59.2,11.193548387096774,8.412903225806453
1965-09-01,86.6,14.846666666666666,9.056666666666667,77.0,12.266666666666667,12.193333333333333
1965-10-01,52.099999999999994,17.690322580645162,9.874193548387098,106.7,13.112903225806452,17.551612903225806
1965-11-01,93.5,17.19333333333333,9.856666666666666,132.1,12.446666666666665,17.68
1965-12-01,43.0,20.68064516129032,13.158064516129032,163.7,15.561290322580644,22.5258064516129
1966-01-01,33.5,21.467741935483872,12.180645161290323,189.4,16.480645161290322,21.76774193548387
1966-02-01,26.9,19.646428571428572,13.435714285714285,159.0,16.214285714285715,18.889285714285712
1966-03-01,53.9,21.306451612903224,13.606451612903227,125.7,14.358064516129033,14.858064516129033
1966-04-01,75.6,17.486666666666668,10.78,77.5,12.639999999999999,10.413333333333334
1966-05-01,47.4,15.23225806451613,9.787096774193548,52.5,10.8,6.699999999999999
1966-06-01,87.2,12.863333333333333,7.163333333333333,38.5,10.146666666666667,5.526666666666667
1966-07-01,89.3,11.870967741935484,6.274193548387097,43.9,10.229032258064517,6.238709677419355
1966-08-01,144.6,12.916129032258064,7.241935483870968,59.2,10.345161290322581,9.029032258064515
1966-09-01,66.3,14.68,8.860000000000001,77.0,11.319999999999999,12.046666666666665
1966-10-01,53.8,16.39677419354839,9.703225806451613,106.7,11.490322580645161,15.40967741935484
1966-11-01,55.3,18.82,11.003333333333334,132.1,12.41,19.113333333333333
1966-12-01,115.9,18.52258064516129,11.790322580645162,163.7,13.812903225806451,19.81935483870968
1967-01-01,50.599999999999994,19.761290322580646,12.78709677419355,189.4,13.851612903225806,21.093548387096774
1967-02-01,18.299999999999997,22.785714285714285,14.049999999999999,159.0,15.674999999999999,20.407142857142855
1967-03-01,27.5,20.01290322580645,13.283870967741937,125.7,15.625806451612902,16.53548387096774
1967-04-01,25.9,18.733333333333334,12.41,77.5,13.916666666666666,10.25
1967-05-01,34.3,16.403225806451612,10.774193548387096,52.5,12.629032258064516,7.783870967741936
1967-06-01,43.7,14.51,9.126666666666667,38.5,12.139999999999999,6.930000000000001
1967-07-01,121.0,12.806451612903226,7.593548387096774,43.9,10.383870967741935,6.567741935483871
1967-08-01,117.39999999999999,13.129032258064516,7.577419354838709,59.2,10.270967741935483,9.580645161290322
1967-09-01,59.8,14.360000000000001,8.59,77.0,11.863333333333333,12.96
1967-10-01,37.4,17.067741935483873,10.09032258064516,106.7,11.738709677419354,18.570967741935487
1967-11-01,24.5,17.916666666666668,9.76,132.1,11.69,20.296666666666667
1967-12-01,74.5,18.148387096774194,9.435483870967742,163.7,13.745161290322581,20.516129032258064
1968-01-01,9.399999999999999,22.219354838709677,11.916129032258064,189.4,15.525806451612903,25.370967741935484
1968-02-01,16.5,23.517241379310345,15.313793103448276,163.8,17.224137931034484,20.641379310344828
1968-03-01,130.7,21.03548387096774,13.761290322580646,125.7,15.503225806451614,13.848387096774195
1968-04-01,97.7,18.52,11.753333333333334,77.5,13.896666666666667,8.639999999999999
1968-05-01,224.2,13.783870967741937,9.103225806451613,52.5,11.37741935483871,5.941935483870967
1968-06-01,118.6,12.506666666666666,7.743333333333334,38.5,10.823333333333332,5.6866666666666665
1968-07-01,80.5,11.935483870967742,6.735483870967743,43.9,10.067741935483872,6.170967741935484
1968-08-01,166.0,12.62258064516129,6.9,59.2,10.26774193548387,9.803225806451612
1968-09-01,67.89999999999999,14.139999999999999,7.8566666666666665,77.0,9.99,12.906666666666666
1968-10-01,160.0,16.0,9.077419354838709,106.7,11.764516129032257,14.709677419354838
1968-11-01,138.9,16.13,9.693333333333333,132.1,12.023333333333333,17.173333333333336
1968-12-01,14.7,17.925806451612903,11.370967741935484,163.7,12.770967741935483,22.05483870967742
1969-01-01,27.7,22.361290322580647,13.641935483870967,189.4,14.738709677419354,23.148387096774194
1969-02-01,61.199999999999996,21.103571428571428,15.346428571428572,159.0,16.65,15.235714285714286
1969-03-01,65.60000000000001,19.690322580645162,13.483870967741936,125.7,15.14516129032258,13.887096774193548
1969-04-01,64.2,18.23,11.463333333333333,77.5,13.296666666666665,10.696666666666665
1969-05-01,66.8,14.812903225806451,9.54516129032258,52.5,10.100000000000001,7.209677419354839
1969-06-01,34.2,13.193333333333333,7.993333333333333,38.5,9.236666666666668,6.663333333333333
1969-07-01,83.4,13.380645161290323,8.05483870967742,43.9,10.087096774193547,6.293548387096774
1969-08-01,100.3,13.958064516129031,8.503225806451614,59.2,10.164516129032258,8.77741935483871
1969-09-01,131.6,12.556666666666667,7.236666666666666,77.0,9.666666666666666,12.166666666666666
1969-10-01,100.39999999999999,16.04516129032258,9.403225806451612,106.7,11.241935483870968,17.338709677419356
1969-11-01,50.3,16.5,10.813333333333333,132.1,13.143333333333334,18.35
1969-12-01,47.0,16.996774193548386,10.44516129032258,162.3,12.280645161290321,19.567741935483873
1970-01-01,51.3,20.041935483870965,13.238709677419354,196.6,14.432258064516128,19.83225806451613
1970-02-01,19.2,20.414285714285715,12.875,191.7,14.635714285714286,21.385714285714283
1970-03-01,63.6,19.154838709677417,12.567741935483872,141.9,14.825806451612904,14.383870967741935
1970-04-01,94.8,18.39333333333333,12.56,89.4,13.843333333333334,10.31
1970-05-01,88.2,14.148387096774194,9.429032258064517,41.8,11.02258064516129,6.674193548387097
1970-06-01,61.2,13.556666666666667,8.866666666666667,31.5,10.896666666666667,5.836666666666667
1970-07-01,165.4,12.912903225806453,7.748387096774194,42.3,9.69032258064516,5.754838709677419
1970-08-01,168.7,12.77741935483871,6.806451612903226,52.8,9.116129032258064,8.341935483870968
1970-09-01,83.0,12.543333333333333,7.6,71.4,9.603333333333333,11.436666666666667
1970-10-01,49.5,15.983870967741936,8.48709677419355,111.7,10.30967741935484,15.625806451612902
1970-11-01,99.69999999999999,16.58,10.673333333333334,149.7,12.566666666666666,19.086666666666666
1970-12-01,72.9,19.135483870967743,11.6,187.4,13.56774193548387,20.538709677419355
1971-01-01,60.300000000000004,20.06451612903226,13.97741935483871,220.6,15.893548387096773,20.86774193548387
1971-02-01,42.1,22.178571428571427,15.65,176.1,16.239285714285714,18.928571428571427
1971-03-01,33.900000000000006,21.5258064516129,15.074193548387097,158.6,15.461290322580645,15.78709677419355
1971-04-01,89.2,19.016666666666666,12.793333333333333,94.9,14.593333333333334,10.536666666666667
1971-05-01,158.6,15.293548387096775,9.603225806451613,48.0,11.229032258064517,6.82258064516129
1971-06-01,131.9,13.120000000000001,8.31,32.8,10.083333333333334,5.1
1971-07-01,81.7,13.02258064516129,7.716129032258064,32.1,9.6,5.922580645161291
1971-08-01,126.3,12.683870967741935,7.0,52.2,9.564516129032258,8.864516129032259
1971-09-01,105.2,14.056666666666667,7.95,67.9,9.906666666666666,11.733333333333333
1971-10-01,143.4,15.138709677419355,8.470967741935485,105.8,10.600000000000001,15.174193548387096
1971-11-01,124.7,16.386666666666667,9.57,123.2,12.21,16.336666666666666
1971-12-01,87.4,18.283870967741933,11.55483870967742,177.0,13.703225806451613,19.532258064516128
1972-01-01,47.4,18.822580645161292,13.941935483870967,181.8,15.706451612903225,18.53548387096774
1972-02-01,90.9,22.417241379310347,14.775862068965518,181.5,16.90344827586207,18.97241379310345
1972-03-01,99.4,19.34193548387097,13.203225806451613,131.1,14.303225806451612,15.754838709677419
1972-04-01,92.5,18.096666666666668,11.673333333333334,83.60000000000001,12.833333333333334,11.726666666666667
1972-05-01,27.599999999999998,15.703225806451613,10.570967741935483,48.8,11.348387096774195,7.725806451612903
1972-06-01,42.5,13.443333333333333,8.136666666666667,36.2,10.303333333333333,6.613333333333333
1972-07-01,166.29999999999998,12.53225806451613,7.393548387096774,46.4,9.951612903225806,6.074193548387097
1972-08-01,83.69999999999999,13.580645161290322,8.380645161290323,57.3,10.241935483870968,8.925806451612903
1972-09-01,54.1,16.16,9.916666666666666,90.1,11.003333333333334,12.536666666666667
1972-10-01,46.9,16.812903225806455,9.787096774193548,117.2,12.30967741935484,17.4
1972-11-01,56.7,16.66,10.606666666666666,137.7,13.463333333333333,18.623333333333335
1972-12-01,12.5,20.551612903225806,13.02258064516129,218.6,14.025806451612903,22.41290322580645
1973-01-01,33.8,22.674193548387095,14.316129032258065,219.1,14.290322580645162,20.154838709677417
1973-02-01,114.1,21.364285714285717,14.892857142857142,154.1,16.29642857142857,20.575
1973-03-01,79.1,19.11935483870968,12.848387096774195,104.8,13.106451612903227,14.141935483870967
1973-04-01,97.9,18.926666666666666,12.613333333333333,79.39999999999999,13.466666666666667,9.976666666666667
1973-05-01,135.4,15.416129032258064,10.332258064516129,46.6,12.341935483870968,6.690322580645161
1973-06-01,111.39999999999999,12.483333333333333,7.933333333333334,33.0,10.07,6.043333333333333
1973-07-01,47.5,13.370967741935484,8.293548387096775,37.6,10.100000000000001,7.474193548387096
1973-08-01,111.4,13.62258064516129,7.932258064516129,48.1,10.270967741935483,9.619354838709677
1973-09-01,110.1,15.273333333333333,9.026666666666667,80.5,11.31,12.716666666666667
1973-10-01,73.7,16.551612903225806,10.483870967741936,94.5,13.235483870967743,14.154838709677419
1973-11-01,65.6,16.753333333333334,11.22,118.3,12.583333333333334,18.7
1973-12-01,47.0,20.52258064516129,13.2,172.9,15.864516129032259,21.635483870967743
1974-01-01,15.1,23.6,15.641935483870967,220.2,18.63225806451613,23.438709677419357
1974-02-01,24.1,21.010714285714283,15.060714285714285,155.9,15.65,18.517857142857142
1974-03-01,62.4,21.712903225806453,16.0,144.3,17.16774193548387,14.603225806451613
1974-04-01,150.9,17.153333333333332,13.076666666666666,59.0,13.860000000000001,7.91
1974-05-01,51.1,16.412903225806453,11.170967741935485,43.3,13.04516129032258,7.674193548387097
1974-06-01,56.2,13.826666666666666,8.996666666666666,32.0,10.753333333333334,6.086666666666667
1974-07-01,205.4,12.887096774193548,7.893548387096774,42.8,10.80967741935484,6.367741935483871
1974-08-01,183.1,12.922580645161291,7.841935483870968,51.7,10.983870967741936,8.874193548387098
1974-09-01,151.3,13.57,8.24,66.5,11.423333333333334,11.666666666666666
1974-10-01,66.9,15.69032258064516,9.780645161290321,91.6,12.432258064516128,15.66451612903226
1974-11-01,58.9,16.916666666666668,10.233333333333333,117.4,12.546666666666665,20.06
1974-12-01,80.8,18.780645161290323,11.570967741935483,144.6,13.751612903225807,21.129032258064516
1975-01-01,58.4,18.825806451612905,12.280645161290321,172.1,12.938709677419356,22.496774193548386
1975-02-01,10.5,20.974999999999998,14.292857142857143,168.2,16.16785714285714,19.02857142857143
1975-03-01,69.5,19.38064516129032,12.980645161290324,121.89999999999999,14.629032258064516,14.390322580645162
1975-04-01,41.2,16.94,11.296666666666665,70.3,13.166666666666666,10.09
1975-05-01,112.2,16.219354838709677,10.658064516129032,54.6,13.429032258064517,6.074193548387097
1975-06-01,77.9,13.283333333333333,8.54,35.0,10.7,6.2733333333333325
1975-07-01,125.8,14.32258064516129,8.483870967741936,54.7,10.270967741935483,7.083870967741936
1975-08-01,166.8,12.922580645161291,8.167741935483871,47.3,9.596774193548388,7.903225806451613
1975-09-01,109.0,15.42,9.46,72.8,11.06,12.863333333333333
1975-10-01,133.6,15.98709677419355,10.02258064516129,90.9,12.364516129032259,14.187096774193549
1975-11-01,97.2,18.653333333333332,11.816666666666666,116.6,13.46,16.906666666666666
1975-12-01,28.0,20.338709677419356,13.480645161290322,176.8,13.970967741935485,22.648387096774194
1976-01-01,15.8,21.570967741935487,13.745161290322581,203.5,14.558064516129033,20.851612903225806
1976-02-01,51.199999999999996,21.520689655172415,15.43448275862069,180.5,16.76551724137931,19.810344827586206
1976-03-01,52.3,20.14516129032258,13.674193548387096,130.9,15.093548387096773,15.841935483870968
1976-04-01,53.8,18.30666666666667,11.846666666666666,87.0,12.386666666666667,10.623333333333333
1976-05-01,64.5,15.116129032258065,10.270967741935483,59.6,10.72258064516129,6.735483870967743
1976-06-01,122.0,13.5,9.243333333333334,38.4,11.196666666666665,5.9
1976-07-01,45.4,12.719354838709679,7.835483870967742,38.7,9.603225806451613,6.32258064516129
1976-08-01,96.2,12.874193548387098,7.493548387096775,58.4,9.30967741935484,8.36774193548387
1976-09-01,113.19999999999999,13.9,8.626666666666667,74.7,10.316666666666666,12.196666666666665
1976-10-01,130.2,14.296774193548387,9.035483870967743,93.3,11.419354838709678,16.106451612903225
1976-11-01,74.0,16.496666666666666,10.71,112.3,12.853333333333333,18.473333333333336
1976-12-01,80.8,19.59032258064516,11.580645161290322,165.7,13.519354838709678,21.43548387096774
1977-01-01,87.8,20.36774193548387,13.09032258064516,179.4,14.745161290322581,22.52258064516129
1977-02-01,77.8,21.857142857142858,14.185714285714285,171.3,15.042857142857143,19.542857142857144
1977-03-01,61.5,19.816129032258065,13.138709677419355,123.0,14.338709677419354,14.735483870967743
1977-04-01,45.3,16.183333333333334,10.99,59.9,12.663333333333332,8.766666666666667
1977-05-01,130.6,14.922580645161291,9.638709677419355,53.2,10.399999999999999,6.645161290322581
1977-06-01,142.79999999999998,12.803333333333335,8.683333333333334,35.9,10.303333333333335,5.2
1977-07-01,90.4,12.112903225806452,6.712903225806452,39.5,9.187096774193549,7.05483870967742
1977-08-01,78.4,15.02258064516129,8.764516129032257,69.3,9.703225806451613,9.587096774193547
1977-09-01,60.8,13.520000000000001,7.92,68.6,10.403333333333334,12.263333333333332
1977-10-01,56.8,18.283870967741933,9.783870967741937,112.0,11.725806451612904,16.94193548387097
1977-11-01,101.5,17.98,9.879999999999999,145.0,11.236666666666668,19.846666666666668
1977-12-01,27.2,18.529032258064515,11.422580645161291,158.3,13.667741935483871,20.374193548387098
1978-01-01,28.599999999999998,19.432258064516127,12.609677419354838,173.8,12.941935483870967,21.0
1978-02-01,52.8,19.289285714285715,12.803571428571429,150.8,13.678571428571429,19.5
1978-03-01,74.6,19.74516129032258,13.574193548387097,118.3,13.906451612903227,12.551612903225807
1978-04-01,69.2,16.57,10.893333333333334,69.4,12.333333333333334,10.126666666666667
1978-05-01,120.89999999999999,16.238709677419354,10.970967741935485,58.3,12.345161290322581,6.516129032258065
1978-06-01,108.1,13.120000000000001,8.866666666666667,34.7,11.139999999999999,5.716666666666667
1978-07-01,197.5,12.16451612903226,7.629032258064516,45.5,10.12258064516129,6.925806451612904
1978-08-01,165.9,12.380645161290323,7.283870967741936,50.3,9.332258064516129,9.003225806451614
1978-09-01,92.0,14.473333333333333,8.916666666666666,70.5,10.973333333333333,12.92
1978-10-01,86.19999999999999,17.299999999999997,10.283870967741937,107.8,11.745161290322581,16.76774193548387
1978-11-01,101.4,18.316666666666666,11.42,121.3,12.74,19.166666666666668
1978-12-01,96.4,17.470967741935485,11.832258064516129,136.4,13.183870967741935,19.948387096774194
1979-01-01,55.0,22.338709677419356,14.280645161290321,184.3,14.748387096774193,22.980645161290322
1979-02-01,22.2,20.45,14.435714285714285,141.4,15.260714285714286,17.714285714285715
1979-03-01,44.8,20.274193548387096,13.858064516129033,119.89999999999999,14.116129032258065,15.016129032258064
1979-04-01,63.6,16.63,11.003333333333334,69.4,11.536666666666667,10.163333333333332
1979-05-01,66.7,14.506451612903225,9.996774193548386,48.2,11.519354838709678,6.44516129032258
1979-06-01,67.1,14.136666666666667,8.979999999999999,37.2,11.356666666666666,5.71
1979-07-01,134.5,12.958064516129031,7.219354838709678,43.3,9.570967741935483,7.358064516129032
1979-08-01,153.1,12.683870967741935,7.951612903225806,46.9,10.358064516129033,8.980645161290322
1979-09-01,170.2,14.386666666666667,8.543333333333333,72.3,9.903333333333332,12.173333333333334
1979-10-01,101.8,16.309677419354838,9.490322580645161,99.5,11.170967741935485,17.73225806451613
1979-11-01,75.4,17.933333333333334,11.483333333333333,123.0,12.056666666666667,18.136666666666667
1979-12-01,46.8,20.061290322580643,11.916129032258064,160.5,13.196774193548388,19.76774193548387
1980-01-01,67.0,18.383870967741935,12.180645161290323,169.3,13.719354838709679,20.322580645161292
1980-02-01,11.8,20.303448275862067,12.73448275862069,166.9,13.337931034482759,19.86551724137931
1980-03-01,23.8,18.874193548387098,12.470967741935485,124.7,12.748387096774193,14.02258064516129
1980-04-01,108.0,20.066666666666666,12.776666666666667,97.0,13.253333333333334,10.66
1980-05-01,105.6,16.938709677419357,11.709677419354838,52.9,12.574193548387097,8.093548387096774
1980-06-01,121.4,13.616666666666667,9.086666666666668,34.8,10.19,5.4
1980-07-01,163.5,12.803225806451612,8.396774193548387,38.7,9.983870967741936,6.293548387096774
1980-08-01,111.6,14.593548387096773,9.029032258064515,70.5,9.883870967741935,9.612903225806452
1980-09-01,107.39999999999999,15.736666666666668,9.486666666666668,89.9,10.306666666666667,13.066666666666666
1980-10-01,114.4,16.758064516129032,10.01290322580645,103.5,11.370967741935484,17.967741935483872
1980-11-01,59.0,18.766666666666666,11.243333333333334,126.6,11.43,19.61
1980-12-01,39.0,20.4,13.174193548387096,187.7,13.448387096774193,22.835483870967742
1981-01-01,62.0,23.448387096774194,15.609677419354838,205.4,16.81935483870968,21.780645161290323
1981-02-01,26.8,23.285714285714285,16.110714285714288,161.8,16.675,18.739285714285717
1981-03-01,63.2,18.95483870967742,13.248387096774193,107.4,13.551612903225807,13.674193548387096
1981-04-01,33.0,18.506666666666668,12.616666666666667,84.2,12.823333333333332,10.56
1981-05-01,85.6,15.754838709677419,10.94516129032258,49.9,11.14516129032258,6.97741935483871
1981-06-01,72.4,13.106666666666666,7.8133333333333335,40.7,9.943333333333333,6.363333333333333
1981-07-01,138.0,12.77741935483871,7.819354838709677,46.0,9.52258064516129,6.919354838709677
1981-08-01,145.8,13.070967741935483,7.196774193548387,56.2,9.641935483870967,9.535483870967743
1981-09-01,59.6,16.503333333333334,9.393333333333334,81.2,10.406666666666666,13.4
1981-10-01,69.4,17.358064516129033,9.7,113.7,10.845161290322581,17.248387096774195
1981-11-01,30.400000000000002,17.223333333333336,11.313333333333333,128.4,12.29,20.91
1981-12-01,29.2,19.406451612903226,12.461290322580645,172.1,12.912903225806453,22.9741935483871
1982-01-01,39.2,22.919354838709676,14.67741935483871,208.8,14.735483870967743,21.251612903225805
1982-02-01,16.2,22.25357142857143,14.65,176.9,13.517857142857142,20.657142857142855
1982-03-01,69.6,21.429032258064513,14.45483870967742,133.1,14.806451612903226,15.203225806451613
1982-04-01,67.6,17.553333333333335,11.876666666666667,77.0,12.76,10.773333333333333
1982-05-01,108.0,15.464516129032257,10.251612903225807,59.6,10.422580645161291,6.922580645161291
1982-06-01,98.0,12.49,7.673333333333333,36.9,9.723333333333333,6.236666666666666
1982-07-01,71.8,12.161290322580646,6.816129032258065,37.8,8.641935483870967,7.593548387096774
1982-08-01,36.800000000000004,15.393548387096773,9.029032258064515,69.0,9.603225806451613,10.37741935483871
1982-09-01,59.8,14.173333333333334,7.9399999999999995,86.1,9.556666666666667,13.516666666666667
1982-10-01,72.2,15.90967741935484,9.13225806451613,122.8,10.158064516129032,17.41290322580645
1982-11-01,15.399999999999999,18.936666666666667,11.036666666666667,196.0,11.323333333333332,20.746666666666666
1982-12-01,34.400000000000006,18.36774193548387,12.074193548387097,188.1,12.696774193548388,21.72258064516129
1983-01-01,71.2,19.396774193548385,11.929032258064517,210.2,12.661290322580646,22.799999999999997
1983-02-01,1.6,24.075,14.639285714285714,206.4,13.892857142857142,20.196428571428573
1983-03-01,140.0,19.31935483870968,14.30967741935484,122.2,15.45483870967742,12.719354838709679
1983-04-01,94.6,16.18,10.936666666666667,70.8,11.613333333333333,10.226666666666667
1983-05-01,108.4,15.238709677419354,10.629032258064516,51.5,12.22258064516129,7.358064516129032
1983-06-01,93.4,12.493333333333334,8.356666666666667,35.2,10.116666666666667,5.430000000000001
1983-07-01,87.4,12.451612903225806,7.435483870967742,38.4,9.53225806451613,6.983870967741935
1983-08-01,95.4,14.070967741935483,9.141935483870967,61.6,10.183870967741935,9.848387096774195
1983-09-01,91.0,14.26,9.04,84.0,10.19,12.53
1983-10-01,83.6,15.058064516129033,9.764516129032257,93.2,11.519354838709678,17.061290322580643
1983-11-01,85.2,17.076666666666664,11.133333333333333,110.9,12.389999999999999,17.64333333333333
1983-12-01,22.8,20.30322580645161,13.225806451612904,174.6,13.061290322580644,20.9
1984-01-01,62.4,19.55806451612903,13.567741935483872,180.6,13.845161290322581,21.887096774193548
1984-02-01,18.8,21.03793103448276,13.510344827586207,173.1,14.134482758620688,19.517241379310345
1984-03-01,111.4,18.741935483870968,12.7,131.9,13.3,14.461290322580645
1984-04-01,48.6,16.83,11.893333333333334,72.2,12.606666666666666,10.639999999999999
1984-05-01,67.8,16.061290322580643,10.470967741935485,55.6,10.735483870967743,8.264516129032257
1984-06-01,113.6,13.59,8.913333333333332,43.6,10.276666666666667,6.666666666666667
1984-07-01,196.0,12.403225806451612,7.554838709677419,40.5,9.706451612903225,6.209677419354839
1984-08-01,112.2,13.548387096774194,8.106451612903227,62.4,9.596774193548388,9.074193548387097
1984-09-01,124.2,13.610000000000001,8.06,64.8,9.816666666666666,11.266666666666667
1984-10-01,27.2,17.03548387096774,10.341935483870968,120.4,10.76774193548387,18.32903225806452
1984-11-01,55.6,18.363333333333333,12.106666666666666,137.4,11.956666666666667,20.05
1984-12-01,63.199999999999996,17.15806451612903,11.345161290322581,157.1,12.77741935483871,21.203225806451613
1985-01-01,12.4,20.138709677419353,12.670967741935485,202.3,12.587096774193547,20.42258064516129
1985-02-01,13.0,19.97142857142857,13.228571428571428,167.8,13.0,18.489285714285717
1985-03-01,63.6,20.37741935483871,14.151612903225805,135.4,15.625806451612902,13.37741935483871
1985-04-01,94.8,19.13,13.123333333333333,88.4,13.473333333333333,10.576666666666666
1985-05-01,64.6,16.019354838709678,10.580645161290322,59.6,11.332258064516129,7.82258064516129
1985-06-01,92.0,13.103333333333333,8.116666666666667,43.8,9.746666666666666,5.713333333333334
1985-07-01,126.8,12.76774193548387,7.190322580645161,56.3,8.83548387096774,7.012903225806451
1985-08-01,69.2,13.667741935483871,8.13225806451613,64.0,10.05483870967742,8.916129032258064
1985-09-01,35.2,14.103333333333333,8.913333333333332,79.2,10.1,13.246666666666666
1985-10-01,75.0,16.825806451612905,10.22258064516129,118.3,11.364516129032259,18.083870967741937
1985-11-01,133.2,17.353333333333335,11.78,119.6,12.946666666666665,18.673333333333336
1985-12-01,114.8,19.13548387096774,12.8,137.5,14.206451612903225,19.380645161290325
1986-01-01,32.8,19.22258064516129,13.106451612903227,154.2,13.125806451612902,23.541935483870965
1986-02-01,17.0,20.74285714285714,13.578571428571427,149.2,13.260714285714286,20.460714285714285
1986-03-01,12.8,21.103225806451615,13.916129032258064,140.1,13.422580645161291,16.996774193548386
1986-04-01,104.8,18.196666666666665,11.693333333333333,84.6,11.693333333333333,10.456666666666667
1986-05-01,105.8,15.435483870967742,11.229032258064517,44.1,11.829032258064515,6.635483870967741
1986-06-01,120.4,12.786666666666667,8.57,32.8,10.156666666666666,6.263333333333334
1986-07-01,163.0,12.16451612903226,7.296774193548386,36.5,9.451612903225806,6.4
1986-08-01,89.8,13.361290322580645,8.351612903225806,55.2,9.929032258064517,9.948387096774193
1986-09-01,72.0,14.123333333333333,8.933333333333334,63.1,10.47,12.746666666666666
1986-10-01,170.2,15.558064516129033,8.938709677419356,95.6,10.548387096774194,17.700000000000003
1986-11-01,32.2,17.903333333333332,10.746666666666666,134.1,10.906666666666666,21.353333333333335
1986-12-01,107.2,18.625806451612902,11.345161290322581,133.2,12.441935483870967,20.322580645161292
1987-01-01,58.0,19.183870967741935,11.59032258064516,168.9,12.422580645161291,20.87741935483871
1987-02-01,38.2,21.417857142857144,12.946428571428571,158.5,12.778571428571428,20.696428571428573
1987-03-01,39.6,18.503225806451614,11.925806451612903,120.8,11.983870967741936,13.990322580645161
1987-04-01,30.6,18.81,12.566666666666666,88.4,12.113333333333333,10.596666666666666
1987-05-01,141.6,15.651612903225805,10.493548387096775,57.4,11.66451612903226,7.112903225806452
1987-06-01,107.0,13.993333333333334,9.356666666666666,38.1,10.92,5.933333333333334
1987-07-01,77.0,12.893548387096773,7.687096774193548,43.300000000000004,9.19032258064516,7.480645161290322
1987-08-01,64.8,13.541935483870969,8.193548387096774,54.5,9.635483870967741,10.041935483870969
1987-09-01,68.8,16.4,9.736666666666668,90.8,10.133333333333333,13.873333333333333
1987-10-01,52.4,16.05483870967742,9.980645161290322,110.5,10.912903225806453,17.770967741935483
1987-11-01,42.6,19.82,12.270000000000001,154.9,11.75,19.63
1987-12-01,88.6,19.006451612903227,11.95483870967742,165.9,12.5,21.358064516129033
1988-01-01,63.6,22.751612903225805,14.341935483870968,182.6,14.403225806451612,21.94193548387097
1988-02-01,20.4,20.348275862068967,13.879310344827585,160.2,13.520689655172415,18.93448275862069
1988-03-01,49.599999999999994,20.73548387096774,14.0,143.0,14.396774193548387,16.364516129032257
1988-04-01,21.0,18.336666666666666,12.85,86.7,13.526666666666667,10.343333333333334
1988-05-01,57.0,17.051612903225806,11.374193548387098,54.2,13.36774193548387,7.106451612903226
1988-06-01,73.2,14.836666666666668,9.623333333333333,38.3,10.979999999999999,6.0600000000000005
1988-07-01,92.6,13.883870967741935,8.73225806451613,43.7,11.029032258064515,6.441935483870967
1988-08-01,108.8,14.087096774193547,8.712903225806452,63.3,10.132258064516128,9.296774193548387
1988-09-01,55.4,16.553333333333335,9.616666666666667,88.0,10.120000000000001,12.5
1988-10-01,123.8,17.11935483870968,9.203225806451613,134.8,10.95483870967742,16.416129032258063
1988-11-01,87.0,18.71333333333333,10.986666666666668,144.2,12.463333333333333,19.603333333333335
1988-12-01,71.0,19.858064516129033,12.932258064516128,162.1,14.26774193548387,19.4741935483871
1989-01-01,45.6,20.848387096774193,13.983870967741936,191.3,14.380645161290323,20.93548387096774
1989-02-01,25.0,22.271428571428572,14.592857142857143,166.0,14.667857142857143,19.485714285714288
1989-03-01,73.4,20.506451612903227,14.73225806451613,123.9,15.66451612903226,12.535483870967743
1989-04-01,31.8,18.763333333333332,12.983333333333333,73.8,14.256666666666666,10.126666666666667
1989-05-01,93.0,16.00967741935484,10.993548387096775,47.2,12.490322580645161,7.377419354838709
1989-06-01,98.4,13.373333333333333,7.943333333333333,35.0,10.126666666666667,6.1033333333333335
1989-07-01,96.6,12.819354838709677,7.235483870967743,43.1,9.758064516129032,7.077419354838709
1989-08-01,117.0,12.754838709677419,6.680645161290323,52.6,9.138709677419355,9.619354838709677
1989-09-01,71.6,15.15,8.006666666666666,82.9,10.406666666666666,14.686666666666666
1989-10-01,159.8,16.16774193548387,8.638709677419355,107.2,10.525806451612903,17.296774193548387
1989-11-01,36.0,18.553333333333335,11.143333333333334,124.3,12.416666666666666,19.61
1989-12-01,36.4,19.980645161290322,12.01290322580645,176.9,13.441935483870967,22.687096774193545
1990-01-01,6.8,22.151612903225807,12.980645161290322,219.8,14.174193548387096,26.729032258064517
1990-02-01,154.6,19.910714285714285,13.717857142857143,126.4,15.549999999999999,19.889285714285712
1990-03-01,49.0,20.906451612903226,13.95483870967742,138.0,13.774193548387096,17.270967741935483
1990-04-01,81.4,18.209999999999997,12.78,80.1,14.19,10.633333333333333
1990-05-01,31.8,16.10967741935484,10.067741935483872,56.2,11.283870967741937,7.819354838709677
1990-06-01,105.2,13.870000000000001,8.063333333333334,41.2,10.326666666666666,6.193333333333333
1990-07-01,152.4,13.241935483870968,7.429032258064517,45.8,10.116129032258064,5.816129032258065
1990-08-01,176.6,12.76774193548387,7.358064516129032,56.8,9.441935483870967,8.154838709677419
1990-09-01,90.4,15.46,8.716666666666667,81.6,10.34,13.223333333333333
1990-10-01,108.39999999999999,16.729032258064517,9.670967741935485,99.5,11.26774193548387,14.706451612903226
1990-11-01,57.2,18.823333333333334,10.716666666666667,144.3,11.296666666666665,23.196666666666665
1990-12-01,41.0,19.929032258064513,12.390322580645162,168.5,13.725806451612904,22.306451612903224
1991-01-01,123.4,20.596774193548388,13.790322580645162,177.9,14.403225806451612,23.041935483870965
1991-02-01,12.799999999999999,20.38214285714286,12.660714285714286,150.3,12.914285714285715,25.085714285714285
1991-03-01,67.6,19.55806451612903,12.332258064516129,129.9,12.845161290322581,17.09032258064516
1991-04-01,62.4,17.103333333333335,11.236666666666668,75.4,12.206666666666667,10.576666666666666
1991-05-01,36.4,15.609677419354838,10.435483870967742,42.3,11.819354838709677,7.674193548387097
1991-06-01,195.4,15.066666666666666,10.146666666666667,39.3,11.966666666666667,4.9
1991-07-01,102.2,13.193548387096774,8.27741935483871,38.9,10.187096774193549,6.535483870967742
1991-08-01,183.8,13.212903225806452,7.390322580645161,68.6,9.261290322580644,8.248387096774193
1991-09-01,126.0,14.613333333333333,8.06,68.0,9.9,11.01
1991-10-01,33.0,17.551612903225806,10.329032258064515,116.8,11.103225806451613,18.483870967741936
1991-11-01,89.6,17.453333333333333,10.123333333333333,121.8,11.156666666666666,21.32
1991-12-01,45.199999999999996,17.596774193548388,11.541935483870969,135.6,12.841935483870968,20.88064516129032
1992-01-01,23.6,18.906451612903226,12.01290322580645,151.5,12.651612903225805,22.200000000000003
1992-02-01,44.0,20.28620689655172,13.168965517241379,149.0,14.344827586206897,21.103448275862068
1992-03-01,56.0,20.280645161290323,13.458064516129031,117.5,14.787096774193548,15.358064516129033
1992-04-01,137.4,18.42,11.976666666666667,79.4,13.596666666666666,10.476666666666667
1992-05-01,106.8,15.490322580645161,9.980645161290322,48.4,11.899999999999999,7.190322580645161
1992-06-01,117.60000000000001,12.83,8.156666666666666,35.9,10.003333333333334,5.163333333333333
1992-07-01,114.6,13.106451612903227,8.087096774193547,48.9,9.82258064516129,6.732258064516128
1992-08-01,158.8,12.85483870967742,7.106451612903226,61.2,9.196774193548386,8.751612903225807
1992-09-01,114.2,12.823333333333332,7.106666666666667,63.6,9.78,10.943333333333333
1992-10-01,103.0,16.380645161290325,9.780645161290321,93.7,11.44516129032258,15.293548387096775
1992-11-01,115.2,16.616666666666667,10.01,118.4,11.983333333333333,21.85
1992-12-01,92.8,18.63225806451613,13.067741935483872,130.5,14.94516129032258,17.01290322580645
1993-01-01,38.4,21.193548387096776,13.899999999999999,170.1,14.712903225806452,21.961290322580645
1993-02-01,73.6,21.97142857142857,13.892857142857142,151.8,14.782142857142857,20.482142857142858
1993-03-01,33.2,19.532258064516128,13.57741935483871,107.0,14.66451612903226,14.754838709677419
1993-04-01,15.4,19.523333333333333,12.006666666666666,93.2,12.266666666666667,12.226666666666667
1993-05-01,46.4,15.793548387096775,10.05483870967742,56.8,11.048387096774194,7.709677419354839
1993-06-01,83.0,13.08,8.71,43.8,10.136666666666667,5.483333333333333
1993-07-01,108.0,13.903225806451612,8.348387096774195,44.1,10.074193548387097,6.251612903225807
1993-08-01,71.0,15.2,9.138709677419355,69.2,9.964516129032257,9.712903225806452
1993-09-01,110.0,15.466666666666667,9.266666666666667,77.6,10.479999999999999,13.7
1993-10-01,109.60000000000001,16.30322580645161,9.180645161290323,112.4,10.948387096774193,18.625806451612902
1993-11-01,59.599999999999994,17.476666666666667,10.066666666666666,127.39999999999999,11.223333333333333,21.673333333333336
1993-12-01,75.6,18.91290322580645,11.654838709677419,150.1,12.63225806451613,21.59032258064516
1994-01-01,66.0,20.061290322580643,11.748387096774193,171.0,11.80967741935484,24.72258064516129
1994-02-01,43.0,20.335714285714285,14.257142857142856,133.3,15.371428571428572,17.803571428571427
1994-03-01,14.4,19.503225806451614,13.103225806451613,118.0,13.941935483870967,15.754838709677419
1994-04-01,54.6,18.11,11.343333333333334,83.8,13.556666666666667,11.106666666666666
1994-05-01,97.4,15.348387096774195,8.558064516129033,67.8,11.141935483870967,6.754838709677419
1994-06-01,117.4,13.75,7.066666666666666,40.6,9.856666666666666,6.343333333333334
1994-07-01,106.6,13.929032258064517,6.864516129032259,49.4,8.77741935483871,7.290322580645161
1994-08-01,99.6,13.087096774193547,5.703225806451614,58.7,8.403225806451612,12.541935483870969
1994-09-01,93.0,13.433333333333334,6.4366666666666665,70.1,8.43,12.456666666666667
1994-10-01,93.6,16.799999999999997,8.44516129032258,118.5,9.303225806451612,17.48709677419355
1994-11-01,88.8,16.14,8.753333333333334,122.8,10.063333333333333,19.903333333333332
1994-12-01,46.6,21.483870967741936,11.825806451612904,201.4,11.570967741935483,25.641935483870967
1995-01-01,26.200000000000003,22.26451612903226,13.558064516129033,174.4,13.348387096774195,20.561290322580643
1995-02-01,31.8,25.79642857142857,17.585714285714285,163.6,10.489285714285714,22.239285714285717
1995-03-01,97.0,17.67096774193548,12.196774193548388,133.2,12.59032258064516,16.01290322580645
1995-04-01,107.4,15.45,9.396666666666667,70.0,10.453333333333335,9.879999999999999
1995-05-01,64.0,13.83548387096774,9.432258064516128,43.7,10.861290322580645,6.529032258064516
1995-06-01,116.0,12.68,8.3,38.6,10.006666666666666,5.3100000000000005
1995-07-01,191.4,10.838709677419354,6.764516129032257,40.0,9.319354838709677,5.435483870967742
1995-08-01,96.0,14.303225806451612,7.729032258064516,66.4,9.216129032258063,10.248387096774193
1995-09-01,63.800000000000004,14.07,6.8100000000000005,66.8,9.713333333333333,13.95
1995-10-01,43.6,15.270967741935483,8.519354838709678,96.8,9.470967741935485,17.893548387096775
1995-11-01,87.8,17.053333333333335,10.113333333333333,126.2,11.2,20.3
1995-12-01,53.400000000000006,16.006451612903227,10.364516129032259,137.9,11.061290322580644,21.996774193548386
1996-01-01,56.6,19.29032258064516,12.948387096774193,172.6,13.961290322580645,20.41290322580645
1996-02-01,42.0,18.193103448275863,12.779310344827588,141.4,13.441379310344828,20.73448275862069
1996-03-01,76.8,20.716129032258067,11.635483870967741,127.7,12.619354838709677,16.093548387096774
1996-04-01,47.6,15.53,10.623333333333333,65.3,11.203333333333335,8.629999999999999
1996-05-01,23.8,15.129032258064516,10.151612903225805,47.8,11.170967741935485,5.825806451612903
1996-06-01,96.0,13.293333333333333,8.51,38.7,10.18,5.6899999999999995
1996-07-01,129.6,12.53225806451613,7.574193548387097,46.1,9.53225806451613,5.622580645161291
1996-08-01,158.8,12.719354838709679,6.738709677419355,58.8,9.2,9.100000000000001
1996-09-01,144.6,14.173333333333334,7.930000000000001,87.9,9.3,13.479999999999999
1996-10-01,49.6,17.38064516129032,9.5,110.3,10.812903225806451,18.638709677419353
1996-11-01,47.2,17.066666666666666,10.273333333333333,137.4,9.643333333333334,20.686666666666667
1996-12-01,43.8,17.70967741935484,11.061290322580644,161.8,10.196774193548388,23.370967741935484
1997-01-01,72.8,22.629032258064516,14.683870967741935,220.0,12.97741935483871,23.35483870967742
1997-02-01,15.4,22.785714285714285,15.75,166.7,15.12857142857143,19.414285714285715
1997-03-01,58.2,18.451612903225808,13.03225806451613,114.4,12.5,14.783870967741937
1997-04-01,30.200000000000003,17.413333333333334,11.226666666666667,78.8,10.85,9.946666666666665
1997-05-01,112.0,14.40967741935484,10.312903225806451,44.5,11.393548387096773,5.541935483870968
1997-06-01,59.0,13.416666666666666,8.813333333333333,37.8,9.520000000000001,5.883333333333334
1997-07-01,86.4,11.961290322580645,7.480645161290322,40.4,8.958064516129031,6.66774193548387
1997-08-01,94.0,12.69032258064516,7.880645161290323,57.6,8.693548387096774,8.329032258064515
1997-09-01,89.6,13.7,8.8,67.2,10.723333333333333,13.610000000000001
1997-10-01,67.6,16.135483870967743,9.680645161290323,115.2,10.52258064516129,15.758064516129032
1997-11-01,77.6,18.533333333333335,11.3,134.9,11.139999999999999,20.886666666666667
1997-12-01,36.199999999999996,18.029032258064515,12.141935483870967,169.9,12.587096774193547,21.870967741935484
1998-01-01,39.8,21.161290322580644,14.32258064516129,193.4,14.651612903225805,22.287096774193547
1998-02-01,49.8,21.214285714285715,13.007142857142856,170.6,12.071428571428571,21.72142857142857
1998-03-01,27.4,19.54516129032258,12.94516129032258,142.3,12.541935483870969,15.593548387096773
1998-04-01,64.0,16.116666666666667,10.836666666666668,70.5,11.676666666666668,8.076666666666666
1998-05-01,74.8,15.096774193548388,9.941935483870967,45.6,10.974193548387097,6.070967741935483
1998-06-01,106.8,12.606666666666666,8.006666666666666,42.0,9.236666666666668,5.776666666666667
1998-07-01,84.0,12.129032258064516,7.0,39.5,8.990322580645161,6.296774193548386
1998-08-01,65.6,13.654838709677419,8.348387096774195,54.0,10.216129032258063,10.37741935483871
1998-09-01,89.2,15.433333333333334,9.466666666666667,87.9,10.276666666666667,13.393333333333334
1998-10-01,95.6,15.209677419354838,8.51290322580645,110.0,9.558064516129033,16.76451612903226
1998-11-01,61.8,17.186666666666667,11.129999999999999,128.2,11.363333333333333,21.346666666666668
1998-12-01,40.6,19.916129032258063,13.058064516129033,174.5,12.264516129032257,21.741935483870968
1999-01-01,57.2,20.006451612903227,14.612903225806452,187.4,15.606451612903227,20.36774193548387
1999-02-01,53.0,21.532142857142855,15.607142857142858,145.2,16.54285714285714,17.217857142857145
1999-03-01,66.4,18.76451612903226,13.19032258064516,123.7,13.206451612903225,14.793548387096775
1999-04-01,39.4,16.01,11.139999999999999,71.9,11.293333333333333,10.44
1999-05-01,79.4,16.2,10.738709677419354,62.6,11.006451612903225,6.793548387096774
1999-06-01,89.4,13.633333333333333,9.233333333333333,40.7,9.806666666666667,5.903333333333333
1999-07-01,58.599999999999994,13.806451612903226,9.258064516129032,45.7,9.661290322580646,6.458064516129032
1999-08-01,83.0,14.306451612903226,9.396774193548387,59.8,10.348387096774195,9.019354838709678
1999-09-01,31.2,16.056666666666665,9.843333333333334,80.3,10.41,13.546666666666665
1999-10-01,71.8,17.322580645161292,11.161290322580646,106.6,11.40967741935484,16.18709677419355
1999-11-01,101.4,16.616666666666667,11.273333333333333,134.8,11.520000000000001,20.026666666666664
1999-12-01,52.2,19.6,13.087096774193547,180.0,12.154838709677419,20.98709677419355
2000-01-01,40.4,19.29032258064516,13.806451612903226,180.8,14.170967741935485,20.35483870967742
2000-02-01,32.2,24.46896551724138,15.93448275862069,197.6,14.851724137931035,21.45862068965517
2000-03-01,32.6,21.258064516129032,14.612903225806452,153.6,13.816129032258065,15.44516129032258
2000-04-01,80.8,18.053333333333335,12.473333333333333,89.0,12.393333333333334,11.456666666666667
2000-05-01,152.0,15.151612903225805,10.035483870967743,57.7,11.119354838709677,6.529032258064516
2000-06-01,113.8,13.646666666666667,8.85,36.7,9.983333333333333,5.23
2000-07-01,97.2,12.96774193548387,8.32258064516129,43.3,8.980645161290322,6.029032258064516
2000-08-01,118.60000000000001,13.67741935483871,7.870967741935484,51.0,9.370967741935484,9.067741935483872
2000-09-01,174.8,14.5,9.3,82.6,10.163333333333332,11.25
2000-10-01,133.6,15.603225806451613,9.841935483870968,98.8,10.741935483870968,15.464516129032257
2000-11-01,33.4,18.5,13.17,137.4,13.953333333333335,22.4
2000-12-01,51.4,19.70967741935484,12.709677419354838,197.6,12.638709677419355,26.203225806451613
2001-01-01,35.800000000000004,23.248387096774195,15.316129032258065,198.4,14.629032258064516,19.88064516129032
2001-02-01,17.6,24.342857142857145,16.467857142857145,193.1,13.864285714285714,19.789285714285715
2001-03-01,71.4,19.70967741935484,13.870967741935484,132.5,13.780645161290321,14.496774193548386
2001-04-01,66.0,17.25,11.683333333333334,80.2,11.78,9.729999999999999
2001-05-01,49.8,15.193548387096774,10.709677419354838,42.0,11.393548387096773,6.929032258064516
2001-06-01,74.60000000000001,14.3,10.033333333333333,39.6,10.723333333333333,4.95
2001-07-01,62.6,13.241935483870968,9.206451612903225,37.5,10.351612903225806,6.22258064516129
2001-08-01,206.0,13.903225806451612,8.709677419354838,61.0,9.14516129032258,9.390322580645162
2001-09-01,67.2,16.883333333333333,10.42,77.4,10.106666666666666,13.93
2001-10-01,135.4,15.912903225806453,9.841935483870968,100.39999999999999,10.529032258064515,14.64516129032258
2001-11-01,103.80000000000001,16.3,11.033333333333333,109.0,11.18,18.766666666666666
2001-12-01,122.0,16.548387096774192,11.32258064516129,121.2,11.861290322580645,18.883870967741935
2002-01-01,55.4,18.548387096774192,13.161290322580646,150.7,13.493548387096775,22.238709677419354
2002-02-01,97.0,19.678571428571427,13.892857142857142,145.2,13.589285714285714,19.38214285714286
2002-03-01,15.4,19.5,13.451612903225806,128.0,13.074193548387097,16.787096774193547
2002-04-01,57.199999999999996,18.7,13.066666666666666,74.3,13.243333333333334,11.696666666666665
2002-05-01,87.4,16.0,11.258064516129032,54.4,11.05483870967742,6.370967741935484
2002-06-01,154.6,13.5,9.133333333333333,47.4,9.646666666666667,5.41
2002-07-01,114.2,13.419354838709678,8.64516129032258,54.2,8.96774193548387,6.616129032258065
2002-08-01,80.0,13.451612903225806,8.35483870967742,55.8,9.087096774193547,8.83548387096774
2002-09-01,129.4,15.033333333333333,9.166666666666666,94.9,8.846666666666666,13.296666666666665
2002-10-01,104.8,16.225806451612904,9.64516129032258,108.8,10.358064516129033,16.335483870967742
2002-11-01,50.2,18.233333333333334,10.933333333333334,138.4,11.006666666666666,19.75
2002-12-01,33.8,18.451612903225808,12.225806451612904,170.4,12.64516129032258,22.26774193548387
2003-01-01,68.2,21.770967741935483,13.861290322580645,195.1,13.254838709677419,22.993548387096773
2003-02-01,23.599999999999998,19.77857142857143,14.660714285714286,142.1,14.946428571428571,18.392857142857142
2003-03-01,61.2,19.096774193548388,13.290322580645162,121.2,13.383870967741935,12.306451612903226
2003-04-01,53.8,17.433333333333334,12.656666666666666,79.0,12.743333333333334,12.066666666666666
2003-05-01,33.2,15.741935483870968,10.774193548387096,47.6,11.44516129032258,8.216129032258063
2003-06-01,89.6,13.583333333333334,9.2,44.4,10.236666666666668,5.9
2003-07-01,107.4,13.129032258064516,8.419354838709678,49.6,9.125806451612902,6.374193548387097
2003-08-01,133.8,12.96774193548387,7.967741935483871,64.1,8.493548387096775,8.77741935483871
2003-09-01,138.20000000000002,13.573333333333332,7.933333333333334,83.0,9.203333333333335,13.22
2003-10-01,85.6,14.35483870967742,8.935483870967742,92.0,9.535483870967743,15.029032258064515
2003-11-01,39.2,18.466666666666665,11.466666666666667,140.7,10.706666666666667,21.703333333333333
2003-12-01,72.6,20.516129032258064,13.483870967741936,178.6,13.329032258064515,24.509677419354837
2004-01-01,47.2,18.741935483870968,12.612903225806452,155.8,12.374193548387098,20.01290322580645
2004-02-01,35.4,20.45862068965517,13.758620689655173,149.2,13.775862068965518,20.93103448275862
2004-03-01,70.8,19.612903225806452,13.064516129032258,128.2,11.82258064516129,15.116129032258065
2004-04-01,36.2,17.433333333333334,12.333333333333334,82.2,11.520000000000001,9.520000000000001
2004-05-01,95.0,14.774193548387096,10.32258064516129,52.5,10.848387096774195,6.803225806451613
2004-06-01,181.6,13.033333333333333,9.0,46.7,9.633333333333333,3.9633333333333334
2004-07-01,162.79999999999998,12.161290322580646,8.0,48.0,8.980645161290322,5.661290322580645
2004-08-01,107.39999999999999,13.580645161290322,8.774193548387096,61.2,9.570967741935483,7.967741935483871
2004-09-01,90.8,14.16,9.006666666666666,68.5,10.166666666666666,11.593333333333334
2004-10-01,45.4,17.19677419354839,10.458064516129031,119.3,10.429032258064517,19.296774193548387
2004-11-01,81.8,17.603333333333335,11.173333333333334,130.9,11.796666666666665,20.233333333333334
2004-12-01,44.800000000000004,18.64516129032258,12.970967741935485,165.5,13.35483870967742,22.967741935483872
2005-01-01,52.8,21.38064516129032,13.670967741935485,184.3,13.606451612903227,24.89032258064516
2005-02-01,88.8,19.86785714285714,13.225,128.7,12.817857142857141,18.760714285714283
2005-03-01,22.8,18.393548387096775,13.14516129032258,117.4,12.629032258064516,14.438709677419356
2005-04-01,43.4,20.353333333333335,12.886666666666667,105.1,12.796666666666665,12.026666666666667
2005-05-01,42.2,15.425806451612903,11.17741935483871,56.0,10.82258064516129,6.932258064516129
2005-06-01,67.2,14.426666666666668,9.04,39.5,10.396666666666667,5.553333333333333
2005-07-01,103.8,13.151612903225805,8.97741935483871,41.3,10.080645161290322,5.606451612903226
2005-08-01,94.0,14.074193548387097,8.96774193548387,71.4,9.106451612903227,8.964516129032257
2005-09-01,81.6,15.043333333333333,9.056666666666667,75.7,9.886666666666667,12.903333333333334
2005-10-01,82.0,16.46451612903226,10.583870967741936,114.0,11.80967741935484,17.73548387096774
2005-11-01,76.0,19.346666666666668,12.183333333333334,147.5,12.81,21.313333333333333
2005-12-01,54.4,21.606451612903225,13.196774193548388,195.2,12.274193548387096,24.406451612903226
2006-01-01,37.599999999999994,22.09032258064516,14.341935483870968,190.0,14.219354838709679,24.787096774193547
2006-02-01,45.6,20.360714285714288,13.842857142857143,141.0,14.0,22.099999999999998
2006-03-01,40.2,20.990322580645163,14.187096774193549,145.8,13.835483870967742,17.26774193548387
2006-04-01,115.8,15.56,10.513333333333332,76.5,10.573333333333332,9.036666666666667
2006-05-01,91.4,13.816129032258065,9.399999999999999,45.4,10.693548387096774,6.258064516129032
2006-06-01,40.2,12.743333333333334,7.38,32.4,9.506666666666666,5.843333333333334
2006-07-01,81.4,12.480645161290322,8.474193548387097,43.0,9.529032258064515,5.758064516129032
2006-08-01,57.8,13.845161290322581,8.516129032258064,62.7,9.619354838709677,9.880645161290323
2006-09-01,73.2,15.496666666666666,9.556666666666667,95.3,9.233333333333333,14.06
2006-10-01,24.599999999999998,17.76774193548387,9.351612903225806,151.5,9.02258064516129,20.541935483870965
2006-11-01,28.2,16.903333333333332,10.246666666666666,156.9,11.636666666666667,21.290000000000003
2006-12-01,16.6,18.903225806451612,11.73225806451613,204.4,11.319354838709677,26.35483870967742
2007-01-01,94.2,21.190322580645162,14.458064516129031,193.8,15.048387096774194,21.661290322580644
2007-02-01,20.6,22.082142857142856,16.05,171.2,16.25,20.34642857142857
2007-03-01,24.6,21.083870967741937,14.074193548387097,150.2,13.580645161290322,16.82903225806452
2007-04-01,45.800000000000004,18.290000000000003,13.223333333333333,90.3,13.663333333333332,11.576666666666666
2007-05-01,109.2,17.06451612903226,12.151612903225805,71.2,12.509677419354839,7.154838709677419
2007-06-01,53.6,12.55,8.703333333333335,36.9,10.296666666666665,5.7733333333333325
2007-07-01,141.20000000000002,12.82258064516129,7.929032258064517,46.8,9.912903225806453,6.835483870967742
2007-08-01,85.39999999999999,14.138709677419355,8.870967741935484,68.9,10.764516129032257,10.241935483870968
2007-09-01,86.4,15.643333333333334,9.013333333333332,89.7,9.376666666666667,13.216666666666667
2007-10-01,59.599999999999994,16.512903225806454,9.551612903225807,120.6,11.0,17.848387096774193
2007-11-01,65.4,18.053333333333335,12.006666666666666,138.6,13.323333333333332,22.28666666666667
2007-12-01,70.2,21.280645161290323,13.261290322580646,180.9,14.416129032258064,23.419354838709676
2008-01-01,22.0,20.961290322580645,14.696774193548388,195.8,15.864516129032259,24.287096774193547
2008-02-01,32.0,19.93448275862069,13.796551724137931,149.0,13.886206896551723,19.7551724137931
2008-03-01,92.4,22.612903225806452,14.01290322580645,162.3,12.883870967741935,16.51290322580645
2008-04-01,76.0,17.459999999999997,11.296666666666665,80.2,12.479999999999999,11.1
2008-05-01,56.0,15.070967741935483,10.429032258064517,43.7,11.98709677419355,6.738709677419355
2008-06-01,49.4,14.103333333333333,10.25,41.7,11.596666666666666,4.97
2008-07-01,108.0,12.680645161290323,7.335483870967742,42.0,9.24516129032258,6.967741935483871
2008-08-01,127.2,12.5,7.5,50.1,9.5,8.841935483870968
2008-09-01,61.8,15.15,9.006666666666666,91.5,9.363333333333333,14.2
2008-10-01,34.4,17.641935483870967,9.596774193548388,124.3,10.509677419354839,17.938709677419357
2008-11-01,35.6,17.266666666666666,11.036666666666667,137.8,11.476666666666667,18.966666666666665
2008-12-01,85.0,17.36774193548387,11.63225806451613,155.2,12.46774193548387,23.02258064516129
2009-01-01,10.399999999999999,21.403225806451612,13.051612903225807,220.8,13.464516129032257,28.17096774193548
2009-02-01,1.6,21.071428571428573,14.975,166.8,14.982142857142858,19.892857142857142
2009-03-01,71.39999999999999,19.603225806451615,13.064516129032258,117.8,13.961290322580645,14.264516129032257
2009-04-01,94.8,16.986666666666668,11.266666666666667,75.6,12.33,11.18
2009-05-01,47.800000000000004,15.03225806451613,10.832258064516129,43.9,12.248387096774193,6.570967741935483
2009-06-01,89.4,13.733333333333333,8.573333333333332,32.1,10.616666666666667,5.79
2009-07-01,139.6,13.051612903225807,8.338709677419354,47.2,9.5,5.758064516129032
2009-08-01,170.6,14.087096774193547,9.041935483870969,71.6,10.116129032258065,9.219354838709679
2009-09-01,107.8,15.316666666666666,9.003333333333334,82.8,9.69,12.45
2009-10-01,55.0,15.638709677419355,9.761290322580646,102.8,10.8,18.096774193548388
2009-11-01,58.4,20.813333333333333,13.479999999999999,153.7,14.49,21.31
2009-12-01,40.2,20.799999999999997,12.974193548387097,175.9,13.058064516129033,25.296774193548387
2010-01-01,14.4,21.848387096774193,13.941935483870967,190.8,13.609677419354838,24.225806451612904
2010-02-01,115.0,21.696428571428573,15.62142857142857,159.0,16.45714285714286,21.614285714285717
2010-03-01,34.4,20.177419354838708,14.729032258064517,119.7,14.87741935483871,14.587096774193547
2010-04-01,73.6,18.353333333333335,13.76,71.3,14.06,9.063333333333333
2010-05-01,90.2,15.425806451612903,10.225806451612904,45.5,11.80967741935484,7.090322580645162
2010-06-01,63.800000000000004,13.18,8.443333333333333,31.1,10.036666666666667,5.85
2010-07-01,77.0,13.05483870967742,8.35483870967742,35.3,10.364516129032259,6.535483870967742
2010-08-01,218.2,12.687096774193549,7.72258064516129,53.4,9.287096774193548,8.470967741935485
2010-09-01,78.6,13.143333333333334,8.92,65.3,9.99,12.5
2010-10-01,85.4,16.677419354838708,9.574193548387097,109.5,10.883870967741935,18.75483870967742
2010-11-01,78.0,17.973333333333336,11.573333333333332,118.8,12.363333333333333,19.516666666666666
2010-12-01,143.8,19.248387096774195,12.635483870967741,151.4,13.864516129032259,23.809677419354838
2011-01-01,123.00000000000001,21.480645161290322,14.580645161290322,160.6,14.893548387096773,22.258064516129032
2011-02-01,54.8,19.910714285714285,14.375,116.2,14.60357142857143,18.132142857142856
2011-03-01,47.7,18.774193548387096,13.83548387096774,104.1,13.40967741935484,14.016129032258064
2011-04-01,54.0,17.77,12.763333333333332,69.4,12.663333333333332,10.723333333333333
2011-05-01,73.4,14.658064516129034,10.14516129032258,42.1,10.86774193548387,6.632258064516129
2011-06-01,86.60000000000001,13.993333333333334,9.173333333333334,38.6,9.876666666666667,5.863333333333333
2011-07-01,98.4,13.345161290322581,8.748387096774193,43.4,9.422580645161291,5.841935483870968
2011-08-01,41.6,15.387096774193548,9.787096774193548,53.0,10.14516129032258,9.451612903225806
2011-09-01,67.6,16.363333333333333,9.686666666666667,89.7,9.993333333333334,13.853333333333333
2011-10-01,78.6,17.07741935483871,11.04516129032258,107.0,11.070967741935483,16.65806451612903
2011-11-01,62.00000000000001,20.2,12.610000000000001,131.9,12.916666666666666,19.516666666666666
2011-12-01,20.8,19.66774193548387,14.019354838709678,169.0,13.36774193548387,26.05806451612903
2012-01-01,39.4,22.69677419354839,15.006451612903225,209.9,14.816129032258065,25.12258064516129
2012-02-01,38.6,22.951724137931034,15.910344827586206,152.5,15.33448275862069,20.768965517241377
2012-03-01,117.0,20.038709677419355,13.422580645161291,122.7,13.761290322580646,13.448387096774193
2012-04-01,76.6,18.696666666666665,12.943333333333333,89.7,12.846666666666666,11.4
2012-05-01,83.6,15.36774193548387,10.8,53.8,10.748387096774193,6.903225806451613
2012-06-01,161.4,13.063333333333333,8.770000000000001,36.4,9.843333333333334,5.073333333333333
2012-07-01,106.0,13.209677419354838,8.683870967741935,36.2,9.883870967741935,6.003225806451613
2012-08-01,105.4,13.570967741935483,8.109677419354838,60.6,9.13225806451613,9.22258064516129
2012-09-01,85.6,15.126666666666667,9.016666666666667,83.8,9.833333333333334,13.286666666666667
2012-10-01,47.4,16.9741935483871,10.23225806451613,109.4,9.793548387096775,16.541935483870965
2012-11-01,33.4,19.34,11.783333333333333,148.1,12.533333333333333,21.716666666666665
2012-12-01,43.0,20.929032258064513,13.109677419354838,180.9,11.870967741935484,24.364516129032257
2013-01-01,11.2,22.01290322580645,14.183870967741935,208.9,13.435483870967742,25.738709677419354
2013-02-01,32.2,21.97142857142857,15.928571428571429,170.4,16.232142857142858,21.571428571428573
2013-03-01,37.6,23.216129032258067,15.561290322580644,159.9,14.587096774193547,16.716129032258067
2013-04-01,41.8,17.793333333333333,12.129999999999999,84.3,12.206666666666667,10.956666666666667
2013-05-01,142.79999999999998,16.49032258064516,11.196774193548388,56.8,10.432258064516128,6.609677419354839
2013-06-01,83.0,14.22,9.746666666666666,30.900000000000002,10.816666666666666,6.1866666666666665
2013-07-01,156.2,14.196774193548388,9.100000000000001,47.3,10.270967741935483,6.035483870967742
2013-08-01,205.2,14.158064516129032,8.903225806451612,67.6,10.296774193548387,8.741935483870968
2013-09-01,114.8,17.043333333333333,10.483333333333333,85.0,11.443333333333333,13.643333333333334
2013-10-01,109.0,16.84193548387097,10.148387096774194,114.3,10.077419354838709,16.9
2013-11-01,74.2,16.976666666666667,11.006666666666666,120.8,12.286666666666667,19.40666666666667
2013-12-01,56.0,20.470967741935485,12.151612903225805,168.9,12.509677419354839,24.796774193548387
2014-01-01,13.600000000000001,23.712903225806453,15.025806451612903,212.1,12.48709677419355,26.019354838709678
2014-02-01,11.4,21.407142857142855,15.424999999999999,168.7,14.642857142857142,22.36785714285714
2014-03-01,88.8,20.43548387096774,14.161290322580646,120.0,14.154838709677419,14.54516129032258
2014-04-01,69.4,18.053333333333335,12.966666666666667,78.1,12.9,10.033333333333333
2014-05-01,51.4,17.016129032258064,11.841935483870966,53.6,11.925806451612903,7.041935483870968
2014-06-01,97.2,14.28,10.093333333333334,35.2,11.07,4.9
2014-07-01,116.0,13.529032258064515,8.654838709677419,42.3,9.883870967741935,6.5
2014-08-01,54.8,13.80967741935484,8.161290322580646,45.6,9.664516129032258,9.36774193548387
2014-09-01,37.6,16.25,10.25,88.7,9.816666666666666,13.45
2014-10-01,54.800000000000004,17.925806451612903,10.635483870967741,124.3,10.52258064516129,17.335483870967742
2014-11-01,39.0,19.433333333333334,11.593333333333334,157.1,10.603333333333333,21.540000000000003
2014-12-01,25.2,18.9,13.16451612903226,159.7,13.793548387096775,23.135483870967743
