date,rainfall_mm,TMax,TMin,Evap,VP,Rad
1889-01-01,45.400000000000006,31.82903225806452,13.758064516129032,255.0,13.425806451612903,24.54516129032258
1889-02-01,37.4,30.86785714285714,13.260714285714286,212.6,13.717857142857143,22.317857142857143
1889-03-01,14.2,28.648387096774194,11.345161290322581,170.4,12.551612903225807,17.98709677419355
1889-04-01,119.6,22.490000000000002,9.096666666666666,98.3,12.376666666666667,12.543333333333333
1889-05-01,45.7,17.81935483870968,6.658064516129032,57.5,11.174193548387096,8.529032258064515
1889-06-01,122.3,14.313333333333333,4.486666666666666,37.3,9.686666666666667,7.053333333333333
1889-07-01,15.799999999999999,13.851612903225806,2.851612903225807,43.3,8.996774193548386,7.770967741935484
1889-08-01,71.7,15.23225806451613,4.212903225806452,59.9,9.529032258064515,10.96774193548387
1889-09-01,43.9,17.78666666666667,4.983333333333333,86.4,10.383333333333333,14.886666666666667
1889-10-01,80.3,22.94193548387097,7.854838709677419,132.7,11.529032258064515,18.893548387096775
1889-11-01,59.0,26.266666666666666,10.056666666666667,180.1,12.513333333333332,22.0
1889-12-01,0.0,29.73548387096774,11.90967741935484,235.1,12.883870967741935,24.42258064516129
1890-01-01,24.4,33.41612903225807,15.064516129032258,255.0,14.419354838709678,24.861290322580647
1890-02-01,7.9,31.839285714285715,14.428571428571429,212.6,14.971428571428572,22.432142857142857
1890-03-01,22.299999999999997,28.0,11.848387096774195,170.4,14.12258064516129,17.916129032258063
1890-04-01,56.9,23.376666666666665,8.083333333333334,98.3,11.963333333333333,12.9
1890-05-01,71.9,18.345161290322583,6.070967741935483,57.5,10.929032258064517,8.587096774193547
1890-06-01,94.60000000000001,14.93,5.156666666666666,37.3,10.33,7.093333333333334
1890-07-01,68.6,13.290322580645162,3.0612903225806454,43.3,8.916129032258064,7.861290322580645
1890-08-01,45.8,14.87741935483871,3.8096774193548386,59.9,9.441935483870967,10.82258064516129
1890-09-01,47.8,18.5,5.7733333333333325,86.4,10.71,14.596666666666666
1890-10-01,37.1,22.006451612903227,6.758064516129032,132.7,10.648387096774194,19.083870967741937
1890-11-01,49.0,25.13,8.74,180.1,11.456666666666667,22.256666666666668
1890-12-01,34.6,28.47741935483871,10.841935483870968,235.1,12.261290322580646,24.496774193548386
1891-01-01,10.899999999999999,30.60967741935484,12.141935483870967,255.0,13.616129032258065,25.14516129032258
1891-02-01,0.0,30.535714285714285,11.696428571428571,212.6,13.114285714285714,22.960714285714285
1891-03-01,54.1,28.26774193548387,11.264516129032257,170.4,13.287096774193548,18.212903225806453
1891-04-01,83.9,22.040000000000003,7.98,98.3,12.063333333333333,12.72
1891-05-01,12.2,18.39032258064516,5.193548387096774,57.5,10.612903225806452,8.893548387096773
1891-06-01,49.7,14.513333333333332,4.176666666666667,37.3,10.136666666666667,7.183333333333334
1891-07-01,30.7,13.641935483870967,3.519354838709677,43.3,9.048387096774194,7.958064516129032
1891-08-01,10.2,15.609677419354838,3.832258064516129,59.9,9.651612903225805,11.103225806451613
1891-09-01,14.2,18.73,5.233333333333333,86.4,10.516666666666667,15.173333333333334
1891-10-01,107.1,22.048387096774192,7.0,132.7,10.996774193548386,19.06451612903226
1891-11-01,13.299999999999999,25.790000000000003,9.193333333333333,180.1,12.013333333333332,22.373333333333335
1891-12-01,37.2,29.016129032258064,11.048387096774194,235.1,12.074193548387097,24.683870967741935
1892-01-01,16.299999999999997,30.983870967741936,12.02258064516129,255.0,13.080645161290322,24.648387096774194
1892-02-01,3.0,32.15862068965517,12.96206896551724,218.9,14.237931034482758,22.78965517241379
1892-03-01,9.6,29.212903225806453,11.916129032258064,170.4,13.667741935483871,17.44516129032258
1892-04-01,40.699999999999996,22.236666666666668,6.903333333333333,98.3,10.873333333333333,12.526666666666667
1892-05-01,34.699999999999996,17.458064516129035,5.351612903225806,57.5,10.719354838709679,8.616129032258065
1892-06-01,39.2,14.47,3.6233333333333335,37.3,9.379999999999999,7.183333333333334
1892-07-01,57.7,13.870967741935484,2.851612903225807,43.3,8.758064516129032,7.903225806451613
1892-08-01,60.6,15.387096774193548,4.029032258064516,59.9,9.570967741935483,11.035483870967743
1892-09-01,50.2,17.706666666666667,5.213333333333334,86.4,10.683333333333334,15.123333333333333
1892-10-01,41.2,21.6,7.248387096774193,132.7,11.44516129032258,19.05806451612903
1892-11-01,25.2,26.23,9.770000000000001,180.1,12.766666666666667,22.740000000000002
1892-12-01,39.9,27.76774193548387,10.44516129032258,235.1,12.01290322580645,24.725806451612904
1893-01-01,2.3,30.674193548387095,12.387096774193548,255.0,12.754838709677419,24.809677419354838
1893-02-01,0.0,32.08571428571428,12.485714285714286,212.6,13.353571428571428,22.63214285714286
1893-03-01,32.6,28.56451612903226,11.167741935483871,170.4,12.95483870967742,17.996774193548386
1893-04-01,41.8,21.663333333333334,8.053333333333333,98.3,11.696666666666665,12.853333333333333
1893-05-01,136.1,17.761290322580646,6.509677419354839,57.5,10.94516129032258,8.564516129032258
1893-06-01,69.5,13.803333333333335,3.8866666666666663,37.3,9.526666666666667,7.183333333333334
1893-07-01,48.9,13.448387096774193,3.390322580645161,43.3,8.938709677419356,7.970967741935484
1893-08-01,41.1,15.432258064516128,3.925806451612903,59.9,9.435483870967742,11.106451612903227
1893-09-01,38.7,17.82,5.533333333333333,86.4,10.25,15.063333333333334
1893-10-01,60.900000000000006,22.690322580645162,7.47741935483871,132.7,11.006451612903225,19.887096774193548
1893-11-01,36.9,24.86,9.363333333333333,180.1,11.976666666666667,22.39
1893-12-01,7.1,29.074193548387097,11.635483870967741,235.1,12.196774193548388,24.893548387096775
1894-01-01,2.5,31.43548387096774,13.64516129032258,255.0,13.8,25.032258064516128
1894-02-01,0.0,30.125,12.507142857142856,212.6,13.225,22.825
1894-03-01,47.5,26.948387096774194,11.851612903225806,170.4,13.745161290322581,17.938709677419357
1894-04-01,8.4,22.38,8.7,98.3,12.273333333333333,12.713333333333333
1894-05-01,15.3,17.0258064516129,5.261290322580645,57.5,10.248387096774193,8.83548387096774
1894-06-01,43.4,14.816666666666666,4.323333333333333,37.3,9.753333333333334,7.553333333333333
1894-07-01,46.6,13.038709677419355,3.3806451612903223,43.3,8.480645161290322,7.748387096774193
1894-08-01,64.4,14.90967741935484,4.532258064516129,59.9,9.358064516129033,11.235483870967743
1894-09-01,33.7,17.413333333333334,4.67,86.4,10.113333333333333,15.15
1894-10-01,129.9,22.506451612903227,7.887096774193548,132.7,11.719354838709679,18.94193548387097
1894-11-01,6.3,27.313333333333333,9.653333333333334,180.1,11.636666666666667,22.483333333333334
1894-12-01,64.89999999999999,28.33225806451613,12.761290322580646,235.1,13.761290322580646,24.503225806451614
1895-01-01,33.5,30.270967741935483,13.59032258064516,255.0,13.629032258064516,25.206451612903226
1895-02-01,0.0,31.817857142857143,13.767857142857142,212.6,13.814285714285715,23.342857142857145
1895-03-01,7.6,27.212903225806453,11.135483870967741,170.4,12.696774193548388,18.003225806451614
1895-04-01,55.4,22.926666666666666,8.633333333333333,98.3,11.24,12.943333333333333
1895-05-01,7.0,17.16774193548387,5.412903225806452,57.5,10.129032258064516,8.651612903225805
1895-06-01,27.0,14.673333333333334,3.5533333333333332,37.3,9.120000000000001,7.239999999999999
1895-07-01,35.5,13.093548387096773,2.761290322580645,43.3,8.109677419354838,7.970967741935484
1895-08-01,61.5,15.980645161290322,4.767741935483872,59.9,9.387096774193548,10.97741935483871
1895-09-01,26.9,18.366666666666667,5.116666666666666,86.4,9.823333333333332,15.213333333333333
1895-10-01,26.1,23.95483870967742,7.66774193548387,132.7,11.332258064516129,20.093548387096774
1895-11-01,13.7,26.243333333333332,9.183333333333334,180.1,11.506666666666666,23.5
1895-12-01,17.0,29.13225806451613,11.903225806451612,235.1,13.283870967741937,25.44516129032258
1896-01-01,20.1,32.035483870967745,13.980645161290322,255.0,14.13225806451613,23.774193548387096
1896-02-01,10.3,30.103448275862068,13.89655172413793,218.9,14.651724137931033,21.403448275862072
1896-03-01,19.900000000000002,27.051612903225806,10.90967741935484,170.4,12.374193548387098,17.806451612903224
1896-04-01,59.800000000000004,21.94333333333333,7.66,98.3,11.313333333333333,13.136666666666667
1896-05-01,37.4,16.951612903225808,5.648387096774194,57.5,10.312903225806451,8.735483870967743
1896-06-01,20.900000000000002,13.936666666666667,2.9166666666666665,37.3,8.91,7.58
1896-07-01,23.799999999999997,12.899999999999999,2.706451612903226,43.3,8.190322580645162,8.248387096774193
1896-08-01,23.400000000000002,14.761290322580646,3.480645161290323,59.9,8.941935483870967,11.167741935483871
1896-09-01,19.099999999999998,17.89,4.5633333333333335,86.4,9.836666666666668,15.703333333333335
1896-10-01,9.4,24.02258064516129,7.335483870967742,132.7,10.819354838709677,20.148387096774194
1896-11-01,50.0,27.626666666666665,9.79,180.1,12.203333333333335,23.970000000000002
1896-12-01,31.200000000000003,29.951612903225808,12.403225806451612,235.1,12.638709677419355,25.39032258064516
1897-01-01,56.7,29.929032258064513,12.44516129032258,255.0,13.367741935483872,24.299999999999997
1897-02-01,16.3,30.417857142857144,13.65,212.6,13.439285714285715,21.735714285714288
1897-03-01,17.0,25.24516129032258,9.951612903225806,170.4,11.464516129032257,17.864516129032257
1897-04-01,8.899999999999999,23.166666666666668,8.2,98.3,11.17,12.336666666666668
1897-05-01,14.7,17.219354838709677,4.719354838709678,57.5,9.12258064516129,8.764516129032257
1897-06-01,27.3,15.16,4.223333333333334,37.3,9.336666666666668,6.786666666666666
1897-07-01,19.9,14.02258064516129,4.741935483870968,43.3,9.254838709677419,7.964516129032258
1897-08-01,80.3,14.596774193548388,3.509677419354839,59.9,9.170967741935485,11.212903225806452
1897-09-01,31.0,18.779999999999998,5.316666666666666,86.4,10.31,15.35
1897-10-01,33.5,21.503225806451614,6.696774193548387,132.7,10.048387096774194,20.04516129032258
1897-11-01,10.399999999999999,27.703333333333333,10.446666666666665,180.1,11.7,22.883333333333333
1897-12-01,10.200000000000001,31.596774193548388,14.029032258064515,235.1,12.625806451612902,25.112903225806452
1898-01-01,0.0,32.725806451612904,14.209677419354838,255.0,13.203225806451613,26.438709677419357
1898-02-01,31.0,33.38214285714286,15.950000000000001,212.6,14.189285714285715,23.825
1898-03-01,3.8,27.932258064516127,11.280645161290321,170.4,11.870967741935484,18.89032258064516
1898-04-01,43.3,21.790000000000003,7.963333333333334,98.3,10.706666666666667,13.036666666666667
1898-05-01,49.800000000000004,16.322580645161292,4.674193548387097,57.5,9.080645161290322,8.941935483870967
1898-06-01,89.0,14.193333333333333,4.4399999999999995,37.3,9.366666666666667,7.34
1898-07-01,60.0,13.609677419354838,3.9645161290322584,43.3,8.416129032258064,7.983870967741935
1898-08-01,23.0,15.90967741935484,5.058064516129033,59.9,9.461290322580645,11.16451612903226
1898-09-01,38.8,18.38,6.116666666666666,86.4,10.389999999999999,15.236666666666668
1898-10-01,24.4,23.403225806451612,7.719354838709678,132.7,10.509677419354839,19.825806451612905
1898-11-01,18.3,25.12,9.5,180.1,10.93,22.413333333333334
1898-12-01,26.2,30.23548387096774,12.548387096774194,235.1,11.980645161290322,25.893548387096775
1899-01-01,41.4,27.325806451612905,11.864516129032259,255.0,11.616129032258065,24.93548387096774
1899-02-01,48.599999999999994,32.43571428571429,14.725,212.6,13.653571428571428,23.27857142857143
1899-03-01,28.0,27.64516129032258,12.087096774193547,170.4,12.66451612903226,17.932258064516127
1899-04-01,21.6,22.91,9.08,98.3,11.756666666666666,12.973333333333333
1899-05-01,22.099999999999998,17.061290322580643,5.203225806451614,57.5,9.919354838709678,8.903225806451612
1899-06-01,80.7,13.993333333333334,3.8366666666666664,37.3,9.386666666666667,7.256666666666666
1899-07-01,5.3,13.490322580645161,2.1580645161290324,43.3,8.203225806451613,8.341935483870968
1899-08-01,16.1,15.416129032258064,3.958064516129032,59.9,9.13225806451613,11.429032258064517
1899-09-01,21.3,19.576666666666664,6.1466666666666665,86.4,10.623333333333333,14.983333333333333
1899-10-01,19.5,21.551612903225806,6.319354838709677,132.7,9.82258064516129,19.835483870967742
1899-11-01,26.9,25.226666666666667,9.57,180.1,11.723333333333333,22.623333333333335
1899-12-01,5.7,30.451612903225808,12.248387096774193,235.1,11.716129032258063,25.135483870967743
1900-01-01,10.7,32.29354838709678,14.687096774193549,255.0,12.64516129032258,25.25483870967742
1900-02-01,0.3,31.907142857142855,13.182142857142859,212.6,13.103571428571428,23.32857142857143
1900-03-01,43.699999999999996,26.125806451612902,10.996774193548386,170.4,12.638709677419355,17.98709677419355
1900-04-01,45.1,19.613333333333333,8.073333333333332,98.3,11.506666666666666,12.696666666666665
1900-05-01,87.19999999999999,16.45806451612903,5.770967741935484,57.5,10.35483870967742,8.619354838709677
1900-06-01,77.0,14.153333333333334,3.893333333333333,37.3,9.536666666666667,7.383333333333334
1900-07-01,9.6,12.922580645161291,3.403225806451613,43.3,8.529032258064515,7.919354838709677
1900-08-01,73.3,14.293548387096775,3.5161290322580645,59.9,8.90967741935484,10.996774193548386
1900-09-01,31.799999999999997,16.983333333333334,5.043333333333334,86.4,10.24,14.879999999999999
1900-10-01,13.5,22.30322580645161,6.651612903225806,132.7,10.62258064516129,19.55806451612903
1900-11-01,11.899999999999999,26.833333333333332,9.283333333333333,180.1,11.85,23.183333333333334
1900-12-01,18.0,29.345161290322583,11.706451612903225,235.1,12.948387096774193,24.88064516129032
1901-01-01,11.1,29.5,12.393548387096773,255.0,12.261290322580646,25.56451612903226
1901-02-01,4.8999999999999995,32.15,14.596428571428572,212.6,13.424999999999999,23.025000000000002
1901-03-01,15.0,27.141935483870967,10.758064516129032,170.4,11.958064516129031,18.480645161290322
1901-04-01,29.9,21.233333333333334,7.803333333333333,98.3,10.596666666666666,13.17
1901-05-01,9.6,18.61935483870968,5.758064516129032,57.5,9.8,9.03225806451613
1901-06-01,67.6,13.256666666666666,2.243333333333333,37.3,7.8566666666666665,7.413333333333333
1901-07-01,33.8,12.648387096774194,2.7806451612903227,43.3,8.05483870967742,8.080645161290322
1901-08-01,22.099999999999998,14.587096774193547,3.6322580645161286,59.9,8.845161290322581,11.13225806451613
1901-09-01,59.4,19.023333333333333,6.303333333333333,86.4,10.443333333333333,15.353333333333333
1901-10-01,46.4,21.661290322580644,6.938709677419355,132.7,10.493548387096775,20.193548387096776
1901-11-01,9.1,28.563333333333333,11.083333333333334,180.1,12.07,23.236666666666668
1901-12-01,36.0,30.387096774193548,12.103225806451613,235.1,12.009677419354839,25.94516129032258
1902-01-01,5.1,30.148387096774194,12.561290322580644,255.0,12.890322580645162,25.616129032258065
1902-02-01,4.8,29.52857142857143,11.717857142857143,212.6,12.146428571428572,23.217857142857145
1902-03-01,20.1,26.274193548387096,10.206451612903225,170.4,11.09032258064516,18.961290322580645
1902-04-01,1.8,23.576666666666664,7.73,98.3,10.716666666666667,13.646666666666667
1902-05-01,13.000000000000002,19.032258064516128,5.509677419354839,57.5,9.90967741935484,9.37741935483871
1902-06-01,38.4,14.546666666666665,3.0433333333333334,37.3,8.860000000000001,7.680000000000001
1902-07-01,11.200000000000001,14.603225806451613,2.929032258064516,43.3,8.174193548387096,8.435483870967742
1902-08-01,20.1,15.161290322580646,2.92258064516129,59.9,8.51290322580645,11.567741935483872
1902-09-01,14.0,18.563333333333333,5.6066666666666665,86.4,9.956666666666667,15.656666666666666
1902-10-01,21.599999999999998,23.338709677419356,8.164516129032258,132.7,10.570967741935483,20.20967741935484
1902-11-01,7.3999999999999995,29.053333333333335,11.379999999999999,180.1,11.843333333333334,23.546666666666667
1902-12-01,58.1,28.019354838709678,11.683870967741935,235.1,12.651612903225805,25.22258064516129
1903-01-01,6.1,30.016129032258064,12.419354838709678,255.0,12.461290322580645,25.161290322580644
1903-02-01,11.4,29.22142857142857,12.010714285714286,212.6,12.5,22.664285714285715
1903-03-01,57.7,27.470967741935485,11.19032258064516,170.4,13.329032258064515,18.864516129032257
1903-04-01,60.3,21.933333333333334,8.273333333333333,98.3,11.51,12.7
1903-05-01,46.5,16.9,4.84516129032258,57.5,10.025806451612903,8.541935483870969
1903-06-01,49.8,13.81,2.9733333333333336,37.3,8.886666666666667,7.193333333333333
1903-07-01,45.199999999999996,13.383870967741935,2.8483870967741933,43.3,8.616129032258065,8.070967741935483
1903-08-01,41.099999999999994,15.30967741935484,2.9935483870967743,59.9,8.770967741935483,11.006451612903225
1903-09-01,75.0,18.006666666666668,5.3533333333333335,86.4,10.183333333333334,15.16
1903-10-01,28.9,23.067741935483873,7.590322580645162,132.7,11.212903225806452,19.674193548387095
1903-11-01,47.3,26.55666666666667,9.9,180.1,12.126666666666667,22.803333333333335
1903-12-01,39.099999999999994,27.94516129032258,11.541935483870969,235.1,12.480645161290322,25.20967741935484
1904-01-01,28.4,30.280645161290323,13.251612903225807,255.0,12.861290322580645,25.093548387096774
1904-02-01,37.3,29.279310344827586,12.244827586206897,218.9,12.46206896551724,22.43448275862069
1904-03-01,5.6,26.009677419354837,9.729032258064517,170.4,11.83548387096774,17.883870967741935
1904-04-01,28.5,24.666666666666668,8.603333333333333,98.3,12.01,13.33
1904-05-01,35.6,18.92258064516129,5.380645161290323,57.5,10.803225806451612,8.829032258064515
1904-06-01,36.8,14.65,2.756666666666667,37.3,8.873333333333333,7.27
1904-07-01,51.9,13.816129032258065,2.8161290322580643,43.3,8.86774193548387,7.967741935483871
1904-08-01,39.9,15.506451612903225,3.1806451612903226,59.9,9.067741935483872,11.16451612903226
1904-09-01,13.0,17.490000000000002,3.243333333333333,86.4,9.693333333333333,15.469999999999999
1904-10-01,102.2,22.60967741935484,6.632258064516129,132.7,11.370967741935484,19.86774193548387
1904-11-01,12.9,26.136666666666667,8.673333333333334,180.1,11.65,23.476666666666667
1904-12-01,0.0,29.906451612903226,11.48709677419355,235.1,12.612903225806452,25.703225806451613
1905-01-01,28.4,32.48064516129032,14.374193548387098,255.0,13.641935483870967,24.761290322580646
1905-02-01,17.5,29.814285714285713,11.864285714285714,212.6,12.882142857142856,22.525000000000002
1905-03-01,0.0,27.551612903225806,10.125806451612902,170.4,11.85483870967742,17.693548387096776
1905-04-01,52.6,22.61,8.363333333333333,98.3,12.629999999999999,12.896666666666667
1905-05-01,54.3,18.33225806451613,5.561290322580645,57.5,10.625806451612902,8.583870967741936
1905-06-01,57.3,14.356666666666666,3.7800000000000002,37.3,9.4,7.086666666666667
1905-07-01,41.6,13.548387096774194,2.8870967741935485,43.3,8.548387096774194,7.864516129032259
1905-08-01,19.4,15.287096774193548,2.570967741935484,59.9,8.683870967741935,11.048387096774194
1905-09-01,33.699999999999996,16.45,2.753333333333333,86.4,9.03,14.8
1905-10-01,58.5,19.990322580645163,4.206451612903226,132.7,9.606451612903227,18.70967741935484
1905-11-01,9.1,25.983333333333334,7.760000000000001,180.1,10.986666666666668,22.383333333333333
1905-12-01,1.0,28.69677419354839,10.461290322580645,235.1,12.416129032258064,25.251612903225805
1906-01-01,1.8,33.667741935483875,14.212903225806452,255.0,13.429032258064517,25.16774193548387
1906-02-01,31.5,33.15714285714286,14.567857142857141,212.6,14.275,22.589285714285715
1906-03-01,26.299999999999997,26.080645161290324,11.041935483870969,170.4,12.896774193548387,17.809677419354838
1906-04-01,6.3999999999999995,22.61,9.25,98.3,12.106666666666666,12.763333333333332
1906-05-01,81.0,17.761290322580646,6.767741935483872,57.5,10.848387096774195,8.635483870967741
1906-06-01,71.9,15.18,4.883333333333334,37.3,9.68,7.166666666666667
1906-07-01,60.3,13.916129032258064,4.0,43.3,8.790322580645162,7.887096774193548
1906-08-01,40.0,14.793548387096775,4.02258064516129,59.9,9.0,10.780645161290321
1906-09-01,50.5,17.663333333333334,5.506666666666666,86.4,10.293333333333333,14.696666666666665
1906-10-01,43.0,21.493548387096773,7.325806451612903,132.7,10.8,18.932258064516127
1906-11-01,88.30000000000001,23.676666666666666,8.313333333333334,180.1,11.020000000000001,21.346666666666668
1906-12-01,19.5,28.690322580645162,11.52258064516129,235.1,12.541935483870969,24.638709677419353
1907-01-01,0.0,29.700000000000003,12.761290322580646,255.0,13.106451612903227,25.629032258064516
1907-02-01,21.8,30.567857142857143,12.064285714285715,212.6,12.289285714285715,23.285714285714285
1907-03-01,3.8,25.461290322580645,9.738709677419354,170.4,11.480645161290322,18.616129032258065
1907-04-01,47.7,20.98,7.536666666666666,98.3,10.7,13.123333333333333
1907-05-01,72.6,18.187096774193545,5.561290322580645,57.5,10.193548387096774,9.258064516129032
1907-06-01,26.4,14.096666666666666,2.853333333333333,37.3,8.833333333333334,7.466666666666667
1907-07-01,59.4,13.525806451612903,2.864516129032258,43.3,8.316129032258065,8.196774193548388
1907-08-01,52.8,15.603225806451613,4.470967741935484,59.9,9.17741935483871,11.46774193548387
1907-09-01,19.6,19.563333333333333,5.416666666666667,86.4,9.81,15.74
1907-10-01,9.1,22.42258064516129,6.564516129032258,132.7,9.603225806451613,20.11935483870968
1907-11-01,36.4,26.683333333333334,9.773333333333333,180.1,11.610000000000001,22.813333333333333
1907-12-01,23.500000000000004,27.932258064516127,11.04516129032258,235.1,11.729032258064517,25.70967741935484
1908-01-01,8.3,36.21612903225807,16.316129032258065,255.0,13.996774193548386,26.32903225806452
1908-02-01,21.1,31.455172413793104,14.027586206896553,218.9,13.686206896551724,22.348275862068967
1908-03-01,10.4,25.625806451612902,10.912903225806453,170.4,12.203225806451613,17.406451612903226
1908-04-01,0.0,22.33,8.606666666666666,98.3,11.106666666666666,12.726666666666667
1908-05-01,86.4,16.306451612903224,5.819354838709677,57.5,9.964516129032257,8.748387096774193
1908-06-01,53.1,12.35,2.3800000000000003,37.3,8.243333333333334,7.276666666666667
1908-07-01,28.400000000000002,12.683870967741935,3.070967741935484,43.3,8.461290322580645,8.190322580645162
1908-08-01,42.9,14.125806451612902,3.4838709677419355,59.9,8.870967741935484,11.17741935483871
1908-09-01,111.2,16.333333333333332,4.993333333333334,86.4,9.486666666666668,15.013333333333332
1908-10-01,53.0,22.1,7.029032258064516,132.7,10.496774193548386,19.432258064516127
1908-11-01,9.8,27.123333333333335,10.816666666666666,180.1,11.99,23.35
1908-12-01,10.899999999999999,29.72258064516129,12.654838709677419,235.1,11.716129032258063,25.206451612903226
1909-01-01,22.4,29.106451612903225,12.996774193548386,255.0,11.764516129032257,23.845161290322583
1909-02-01,9.4,28.717857142857145,12.064285714285715,212.6,12.410714285714286,22.86785714285714
1909-03-01,30.8,26.016129032258064,11.287096774193548,170.4,12.45483870967742,17.67096774193548
1909-04-01,36.9,19.523333333333333,6.533333333333333,98.3,9.743333333333334,12.78
1909-05-01,46.8,16.003225806451614,6.109677419354839,57.5,10.345161290322581,8.025806451612903
1909-06-01,78.1,13.139999999999999,4.223333333333334,37.3,9.473333333333333,6.553333333333333
1909-07-01,89.8,12.432258064516128,3.0580645161290323,43.3,8.561290322580644,7.84516129032258
1909-08-01,120.39999999999999,13.803225806451612,4.503225806451613,59.9,9.303225806451612,10.05483870967742
1909-09-01,22.9,16.99,5.003333333333333,86.4,10.116666666666667,15.82
1909-10-01,27.1,21.76451612903226,7.161290322580645,132.7,10.616129032258065,20.27741935483871
1909-11-01,25.1,25.226666666666667,9.176666666666668,180.1,10.536666666666667,22.673333333333336
1909-12-01,8.399999999999999,26.061290322580643,9.890322580645162,235.1,10.248387096774193,24.864516129032257
1910-01-01,14.2,30.838709677419356,14.370967741935484,255.0,13.306451612903226,23.53548387096774
1910-02-01,0.0,31.45,13.592857142857143,212.6,12.732142857142858,23.57857142857143
1910-03-01,136.4,26.206451612903226,11.374193548387098,170.4,12.5,18.35483870967742
1910-04-01,3.8,22.766666666666666,8.166666666666666,98.3,11.146666666666667,13.770000000000001
1910-05-01,64.5,17.44516129032258,6.941935483870967,57.5,11.070967741935483,8.432258064516128
1910-06-01,74.5,14.346666666666666,4.843333333333334,37.3,9.79,6.930000000000001
1910-07-01,73.1,13.003225806451614,4.119354838709677,43.3,9.112903225806452,7.819354838709677
1910-08-01,49.0,15.716129032258063,5.280645161290322,59.9,9.641935483870967,11.23225806451613
1910-09-01,88.2,17.596666666666668,6.076666666666667,86.4,10.770000000000001,14.886666666666667
1910-10-01,27.0,19.36774193548387,6.516129032258065,132.7,9.541935483870969,19.31935483870968
1910-11-01,55.099999999999994,25.076666666666664,9.916666666666666,180.1,10.95,22.279999999999998
1910-12-01,17.8,25.583870967741937,9.825806451612904,235.1,11.0,24.46451612903226
1911-01-01,3.5,29.625806451612902,13.66451612903226,255.0,13.225806451612904,23.725806451612904
1911-02-01,170.9,27.442857142857143,13.707142857142857,212.6,14.74642857142857,19.739285714285717
1911-03-01,32.0,24.538709677419355,11.416129032258064,170.4,12.938709677419356,16.81935483870968
1911-04-01,9.899999999999999,20.470000000000002,6.843333333333334,98.3,10.433333333333334,12.96
1911-05-01,49.9,17.15806451612903,6.909677419354838,57.5,10.754838709677419,8.161290322580646
1911-06-01,56.699999999999996,12.953333333333335,3.17,37.3,8.620000000000001,6.743333333333334
1911-07-01,37.4,13.296774193548387,2.9193548387096775,43.3,8.380645161290323,7.941935483870967
1911-08-01,15.0,16.48709677419355,5.625806451612903,59.9,9.600000000000001,10.62258064516129
1911-09-01,100.6,18.18,6.383333333333334,86.4,10.56,13.746666666666666
1911-10-01,9.9,21.106451612903225,6.854838709677419,132.7,9.86774193548387,19.83225806451613
1911-11-01,0.0,28.09,10.756666666666666,180.1,11.97,23.69
1911-12-01,55.0,26.248387096774195,11.483870967741936,235.1,11.245161290322581,24.051612903225806
1912-01-01,0.0,30.251612903225805,13.006451612903225,255.0,11.754838709677419,26.274193548387096
1912-02-01,2.5,32.37931034482759,15.241379310344827,218.9,13.044827586206896,22.23793103448276
1912-03-01,16.1,27.55806451612903,12.096774193548388,170.4,12.864516129032259,18.083870967741937
1912-04-01,5.6,20.216666666666665,7.743333333333333,98.3,10.376666666666667,12.873333333333333
1912-05-01,6.3999999999999995,18.293548387096774,4.767741935483872,57.5,9.174193548387096,9.738709677419354
1912-06-01,76.6,14.053333333333335,4.616666666666666,37.3,9.47,7.093333333333334
1912-07-01,67.8,12.922580645161291,3.4064516129032256,43.3,8.583870967741936,7.922580645161291
1912-08-01,34.7,15.096774193548388,5.019354838709678,59.9,9.429032258064517,11.141935483870967
1912-09-01,83.9,17.34,6.03,86.4,9.756666666666666,15.096666666666666
1912-10-01,10.399999999999999,21.97741935483871,6.993548387096775,132.7,10.303225806451612,19.95483870967742
1912-11-01,37.0,23.296666666666667,9.43,180.1,11.229999999999999,21.686666666666667
1912-12-01,43.0,27.416129032258063,11.793548387096775,235.1,12.167741935483871,25.861290322580647
1913-01-01,0.0,28.825806451612905,12.470967741935485,255.0,11.85483870967742,25.41290322580645
1913-02-01,52.6,30.314285714285713,13.767857142857142,212.6,13.532142857142857,22.978571428571428
1913-03-01,38.1,24.138709677419353,11.274193548387096,170.4,12.648387096774194,17.070967741935487
1913-04-01,24.4,23.13,9.303333333333335,98.3,12.336666666666668,13.120000000000001
1913-05-01,30.7,15.7,5.570967741935483,57.5,10.051612903225807,8.48709677419355
1913-06-01,0.0,13.893333333333334,2.3400000000000003,37.3,8.360000000000001,7.78
1913-07-01,18.099999999999998,14.070967741935483,4.093548387096774,43.3,8.687096774193549,8.258064516129032
1913-08-01,37.0,15.33548387096774,4.625806451612903,59.9,8.670967741935485,11.716129032258063
1913-09-01,93.2,17.046666666666667,5.966666666666667,86.4,10.04,14.516666666666667
1913-10-01,69.5,22.15806451612903,8.22258064516129,132.7,11.174193548387096,19.106451612903225
1913-11-01,16.5,23.816666666666666,8.54,180.1,10.360000000000001,22.926666666666666
1913-12-01,16.3,30.12258064516129,13.009677419354839,235.1,11.712903225806452,26.02258064516129
1914-01-01,6.1,29.874193548387098,12.841935483870968,255.0,12.067741935483872,25.27741935483871
1914-02-01,14.3,32.642857142857146,14.607142857142858,212.6,13.367857142857144,22.767857142857142
1914-03-01,14.8,27.690322580645162,12.974193548387097,170.4,13.619354838709677,17.64516129032258
1914-04-01,47.0,21.866666666666667,9.136666666666667,98.3,11.693333333333333,12.129999999999999
1914-05-01,19.9,17.36774193548387,6.235483870967743,57.5,10.461290322580645,8.735483870967743
1914-06-01,13.0,15.363333333333333,3.2933333333333334,37.3,8.889999999999999,7.53
1914-07-01,18.7,13.451612903225806,2.6451612903225805,43.3,8.125806451612904,8.158064516129032
1914-08-01,9.1,17.296774193548387,4.538709677419354,59.9,8.887096774193548,11.996774193548386
1914-09-01,4.8999999999999995,19.123333333333335,4.713333333333334,86.4,9.42,15.546666666666665
1914-10-01,0.8,26.438709677419357,9.112903225806452,132.7,10.693548387096774,20.845161290322583
1914-11-01,43.4,28.116666666666667,12.406666666666666,180.1,13.5,21.896666666666665
1914-12-01,28.300000000000004,28.5258064516129,14.05483870967742,235.1,14.141935483870967,23.193548387096776
1915-01-01,13.9,29.79032258064516,12.896774193548387,255.0,11.687096774193549,26.0258064516129
1915-02-01,0.0,31.02857142857143,14.103571428571428,212.6,13.299999999999999,22.86785714285714
1915-03-01,1.3,25.612903225806452,10.76774193548387,170.4,11.270967741935483,18.151612903225807
1915-04-01,39.6,20.936666666666667,8.386666666666667,98.3,11.243333333333334,13.25
1915-05-01,42.5,15.764516129032257,5.648387096774194,57.5,9.85483870967742,8.654838709677419
1915-06-01,83.6,14.033333333333333,5.4366666666666665,37.3,9.626666666666667,7.05
1915-07-01,47.6,14.035483870967743,5.138709677419355,43.3,9.2,7.990322580645161
1915-08-01,57.0,14.735483870967743,5.145161290322581,59.9,9.464516129032257,11.070967741935483
1915-09-01,117.7,17.52,6.403333333333333,86.4,10.139999999999999,15.639999999999999
1915-10-01,19.3,19.796774193548387,7.019354838709678,132.7,10.003225806451614,19.53548387096774
1915-11-01,7.6,23.263333333333332,8.243333333333334,180.1,10.1,23.5
1915-12-01,25.9,28.338709677419356,11.567741935483872,235.1,12.206451612903225,25.541935483870965
1916-01-01,30.800000000000004,30.719354838709677,13.7,255.0,13.390322580645162,24.470967741935485
1916-02-01,7.6,30.06896551724138,13.317241379310344,218.9,13.241379310344827,23.36551724137931
1916-03-01,0.8,27.129032258064516,10.570967741935483,170.4,11.709677419354838,19.351612903225806
1916-04-01,13.6,20.233333333333334,7.85,98.3,10.963333333333333,12.166666666666666
1916-05-01,17.599999999999998,17.85483870967742,5.47741935483871,57.5,9.596774193548388,8.832258064516129
1916-06-01,105.69999999999999,13.096666666666666,4.246666666666667,37.3,9.17,6.58
1916-07-01,65.8,12.95483870967742,4.109677419354839,43.3,8.90967741935484,7.451612903225806
1916-08-01,72.2,14.083870967741936,4.229032258064516,59.9,9.216129032258063,10.83548387096774
1916-09-01,89.0,17.986666666666668,6.923333333333334,86.4,10.383333333333333,14.216666666666667
1916-10-01,49.6,19.92258064516129,7.274193548387097,132.7,10.906451612903227,18.370967741935484
1916-11-01,56.6,21.203333333333333,8.606666666666666,180.1,10.963333333333333,20.98
1916-12-01,59.9,27.393548387096775,11.825806451612904,235.1,12.729032258064517,24.067741935483873
1917-01-01,12.200000000000001,29.316129032258065,13.067741935483872,255.0,13.135483870967741,24.01290322580645
1917-02-01,60.300000000000004,27.400000000000002,12.803571428571429,212.6,13.546428571428573,21.446428571428573
1917-03-01,22.1,25.096774193548388,11.193548387096774,170.4,12.709677419354838,17.36774193548387
1917-04-01,11.899999999999999,19.966666666666665,6.933333333333334,98.3,10.523333333333333,12.926666666666668
1917-05-01,68.1,15.574193548387097,6.116129032258065,57.5,10.229032258064517,8.364516129032259
1917-06-01,25.8,13.626666666666667,3.89,37.3,9.183333333333334,6.993333333333334
1917-07-01,96.6,13.364516129032259,5.216129032258064,43.3,9.40967741935484,7.541935483870968
1917-08-01,45.3,14.851612903225806,4.65483870967742,59.9,9.490322580645161,11.22258064516129
1917-09-01,69.5,17.686666666666667,5.786666666666666,86.4,10.436666666666667,15.223333333333333
1917-10-01,103.1,20.206451612903226,7.496774193548387,132.7,11.270967741935483,18.190322580645162
1917-11-01,12.5,23.586666666666666,9.246666666666666,180.1,12.146666666666667,21.766666666666666
1917-12-01,14.4,30.093548387096774,13.412903225806453,235.1,13.648387096774194,24.76451612903226
1918-01-01,17.6,31.416129032258063,14.612903225806452,255.0,15.3,24.94193548387097
1918-02-01,34.3,29.90357142857143,13.560714285714285,212.6,14.196428571428571,22.37142857142857
1918-03-01,14.0,26.164516129032258,11.100000000000001,170.4,12.745161290322581,18.112903225806452
1918-04-01,32.5,21.203333333333333,8.57,98.3,11.716666666666667,12.57
1918-05-01,60.9,18.067741935483873,7.5,57.5,11.083870967741936,8.374193548387098
1918-06-01,65.7,14.94,4.933333333333334,37.3,9.746666666666666,7.276666666666667
1918-07-01,39.7,12.738709677419354,3.3129032258064517,43.3,8.629032258064516,7.82258064516129
1918-08-01,51.1,15.16451612903226,5.041935483870968,59.9,9.832258064516129,10.399999999999999
1918-09-01,5.8,18.993333333333332,5.483333333333333,86.4,9.986666666666668,16.686666666666667
1918-10-01,41.7,19.95483870967742,7.190322580645161,132.7,10.30967741935484,19.177419354838708
1918-11-01,2.4000000000000004,25.196666666666665,9.08,180.1,10.933333333333334,22.866666666666667
1918-12-01,7.7,28.703225806451613,11.406451612903227,235.1,11.425806451612903,25.641935483870967
1919-01-01,2.5,30.538709677419355,12.53225806451613,255.0,11.938709677419356,26.15806451612903
1919-02-01,71.89999999999999,31.13214285714286,15.178571428571429,212.6,15.335714285714285,21.417857142857144
1919-03-01,36.599999999999994,24.096774193548388,10.241935483870968,170.4,11.948387096774193,16.861290322580647
1919-04-01,2.1,24.52,9.266666666666667,98.3,12.253333333333334,13.223333333333333
1919-05-01,49.9,17.567741935483873,6.338709677419355,57.5,11.077419354838709,8.541935483870969
1919-06-01,22.4,15.04,4.569999999999999,37.3,9.306666666666667,7.7
1919-07-01,26.9,13.45483870967742,2.861290322580645,43.3,7.693548387096774,8.706451612903225
1919-08-01,23.2,15.990322580645161,4.17741935483871,59.9,9.070967741935483,11.196774193548388
1919-09-01,42.199999999999996,19.076666666666664,6.12,86.4,10.073333333333332,15.213333333333333
1919-10-01,20.8,22.625806451612902,7.72258064516129,132.7,10.106451612903227,19.883870967741935
1919-11-01,2.0,27.15,11.043333333333333,180.1,11.486666666666668,22.846666666666668
1919-12-01,32.1,29.787096774193547,13.035483870967743,235.1,12.98709677419355,24.80322580645161
1920-01-01,1.5,29.164516129032258,12.745161290322581,255.0,13.112903225806452,24.35483870967742
1920-02-01,0.8,31.196551724137933,13.617241379310345,218.9,12.720689655172412,23.279310344827586
1920-03-01,18.599999999999998,26.26451612903226,10.264516129032257,170.4,11.40967741935484,18.067741935483873
1920-04-01,2.8,21.16,8.19,98.3,10.853333333333333,12.35
1920-05-01,34.800000000000004,15.961290322580645,4.770967741935484,57.5,9.206451612903225,9.241935483870968
1920-06-01,65.3,13.753333333333334,4.8966666666666665,37.3,9.673333333333334,6.723333333333333
1920-07-01,42.2,13.36774193548387,3.648387096774193,43.3,8.783870967741937,8.25483870967742
1920-08-01,83.89999999999999,13.903225806451612,4.125806451612903,59.9,9.474193548387097,10.567741935483872
1920-09-01,73.2,16.83,6.13,86.4,11.110000000000001,14.116666666666667
1920-10-01,39.5,22.32903225806452,7.883870967741935,132.7,12.40967741935484,19.616129032258065
1920-11-01,42.6,24.92,10.26,180.1,12.67,20.746666666666666
1920-12-01,16.0,29.067741935483873,12.46774193548387,235.1,12.432258064516128,25.135483870967743
1921-01-01,33.5,31.75483870967742,14.958064516129031,255.0,13.396774193548387,25.677419354838708
1921-02-01,5.6,31.414285714285715,15.460714285714285,212.6,15.267857142857142,22.47142857142857
1921-03-01,44.4,27.164516129032258,11.193548387096774,170.4,12.961290322580645,18.79032258064516
1921-04-01,9.5,22.32,9.01,98.3,12.063333333333333,13.023333333333333
1921-05-01,49.7,19.05483870967742,7.851612903225806,57.5,12.051612903225807,8.548387096774194
1921-06-01,39.3,14.76,4.743333333333334,37.3,10.120000000000001,7.113333333333333
1921-07-01,52.3,14.583870967741936,4.393548387096774,43.3,9.393548387096773,8.051612903225806
1921-08-01,64.1,14.577419354838709,3.870967741935484,59.9,9.048387096774194,11.19032258064516
1921-09-01,49.7,18.64,6.6033333333333335,86.4,11.383333333333333,15.686666666666666
1921-10-01,34.7,21.416129032258063,7.209677419354839,132.7,10.745161290322581,20.04516129032258
1921-11-01,32.5,26.38,11.046666666666669,180.1,12.403333333333334,22.57
1921-12-01,17.799999999999997,27.241935483870968,11.841935483870968,235.1,12.806451612903226,23.5
1922-01-01,15.0,28.770967741935483,12.312903225806451,255.0,12.09032258064516,24.725806451612904
1922-02-01,8.1,31.071428571428573,14.235714285714286,212.6,13.825000000000001,22.50357142857143
1922-03-01,1.0,26.261290322580646,10.119354838709677,170.4,10.98709677419355,18.98709677419355
1922-04-01,21.4,22.366666666666667,9.656666666666666,98.3,11.603333333333333,12.523333333333333
1922-05-01,78.4,17.38064516129032,6.958064516129032,57.5,11.067741935483872,8.80967741935484
1922-06-01,61.8,13.99,3.6533333333333333,37.3,9.223333333333333,7.183333333333334
1922-07-01,43.8,13.53225806451613,3.648387096774193,43.3,9.119354838709677,7.938709677419355
1922-08-01,42.9,14.448387096774193,3.6258064516129034,59.9,8.958064516129031,10.725806451612904
1922-09-01,62.7,17.376666666666665,5.123333333333333,86.4,10.143333333333334,15.65
1922-10-01,34.8,21.874193548387098,7.387096774193548,132.7,10.383870967741935,19.258064516129032
1922-11-01,4.1,26.48,8.92,180.1,10.346666666666666,24.85
1922-12-01,48.2,27.70967741935484,12.51290322580645,235.1,12.383870967741935,23.490322580645163
1923-01-01,11.2,28.799999999999997,12.399999999999999,255.0,12.03225806451613,23.793548387096774
1923-02-01,2.8,31.182142857142857,12.785714285714286,212.6,12.65,24.571428571428573
1923-03-01,0.0,26.88064516129032,10.558064516129033,170.4,12.02258064516129,18.81935483870968
1923-04-01,0.0,25.353333333333335,9.013333333333332,98.3,11.229999999999999,14.486666666666666
1923-05-01,74.9,18.248387096774195,7.780645161290322,57.5,11.425806451612903,8.448387096774193
1923-06-01,125.5,13.693333333333333,5.493333333333334,37.3,10.15,6.3100000000000005
1923-07-01,78.2,13.361290322580645,4.887096774193548,43.3,9.64516129032258,7.716129032258065
1923-08-01,33.5,14.422580645161291,4.309677419354839,59.9,9.2,11.693548387096774
1923-09-01,46.3,16.9,5.506666666666666,86.4,10.016666666666667,14.833333333333334
1923-10-01,35.6,20.40967741935484,7.306451612903226,132.7,10.325806451612904,18.451612903225808
1923-11-01,13.5,23.386666666666667,7.91,180.1,9.979999999999999,24.756666666666668
1923-12-01,35.5,27.76451612903226,12.3,235.1,12.82258064516129,23.64516129032258
1924-01-01,9.9,27.190322580645162,11.8,255.0,11.841935483870968,23.82903225806452
1924-02-01,72.9,27.42758620689655,12.224137931034482,218.9,13.124137931034484,21.082758620689653
1924-03-01,36.3,25.164516129032258,10.906451612903227,170.4,12.341935483870968,17.080645161290324
1924-04-01,9.5,19.196666666666665,7.216666666666667,98.3,10.7,12.020000000000001
1924-05-01,31.6,17.0258064516129,5.006451612903225,57.5,9.612903225806452,9.341935483870968
1924-06-01,51.4,13.129999999999999,3.316666666666667,37.3,9.113333333333333,7.236666666666666
1924-07-01,13.6,14.148387096774194,3.2838709677419353,43.3,8.506451612903225,9.006451612903225
1924-08-01,59.0,15.538709677419355,4.193548387096774,59.9,9.525806451612903,11.82258064516129
1924-09-01,72.19999999999999,17.013333333333332,6.383333333333334,86.4,10.663333333333332,14.04
1924-10-01,66.1,21.34193548387097,7.470967741935484,132.7,10.312903225806451,19.519354838709678
1924-11-01,130.9,23.92,9.976666666666667,180.1,11.943333333333333,21.876666666666665
1924-12-01,1.1,26.958064516129035,10.148387096774194,235.1,11.316129032258065,26.629032258064516
1925-01-01,18.6,29.09032258064516,12.893548387096773,255.0,13.103225806451613,24.80322580645161
1925-02-01,10.5,28.017857142857142,12.950000000000001,212.6,13.607142857142858,21.682142857142857
1925-03-01,6.8999999999999995,26.980645161290322,10.716129032258063,170.4,11.848387096774195,18.106451612903225
1925-04-01,14.3,23.33,8.813333333333333,98.3,11.453333333333335,13.583333333333334
1925-05-01,97.9,16.967741935483872,6.748387096774193,57.5,11.264516129032257,8.196774193548388
1925-06-01,48.2,15.04,4.04,37.3,9.78,7.973333333333333
1925-07-01,32.6,12.983870967741936,3.967741935483871,43.3,8.816129032258065,8.193548387096774
1925-08-01,28.7,14.54516129032258,3.270967741935484,59.9,8.80967741935484,11.922580645161291
1925-09-01,41.6,16.396666666666665,4.533333333333333,86.4,9.25,15.620000000000001
1925-10-01,5.7,22.161290322580644,6.680645161290323,132.7,9.829032258064515,21.306451612903224
1925-11-01,16.6,25.313333333333333,9.626666666666667,180.1,11.926666666666668,23.64333333333333
1925-12-01,4.1,28.416129032258063,11.380645161290323,235.1,11.606451612903227,26.77741935483871
1926-01-01,0.0,28.70967741935484,11.441935483870967,255.0,12.03225806451613,26.419354838709676
1926-02-01,3.5,30.714285714285715,13.0,212.6,12.907142857142857,23.932142857142857
1926-03-01,9.899999999999999,27.316129032258065,12.258064516129032,170.4,12.577419354838709,17.580645161290324
1926-04-01,52.39999999999999,21.740000000000002,9.360000000000001,98.3,12.223333333333333,13.366666666666667
1926-05-01,99.2,15.416129032258064,5.745161290322581,57.5,10.138709677419355,8.880645161290323
1926-06-01,27.9,13.9,4.666666666666667,37.3,9.896666666666667,7.62
1926-07-01,60.599999999999994,14.509677419354839,4.364516129032259,43.3,9.254838709677419,8.82258064516129
1926-08-01,43.4,14.793548387096775,4.470967741935484,59.9,9.345161290322581,11.896774193548387
1926-09-01,38.3,19.32,6.643333333333333,86.4,11.18,16.026666666666667
1926-10-01,39.2,21.664516129032258,7.800000000000001,132.7,11.161290322580646,21.364516129032257
1926-11-01,3.5,25.316666666666666,8.93,180.1,10.576666666666666,25.146666666666665
1926-12-01,14.700000000000001,27.596774193548388,11.680645161290323,235.1,11.558064516129033,25.42258064516129
1927-01-01,6.3,30.596774193548388,13.27741935483871,255.0,12.687096774193549,25.864516129032257
1927-02-01,10.399999999999999,28.61785714285714,11.946428571428571,212.6,12.085714285714285,24.00714285714286
1927-03-01,13.1,25.46451612903226,10.419354838709678,170.4,11.23225806451613,18.067741935483873
1927-04-01,0.3,20.886666666666667,7.553333333333333,98.3,10.646666666666667,13.476666666666667
1927-05-01,42.7,16.73548387096774,5.474193548387096,57.5,9.661290322580646,9.654838709677419
1927-06-01,29.9,13.756666666666666,2.2266666666666666,37.3,8.093333333333334,8.28
1927-07-01,51.8,13.093548387096773,3.767741935483871,43.3,8.825806451612904,8.432258064516128
1927-08-01,55.9,14.59032258064516,4.248387096774193,59.9,8.832258064516129,11.864516129032259
1927-09-01,20.1,18.36,4.683333333333334,86.4,9.586666666666668,16.813333333333336
1927-10-01,14.5,23.125806451612902,7.919354838709677,132.7,10.625806451612902,20.74516129032258
1927-11-01,19.099999999999998,27.35,10.466666666666667,180.1,11.513333333333332,24.740000000000002
1927-12-01,22.9,28.503225806451614,12.503225806451614,235.1,13.070967741935483,25.674193548387095
1928-01-01,39.4,28.94193548387097,13.748387096774193,255.0,13.009677419354839,25.85483870967742
1928-02-01,99.3,28.413793103448278,13.668965517241379,218.9,14.548275862068964,21.817241379310346
1928-03-01,38.5,27.287096774193547,12.770967741935483,170.4,13.903225806451612,18.129032258064516
1928-04-01,33.300000000000004,22.916666666666668,9.81,98.3,12.54,14.0
1928-05-01,23.9,16.690322580645162,5.425806451612903,57.5,9.625806451612902,9.358064516129033
1928-06-01,52.9,13.803333333333335,3.4866666666666664,37.3,8.816666666666666,7.713333333333334
1928-07-01,41.5,14.138709677419355,3.696774193548387,43.3,8.580645161290322,8.687096774193549
1928-08-01,6.5,16.948387096774194,3.6451612903225805,59.9,9.390322580645162,12.451612903225806
1928-09-01,37.2,19.733333333333334,6.63,86.4,10.166666666666666,16.33
1928-10-01,62.9,19.470967741935485,6.638709677419355,132.7,9.864516129032259,19.53548387096774
1928-11-01,1.0,25.566666666666666,8.879999999999999,180.1,10.803333333333335,25.126666666666665
1928-12-01,3.3,29.470967741935485,12.080645161290322,235.1,12.0,27.05806451612903
1929-01-01,16.6,29.312903225806455,11.95483870967742,255.0,11.796774193548387,26.625806451612902
1929-02-01,12.5,32.40714285714286,15.114285714285714,212.6,16.446428571428573,23.114285714285717
1929-03-01,35.3,25.387096774193548,10.751612903225807,170.4,12.416129032258064,17.812903225806455
1929-04-01,24.0,21.02,8.01,98.3,10.733333333333333,13.676666666666668
1929-05-01,27.8,17.212903225806453,5.341935483870968,57.5,9.338709677419354,10.051612903225807
1929-06-01,42.8,13.953333333333335,3.313333333333333,37.3,8.48,8.22
1929-07-01,22.1,12.316129032258065,2.261290322580645,43.3,7.641935483870968,8.490322580645161
1929-08-01,27.299999999999997,14.435483870967742,3.170967741935484,59.9,8.325806451612904,11.922580645161291
1929-09-01,20.799999999999997,17.543333333333333,4.026666666666666,86.4,9.136666666666667,16.383333333333333
1929-10-01,30.5,20.883870967741935,6.890322580645161,132.7,10.370967741935484,20.032258064516128
1929-11-01,13.8,23.383333333333333,8.803333333333335,180.1,10.546666666666665,22.44
1929-12-01,83.1,24.96451612903226,10.635483870967741,235.1,11.364516129032259,24.393548387096775
1930-01-01,0.0,29.42258064516129,12.312903225806451,255.0,11.53225806451613,27.993548387096773
1930-02-01,24.3,32.11071428571429,15.396428571428572,212.6,14.217857142857143,23.039285714285715
1930-03-01,1.6,27.851612903225806,12.183870967741935,170.4,12.567741935483872,19.467741935483872
1930-04-01,33.400000000000006,21.983333333333334,8.193333333333333,98.3,10.76,14.05
1930-05-01,22.1,18.009677419354837,6.061290322580645,57.5,10.287096774193548,9.729032258064517
1930-06-01,8.5,14.806666666666667,2.79,37.3,8.846666666666666,8.196666666666667
1930-07-01,62.300000000000004,14.616129032258065,5.216129032258064,43.3,9.709677419354838,8.135483870967741
1930-08-01,56.2,14.580645161290322,4.47741935483871,59.9,9.62258064516129,11.129032258064516
1930-09-01,35.9,18.026666666666664,5.569999999999999,86.4,10.17,16.003333333333334
1930-10-01,71.1,22.60967741935484,8.97741935483871,132.7,12.503225806451614,19.03548387096774
1930-11-01,43.9,25.086666666666666,9.610000000000001,180.1,11.26,23.616666666666667
1930-12-01,69.7,28.193548387096776,12.845161290322581,235.1,13.680645161290323,24.351612903225806
1931-01-01,3.4000000000000004,27.02258064516129,11.816129032258065,255.0,11.996774193548386,25.80322580645161
1931-02-01,0.6,28.625,11.521428571428572,212.6,11.178571428571429,25.02857142857143
1931-03-01,28.2,25.135483870967743,10.570967741935483,170.4,12.580645161290322,17.758064516129032
1931-04-01,85.8,20.64,7.926666666666667,98.3,11.556666666666667,13.66
1931-05-01,47.4,16.738709677419354,7.709677419354839,57.5,11.90967741935484,8.348387096774195
1931-06-01,94.39999999999999,13.093333333333334,4.473333333333333,37.3,9.816666666666666,6.833333333333333
1931-07-01,35.800000000000004,12.845161290322581,4.280645161290322,43.3,9.274193548387096,8.316129032258065
1931-08-01,34.2,14.258064516129032,4.525806451612904,59.9,9.35483870967742,11.48709677419355
1931-09-01,35.9,17.486666666666668,5.876666666666667,86.4,10.276666666666667,15.78
1931-10-01,6.2,20.629032258064516,6.474193548387096,132.7,9.474193548387097,20.906451612903226
1931-11-01,76.1,24.113333333333333,9.336666666666668,180.1,11.386666666666667,22.603333333333335
1931-12-01,5.1,29.383870967741935,11.958064516129031,235.1,12.583870967741936,28.083870967741937
1932-01-01,0.0,32.196774193548386,14.258064516129032,255.0,13.04516129032258,26.67096774193548
1932-02-01,76.4,26.07586206896552,12.017241379310345,218.9,13.444827586206896,21.02758620689655
1932-03-01,39.7,25.612903225806452,10.970967741935485,170.4,12.832258064516129,17.48709677419355
1932-04-01,39.5,20.2,9.333333333333334,98.3,12.946666666666665,12.389999999999999
1932-05-01,21.7,18.14516129032258,6.825806451612903,57.5,11.112903225806452,9.212903225806452
1932-06-01,41.5,13.743333333333334,4.126666666666667,37.3,9.283333333333333,7.796666666666667
1932-07-01,49.3,13.17741935483871,3.767741935483871,43.3,8.941935483870967,8.470967741935485
1932-08-01,45.699999999999996,14.519354838709678,4.274193548387097,59.9,9.519354838709678,11.112903225806452
1932-09-01,17.0,18.346666666666668,6.453333333333333,86.4,11.01,15.386666666666667
1932-10-01,28.599999999999998,19.03548387096774,5.909677419354838,132.7,9.85483870967742,19.103225806451615
1932-11-01,22.6,25.5,9.886666666666667,180.1,11.92,23.236666666666668
1932-12-01,14.5,26.30322580645161,10.47741935483871,235.1,11.235483870967743,26.248387096774195
1933-01-01,34.3,27.796774193548387,12.3,255.0,12.64516129032258,24.903225806451612
1933-02-01,0.0,29.62142857142857,11.924999999999999,212.6,11.525,24.59642857142857
1933-03-01,19.4,26.18064516129032,11.025806451612903,170.4,12.138709677419355,18.35483870967742
1933-04-01,23.4,21.773333333333333,8.12,98.3,11.203333333333335,13.103333333333333
1933-05-01,78.6,16.96451612903226,6.02258064516129,57.5,10.651612903225805,8.761290322580646
1933-06-01,28.700000000000003,15.08,4.556666666666667,37.3,9.476666666666667,7.206666666666666
1933-07-01,29.0,13.806451612903226,3.2483870967741937,43.3,8.770967741935483,8.341935483870968
1933-08-01,31.6,14.12258064516129,3.1838709677419357,59.9,8.583870967741936,10.903225806451612
1933-09-01,62.5,17.116666666666667,5.75,86.4,10.546666666666665,14.443333333333333
1933-10-01,23.2,23.22258064516129,7.864516129032258,132.7,11.05483870967742,20.18064516129032
1933-11-01,93.9,25.17,9.713333333333333,180.1,12.196666666666665,22.43
1933-12-01,62.0,26.758064516129032,11.796774193548387,235.1,13.070967741935483,24.751612903225805
1934-01-01,3.8,31.08709677419355,13.974193548387097,255.0,12.7,26.490322580645163
1934-02-01,14.2,29.87857142857143,13.714285714285714,212.6,13.192857142857141,23.385714285714283
1934-03-01,4.8,30.29032258064516,14.474193548387097,170.4,13.970967741935485,18.654838709677417
1934-04-01,41.4,20.283333333333335,8.7,98.3,11.776666666666667,12.043333333333333
1934-05-01,0.0,19.758064516129032,5.441935483870967,57.5,10.251612903225807,10.364516129032259
1934-06-01,24.299999999999997,14.893333333333334,2.783333333333333,37.3,8.366666666666667,8.2
1934-07-01,28.700000000000003,14.709677419354838,4.306451612903226,43.3,9.13225806451613,8.05483870967742
1934-08-01,34.8,15.296774193548387,4.635483870967741,59.9,9.496774193548386,10.803225806451612
1934-09-01,36.4,18.59,6.0,86.4,9.786666666666667,16.41
1934-10-01,88.6,20.570967741935487,7.351612903225806,132.7,11.135483870967741,18.799999999999997
1934-11-01,121.7,23.586666666666666,10.45,180.1,13.29,21.459999999999997
1934-12-01,18.0,27.248387096774195,11.461290322580645,235.1,11.929032258064517,25.509677419354837
1935-01-01,4.3,28.835483870967742,12.077419354838709,255.0,12.274193548387096,24.799999999999997
1935-02-01,2.8,28.707142857142856,12.853571428571428,212.6,13.139285714285714,22.75
1935-03-01,31.8,25.690322580645162,11.02258064516129,170.4,11.964516129032257,17.93548387096774
1935-04-01,32.2,20.796666666666667,9.356666666666666,98.3,12.613333333333333,11.346666666666666
1935-05-01,19.9,16.425806451612903,5.1,57.5,10.13225806451613,9.235483870967743
1935-06-01,35.199999999999996,13.846666666666666,3.8666666666666667,37.3,9.346666666666666,6.760000000000001
1935-07-01,55.1,14.14516129032258,3.616129032258064,43.3,8.958064516129031,8.161290322580646
1935-08-01,33.9,16.548387096774192,5.096774193548387,59.9,9.764516129032257,11.5
1935-09-01,55.0,18.17,5.64,86.4,10.486666666666668,16.17
1935-10-01,18.0,21.67096774193548,7.77741935483871,132.7,11.019354838709678,19.15806451612903
1935-11-01,11.899999999999999,24.93,9.096666666666666,180.1,10.663333333333332,22.959999999999997
1935-12-01,11.4,28.183870967741935,11.693548387096774,235.1,11.325806451612904,25.261290322580646
1936-01-01,50.3,29.26774193548387,13.948387096774193,255.0,13.648387096774194,23.725806451612904
1936-02-01,1.5,29.76206896551724,13.237931034482758,218.9,13.175862068965518,22.63103448275862
1936-03-01,16.1,28.190322580645162,12.125806451612902,170.4,12.741935483870968,18.774193548387096
1936-04-01,4.9,20.883333333333333,7.576666666666667,98.3,10.823333333333332,13.333333333333334
1936-05-01,55.5,19.038709677419355,5.396774193548388,57.5,9.783870967741937,10.05483870967742
1936-06-01,54.6,13.226666666666667,3.683333333333333,37.3,8.913333333333332,7.326666666666667
1936-07-01,113.60000000000001,13.254838709677419,4.551612903225807,43.3,9.290322580645162,7.906451612903226
1936-08-01,41.9,15.538709677419355,5.354838709677419,59.9,9.816129032258065,11.551612903225807
1936-09-01,14.4,16.806666666666665,4.7266666666666675,86.4,9.703333333333335,16.14
1936-10-01,52.1,20.845161290322583,7.245161290322581,132.7,10.351612903225806,18.951612903225808
1936-11-01,7.5,24.876666666666665,8.610000000000001,180.1,9.896666666666667,23.953333333333333
1936-12-01,41.0,27.14516129032258,12.919354838709678,235.1,13.941935483870967,22.580645161290324
1937-01-01,51.4,27.174193548387095,11.735483870967743,255.0,12.40967741935484,24.103225806451615
1937-02-01,21.8,29.932142857142857,13.839285714285714,212.6,13.646428571428572,22.532142857142855
1937-03-01,28.700000000000003,27.761290322580646,11.990322580645161,170.4,12.745161290322581,18.906451612903226
1937-04-01,6.699999999999999,20.983333333333334,7.85,98.3,10.520000000000001,13.433333333333334
1937-05-01,18.099999999999998,17.738709677419354,6.909677419354838,57.5,10.358064516129033,9.096774193548388
1937-06-01,45.9,13.683333333333334,2.5700000000000003,37.3,8.363333333333333,8.006666666666666
1937-07-01,17.9,13.76774193548387,2.967741935483871,43.3,7.967741935483871,8.670967741935485
1937-08-01,54.9,16.651612903225807,5.245161290322581,59.9,9.712903225806452,11.845161290322581
1937-09-01,43.8,18.58,6.1466666666666665,86.4,10.163333333333332,15.693333333333333
1937-10-01,57.0,22.53548387096774,8.577419354838709,132.7,11.209677419354838,19.812903225806455
1937-11-01,5.3,27.029999999999998,11.153333333333334,180.1,11.7,23.023333333333333
1937-12-01,83.7,27.048387096774192,12.2,235.1,13.212903225806452,23.45483870967742
1938-01-01,62.8,29.42258064516129,13.161290322580646,255.0,12.432258064516128,25.751612903225805
1938-02-01,8.9,28.667857142857144,13.385714285714286,212.6,12.867857142857144,22.02857142857143
1938-03-01,1.0,27.393548387096775,12.30967741935484,170.4,12.496774193548386,19.029032258064515
1938-04-01,24.6,23.56,9.32,98.3,11.746666666666666,13.97
1938-05-01,3.6,19.52258064516129,6.964516129032258,57.5,10.706451612903225,9.577419354838709
1938-06-01,36.8,13.84,3.6966666666666668,37.3,8.610000000000001,7.29
1938-07-01,39.1,13.880645161290323,3.5064516129032257,43.3,8.609677419354838,8.670967741935485
1938-08-01,11.299999999999999,15.0,3.8419354838709676,59.9,8.841935483870968,12.393548387096773
1938-09-01,9.5,18.67,5.376666666666667,86.4,9.729999999999999,16.65
1938-10-01,4.3,23.425806451612903,7.66774193548387,132.7,10.561290322580644,20.983870967741936
1938-11-01,17.9,27.41,10.463333333333333,180.1,12.036666666666667,24.226666666666667
1938-12-01,1.4,28.31935483870968,11.319354838709677,235.1,11.067741935483872,25.693548387096776
1939-01-01,50.099999999999994,33.438709677419354,15.438709677419356,255.0,13.106451612903227,26.14516129032258
1939-02-01,41.8,30.90357142857143,13.789285714285715,212.6,13.032142857142857,22.907142857142855
1939-03-01,2.0,26.258064516129032,11.8,170.4,13.048387096774194,18.751612903225805
1939-04-01,26.8,21.846666666666668,10.270000000000001,98.3,13.379999999999999,12.803333333333335
1939-05-01,58.900000000000006,18.63225806451613,7.464516129032258,57.5,11.525806451612903,9.148387096774194
1939-06-01,46.5,13.646666666666667,4.823333333333333,37.3,9.81,7.0633333333333335
1939-07-01,27.9,12.7,2.6451612903225805,43.3,8.63225806451613,8.041935483870969
1939-08-01,84.89999999999999,14.187096774193549,4.696774193548387,59.9,9.606451612903227,11.025806451612903
1939-09-01,16.599999999999998,17.60666666666667,5.316666666666666,86.4,10.013333333333332,15.416666666666666
1939-10-01,18.599999999999998,21.5258064516129,6.793548387096774,132.7,10.758064516129032,19.480645161290322
1939-11-01,56.7,22.94,9.446666666666665,180.1,11.863333333333333,21.59333333333333
1939-12-01,8.6,25.967741935483872,9.619354838709677,235.1,10.922580645161291,25.374193548387098
1940-01-01,17.8,28.916129032258063,12.44516129032258,255.0,13.209677419354838,25.506451612903227
1940-02-01,1.3,28.089655172413792,11.16551724137931,218.9,11.858620689655172,24.151724137931033
1940-03-01,4.9,31.16774193548387,12.63225806451613,170.4,12.364516129032259,19.635483870967743
1940-04-01,64.0,20.846666666666668,7.55,98.3,10.903333333333334,12.866666666666667
1940-05-01,22.9,16.31935483870968,4.525806451612904,57.5,9.683870967741935,9.435483870967742
1940-06-01,10.7,14.416666666666666,3.3833333333333333,37.3,8.446666666666667,7.4366666666666665
1940-07-01,37.1,13.506451612903225,4.241935483870968,43.3,8.838709677419354,7.474193548387096
1940-08-01,10.1,16.480645161290322,3.7,59.9,8.493548387096775,12.593548387096773
1940-09-01,22.9,18.386666666666667,5.483333333333333,86.4,9.706666666666667,16.053333333333335
1940-10-01,15.0,24.335483870967742,8.351612903225806,132.7,10.519354838709678,20.193548387096776
1940-11-01,46.5,23.353333333333335,8.353333333333333,180.1,10.543333333333333,21.903333333333332
1940-12-01,20.400000000000002,29.019354838709678,11.912903225806453,235.1,12.725806451612904,24.425806451612903
1941-01-01,121.5,27.983870967741936,12.819354838709677,255.0,13.35483870967742,24.029032258064515
1941-02-01,4.6,28.614285714285717,12.642857142857142,212.6,12.567857142857141,23.42142857142857
1941-03-01,45.3,23.96451612903226,10.596774193548388,170.4,12.693548387096774,16.63225806451613
1941-04-01,29.6,23.740000000000002,10.196666666666665,98.3,12.386666666666667,12.766666666666667
1941-05-01,9.2,17.280645161290323,5.516129032258065,57.5,10.080645161290322,9.425806451612903
1941-06-01,50.0,14.483333333333333,4.3533333333333335,37.3,9.396666666666667,7.116666666666666
1941-07-01,64.1,13.412903225806453,4.806451612903226,43.3,9.348387096774195,7.916129032258064
1941-08-01,16.5,15.658064516129032,4.032258064516129,59.9,8.87741935483871,11.638709677419355
1941-09-01,61.699999999999996,17.42,5.63,86.4,10.173333333333334,15.116666666666667
1941-10-01,29.5,19.10967741935484,6.309677419354839,132.7,9.929032258064517,19.88064516129032
1941-11-01,20.799999999999997,26.043333333333333,9.996666666666668,180.1,11.766666666666667,22.15
1941-12-01,8.9,29.283870967741933,12.583870967741936,235.1,12.825806451612904,25.070967741935487
1942-01-01,20.6,30.719354838709677,13.19032258064516,255.0,12.932258064516128,25.12258064516129
1942-02-01,26.5,29.107142857142858,12.950000000000001,212.6,13.778571428571428,22.239285714285717
1942-03-01,5.8,27.638709677419353,11.793548387096775,170.4,11.880645161290323,18.26774193548387
1942-04-01,34.8,21.473333333333336,8.446666666666667,98.3,11.613333333333333,13.020000000000001
1942-05-01,69.5,16.858064516129033,8.241935483870968,57.5,11.86774193548387,7.219354838709678
1942-06-01,59.5,14.33,5.04,37.3,9.34,6.993333333333334
1942-07-01,43.9,13.16451612903226,3.8870967741935485,43.3,8.845161290322581,8.103225806451613
1942-08-01,76.5,15.283870967741937,5.116129032258065,59.9,9.916129032258064,10.33548387096774
1942-09-01,50.7,18.246666666666666,5.883333333333334,86.4,10.129999999999999,15.286666666666667
1942-10-01,48.3,22.25483870967742,7.435483870967742,132.7,11.180645161290323,20.706451612903226
1942-11-01,68.39999999999999,24.763333333333332,9.816666666666666,180.1,12.156666666666666,21.313333333333333
1942-12-01,14.0,29.287096774193547,12.774193548387096,235.1,13.574193548387097,25.15806451612903
1943-01-01,16.2,30.361290322580647,13.358064516129033,255.0,12.958064516129031,24.90967741935484
1943-02-01,43.6,29.3,12.24642857142857,212.6,13.24642857142857,21.603571428571428
1943-03-01,7.1,27.76774193548387,10.729032258064517,170.4,11.870967741935484,19.274193548387096
1943-04-01,26.7,19.42,7.056666666666667,98.3,10.74,11.973333333333333
1943-05-01,10.399999999999999,16.432258064516127,4.712903225806452,57.5,9.51290322580645,9.02258064516129
1943-06-01,42.6,13.636666666666667,3.75,37.3,9.273333333333333,6.556666666666667
1943-07-01,39.4,13.206451612903225,3.351612903225807,43.3,8.348387096774195,8.480645161290322
1943-08-01,50.8,13.63225806451613,2.1225806451612903,59.9,8.30967741935484,11.261290322580646
1943-09-01,45.5,16.69,5.423333333333333,86.4,10.479999999999999,14.676666666666668
1943-10-01,29.099999999999998,20.11935483870968,6.145161290322581,132.7,10.329032258064515,19.541935483870965
1943-11-01,10.4,24.14333333333333,8.583333333333334,180.1,11.316666666666666,22.423333333333336
1943-12-01,10.7,26.574193548387097,10.338709677419354,235.1,11.62258064516129,25.638709677419353
1944-01-01,15.2,31.345161290322583,12.429032258064517,255.0,11.832258064516129,26.125806451612902
1944-02-01,12.299999999999999,28.879310344827587,12.213793103448275,218.9,11.951724137931036,23.56896551724138
1944-03-01,2.8,27.335483870967742,11.26774193548387,170.4,12.170967741935485,18.69677419354839
1944-04-01,26.9,19.220000000000002,7.266666666666667,98.3,9.986666666666668,11.503333333333334
1944-05-01,41.6,15.609677419354838,5.709677419354839,57.5,10.17741935483871,7.909677419354838
1944-06-01,4.1,13.54,2.3466666666666667,37.3,8.256666666666668,7.3100000000000005
1944-07-01,18.5,13.351612903225808,3.2548387096774194,43.3,8.025806451612903,8.203225806451613
1944-08-01,0.8,15.158064516129032,2.3225806451612905,59.9,8.329032258064515,12.538709677419355
1944-09-01,10.9,20.35666666666667,6.2733333333333325,86.4,10.276666666666667,15.606666666666666
1944-10-01,32.7,21.77741935483871,7.377419354838709,132.7,10.274193548387096,18.906451612903226
1944-11-01,9.0,25.82,10.353333333333333,180.1,11.479999999999999,20.36
1944-12-01,26.8,26.845161290322583,11.399999999999999,235.1,11.7,24.551612903225806
1945-01-01,16.2,29.206451612903226,12.37741935483871,255.0,12.600000000000001,23.55806451612903
1945-02-01,67.89999999999999,26.235714285714288,11.921428571428573,212.6,12.87857142857143,21.614285714285717
1945-03-01,6.8,24.0,9.003225806451614,170.4,10.803225806451612,18.080645161290324
1945-04-01,0.5,22.226666666666667,6.819999999999999,98.3,10.46,13.623333333333333
1945-05-01,25.599999999999998,17.448387096774194,5.348387096774194,57.5,10.141935483870967,9.261290322580646
1945-06-01,49.1,15.826666666666666,4.78,37.3,9.746666666666666,7.293333333333334
1945-07-01,32.5,12.667741935483871,2.106451612903226,43.3,8.261290322580646,8.480645161290322
1945-08-01,54.6,15.225806451612904,5.619354838709678,59.9,10.251612903225807,10.770967741935483
1945-09-01,19.7,17.39333333333333,4.993333333333334,86.4,9.946666666666665,15.163333333333332
1945-10-01,22.9,20.69677419354839,7.316129032258065,132.7,10.735483870967743,17.193548387096776
1945-11-01,34.699999999999996,24.82333333333333,9.96,180.1,11.58,20.723333333333336
1945-12-01,13.5,30.26451612903226,12.248387096774193,235.1,12.600000000000001,26.483870967741936
1946-01-01,76.3,30.070967741935487,13.258064516129032,255.0,13.7,24.20967741935484
1946-02-01,90.5,26.860714285714288,12.478571428571428,212.6,13.585714285714285,19.63214285714286
1946-03-01,71.9,23.07741935483871,10.461290322580645,170.4,12.551612903225807,17.003225806451614
1946-04-01,12.3,19.009999999999998,6.593333333333334,98.3,10.916666666666666,12.83
1946-05-01,18.0,17.36774193548387,5.741935483870968,57.5,10.029032258064515,9.72258064516129
1946-06-01,56.8,12.82,3.04,37.3,8.366666666666667,6.9766666666666675
1946-07-01,66.2,14.138709677419355,5.0,43.3,9.16451612903226,8.2
1946-08-01,34.7,14.54516129032258,4.206451612903226,59.9,9.103225806451613,10.625806451612902
1946-09-01,21.6,17.043333333333333,4.743333333333334,86.4,9.396666666666667,14.956666666666667
1946-10-01,24.099999999999998,19.651612903225807,5.261290322580645,132.7,9.59032258064516,18.906451612903226
1946-11-01,12.700000000000001,24.103333333333335,8.966666666666667,180.1,11.17,21.026666666666664
1946-12-01,28.0,27.822580645161292,11.922580645161291,235.1,12.761290322580646,24.05806451612903
1947-01-01,3.3,30.896774193548385,12.858064516129033,255.0,12.712903225806452,25.638709677419353
1947-02-01,47.0,31.103571428571428,15.596428571428572,212.6,15.953571428571427,21.207142857142856
1947-03-01,77.39999999999999,25.929032258064513,11.938709677419356,170.4,13.13225806451613,16.293548387096774
1947-04-01,20.4,21.78666666666667,8.726666666666667,98.3,12.203333333333335,12.836666666666668
1947-05-01,14.0,20.216129032258067,6.380645161290323,57.5,10.86774193548387,9.851612903225806
1947-06-01,53.800000000000004,15.04,4.386666666666667,37.3,9.106666666666666,7.2
1947-07-01,74.1,12.69032258064516,4.52258064516129,43.3,8.938709677419356,7.196774193548387
1947-08-01,41.9,13.922580645161291,3.8129032258064517,59.9,8.7,10.600000000000001
1947-09-01,54.300000000000004,17.506666666666668,5.33,86.4,10.283333333333333,14.743333333333334
1947-10-01,68.0,20.14516129032258,7.122580645161291,132.7,10.890322580645162,17.229032258064517
1947-11-01,27.2,23.003333333333334,8.49,180.1,11.236666666666668,20.126666666666665
1947-12-01,56.099999999999994,26.74516129032258,11.616129032258065,235.1,13.403225806451612,23.451612903225808
1948-01-01,4.0,29.30322580645161,11.7,255.0,11.851612903225806,27.44193548387097
1948-02-01,16.0,29.04137931034483,13.196551724137931,218.9,13.882758620689655,20.75862068965517
1948-03-01,5.8999999999999995,24.68064516129032,8.212903225806452,170.4,10.883870967741935,19.174193548387095
1948-04-01,104.6,20.726666666666667,8.303333333333333,98.3,11.423333333333334,12.283333333333333
1948-05-01,33.0,15.790322580645162,6.141935483870968,57.5,10.783870967741937,7.651612903225807
1948-06-01,65.5,13.763333333333332,3.3833333333333333,37.3,9.033333333333333,7.22
1948-07-01,26.7,12.82258064516129,3.2451612903225806,43.3,8.051612903225806,7.761290322580645
1948-08-01,20.6,16.503225806451614,4.316129032258065,59.9,9.37741935483871,11.741935483870968
1948-09-01,31.0,19.02,5.426666666666667,86.4,10.603333333333333,15.463333333333333
1948-10-01,102.6,19.738709677419354,5.690322580645161,132.7,10.419354838709678,18.30322580645161
1948-11-01,24.499999999999996,23.446666666666665,8.37,180.1,11.366666666666667,20.983333333333334
1948-12-01,79.1,27.438709677419357,11.180645161290323,235.1,12.429032258064517,21.661290322580644
1949-01-01,8.2,29.129032258064516,12.358064516129033,255.0,13.19032258064516,23.048387096774192
1949-02-01,95.0,25.207142857142856,10.242857142857144,212.6,12.864285714285714,19.771428571428572
1949-03-01,8.2,25.13225806451613,10.725806451612904,170.4,13.399999999999999,16.267741935483873
1949-04-01,1.0,20.436666666666667,6.456666666666666,98.3,10.68,12.336666666666668
1949-05-01,44.2,15.783870967741937,5.109677419354839,57.5,10.14516129032258,7.519354838709678
1949-06-01,16.5,12.943333333333333,1.6466666666666667,37.3,8.360000000000001,6.966666666666667
1949-07-01,48.6,13.570967741935483,3.8870967741935485,43.3,9.154838709677419,7.225806451612903
1949-08-01,15.0,15.580645161290322,3.732258064516129,59.9,8.748387096774193,11.003225806451614
1949-09-01,47.8,17.973333333333336,4.319999999999999,86.4,10.046666666666665,15.326666666666666
1949-10-01,82.9,20.345161290322583,7.451612903225806,132.7,11.741935483870968,15.05483870967742
1949-11-01,29.8,22.98,9.633333333333333,180.1,12.703333333333335,17.226666666666667
1949-12-01,1.8,26.44516129032258,9.980645161290322,235.1,11.55483870967742,23.009677419354837
1950-01-01,0.8,29.293548387096774,11.387096774193548,255.0,12.03225806451613,23.551612903225806
1950-02-01,74.5,27.50714285714286,13.114285714285714,212.6,14.442857142857145,20.25714285714286
1950-03-01,66.1,25.458064516129035,11.27741935483871,170.4,14.003225806451614,17.006451612903227
1950-04-01,20.2,22.066666666666666,7.7,98.3,11.903333333333334,13.486666666666668
1950-05-01,97.8,17.270967741935483,5.329032258064516,57.5,10.535483870967743,8.348387096774195
1950-06-01,14.0,13.603333333333333,2.703333333333333,37.3,8.826666666666666,7.086666666666667
1950-07-01,26.9,14.016129032258064,3.732258064516129,43.3,9.12258064516129,7.874193548387097
1950-08-01,34.3,15.196774193548388,3.6451612903225805,59.9,9.3,10.870967741935484
1950-09-01,63.6,19.153333333333332,5.5633333333333335,86.4,10.79,16.066666666666666
1950-10-01,29.400000000000002,21.506451612903227,7.245161290322581,132.7,11.141935483870967,18.177419354838708
1950-11-01,18.4,26.196666666666665,9.56,180.1,12.066666666666666,21.68
1950-12-01,22.9,31.103225806451615,12.916129032258064,235.1,12.838709677419354,27.612903225806452
1951-01-01,21.299999999999997,33.36774193548387,15.161290322580646,255.0,14.235483870967743,25.874193548387098
1951-02-01,43.3,30.332142857142856,13.757142857142856,212.6,13.825000000000001,22.12857142857143
1951-03-01,5.7,28.24516129032258,11.896774193548387,170.4,13.238709677419354,18.59032258064516
1951-04-01,21.1,18.746666666666666,8.02,98.3,10.94,10.360000000000001
1951-05-01,56.9,16.54516129032258,6.638709677419355,57.5,11.0,7.151612903225806
1951-06-01,83.9,14.486666666666668,4.706666666666666,37.3,10.22,6.546666666666667
1951-07-01,58.0,13.061290322580644,3.8870967741935485,43.3,9.019354838709678,7.219354838709678
1951-08-01,47.9,13.141935483870967,3.583870967741935,59.9,9.09032258064516,9.819354838709677
1951-09-01,12.0,18.253333333333334,5.996666666666667,86.4,10.446666666666665,14.083333333333334
1951-10-01,65.3,20.72258064516129,6.987096774193549,132.7,10.874193548387098,18.94193548387097
1951-11-01,12.2,24.743333333333332,7.510000000000001,180.1,9.65,21.526666666666664
1951-12-01,37.3,28.48709677419355,11.129032258064516,235.1,11.46774193548387,22.990322580645163
1952-01-01,60.2,30.24516129032258,12.029032258064515,255.0,11.983870967741936,24.61935483870968
1952-02-01,29.5,26.417241379310347,10.96551724137931,218.9,12.110344827586207,20.93103448275862
1952-03-01,18.3,27.64516129032258,11.57741935483871,170.4,13.025806451612903,16.677419354838708
1952-04-01,16.4,19.296666666666667,7.166666666666667,98.3,11.07,10.856666666666666
1952-05-01,82.6,16.0,5.590322580645162,57.5,10.577419354838709,7.506451612903225
1952-06-01,69.5,14.003333333333334,5.243333333333334,37.3,10.183333333333334,6.23
1952-07-01,25.3,12.658064516129032,2.4516129032258065,43.3,8.203225806451613,7.590322580645161
1952-08-01,42.5,14.8,3.464516129032258,59.9,9.30967741935484,11.280645161290321
1952-09-01,26.7,18.28666666666667,5.366666666666666,86.4,10.163333333333332,14.54
1952-10-01,69.0,19.70967741935484,6.780645161290322,132.7,10.919354838709678,15.670967741935485
1952-11-01,56.2,22.586666666666666,8.016666666666667,180.1,11.516666666666667,20.673333333333336
1952-12-01,15.700000000000001,26.07741935483871,10.83548387096774,235.1,11.383870967741935,22.11935483870968
1953-01-01,33.599999999999994,29.62258064516129,12.548387096774194,255.0,12.90967741935484,24.216129032258067
1953-02-01,0.8,29.425,12.264285714285714,212.6,12.875,22.87142857142857
1953-03-01,1.3,28.654838709677417,11.119354838709677,170.4,11.383870967741935,19.75483870967742
1953-04-01,21.4,22.486666666666668,8.933333333333334,98.3,12.51,12.246666666666666
1953-05-01,13.399999999999999,18.48709677419355,5.22258064516129,57.5,10.248387096774193,8.693548387096774
1953-06-01,83.0,13.65,4.323333333333333,37.3,9.233333333333333,6.493333333333334
1953-07-01,61.8,13.635483870967741,3.4645161290322584,43.3,8.667741935483871,8.22258064516129
1953-08-01,64.6,13.919354838709678,3.9387096774193546,59.9,9.17741935483871,9.670967741935485
1953-09-01,40.800000000000004,17.35,4.556666666666667,86.4,9.733333333333333,14.729999999999999
1953-10-01,41.0,20.761290322580646,6.193548387096774,132.7,10.338709677419354,19.23225806451613
1953-11-01,56.2,22.64,8.016666666666667,180.1,10.246666666666666,21.75
1953-12-01,35.1,27.07741935483871,10.380645161290323,235.1,10.46774193548387,23.200000000000003
1954-01-01,68.1,31.038709677419355,13.961290322580645,255.0,13.332258064516129,24.69677419354839
1954-02-01,0.5,26.642857142857142,10.75,212.6,12.396428571428572,22.267857142857142
1954-03-01,7.1,25.387096774193548,8.538709677419355,170.4,10.758064516129032,18.538709677419355
1954-04-01,99.10000000000001,22.033333333333335,8.703333333333335,98.3,12.043333333333333,11.483333333333333
1954-05-01,8.3,17.08709677419355,6.161290322580645,57.5,10.812903225806451,8.164516129032258
1954-06-01,22.9,13.806666666666667,3.27,37.3,8.993333333333334,6.3533333333333335
1954-07-01,36.9,13.748387096774193,2.925806451612903,43.3,8.648387096774194,8.058064516129033
1954-08-01,31.400000000000002,15.138709677419355,3.5903225806451613,59.9,9.264516129032257,10.54516129032258
1954-09-01,14.5,18.209999999999997,4.4,86.4,9.639999999999999,15.703333333333335
1954-10-01,36.599999999999994,21.338709677419356,7.312903225806451,132.7,10.287096774193548,16.88064516129032
1954-11-01,42.6,24.426666666666666,8.626666666666667,180.1,11.143333333333334,21.7
1954-12-01,52.6,28.325806451612905,12.541935483870969,235.1,12.729032258064517,24.42258064516129
1955-01-01,0.5,30.896774193548385,13.51290322580645,255.0,12.82258064516129,24.629032258064516
1955-02-01,40.5,29.625,14.546428571428573,212.6,16.12142857142857,19.17142857142857
1955-03-01,15.0,26.919354838709676,11.245161290322581,170.4,12.774193548387096,16.719354838709677
1955-04-01,16.0,21.876666666666665,7.866666666666666,98.3,11.126666666666667,12.596666666666666
1955-05-01,51.099999999999994,15.829032258064515,5.351612903225806,57.5,10.448387096774193,7.883870967741935
1955-06-01,118.39999999999999,13.473333333333333,3.8466666666666667,37.3,9.736666666666668,6.54
1955-07-01,44.8,12.893548387096773,4.016129032258065,43.3,9.183870967741935,7.235483870967743
1955-08-01,100.9,14.812903225806451,5.141935483870968,59.9,9.719354838709679,10.66451612903226
1955-09-01,30.599999999999998,17.94,6.126666666666667,86.4,11.223333333333333,14.373333333333333
1955-10-01,42.5,20.716129032258067,7.370967741935484,132.7,11.119354838709677,17.5
1955-11-01,40.0,21.896666666666665,7.363333333333333,180.1,10.076666666666666,20.063333333333333
1955-12-01,12.0,25.938709677419357,10.448387096774193,235.1,11.216129032258063,23.612903225806452
1956-01-01,17.1,28.94516129032258,11.658064516129032,255.0,12.490322580645161,23.11935483870968
1956-02-01,0.0,32.90689655172414,15.37241379310345,218.9,14.99655172413793,22.95862068965517
1956-03-01,47.0,27.54516129032258,13.461290322580645,170.4,15.958064516129031,15.525806451612903
1956-04-01,68.8,20.773333333333333,9.056666666666667,98.3,13.29,12.110000000000001
1956-05-01,84.9,16.038709677419355,5.909677419354838,57.5,11.541935483870969,7.967741935483871
1956-06-01,62.3,12.883333333333333,3.203333333333333,37.3,9.146666666666667,7.24
1956-07-01,63.3,12.790322580645162,4.116129032258065,43.3,9.438709677419356,7.329032258064516
1956-08-01,36.6,13.480645161290322,3.57741935483871,59.9,9.280645161290321,10.951612903225806
1956-09-01,46.8,16.283333333333335,4.78,86.4,10.15,13.946666666666665
1956-10-01,37.0,18.14516129032258,5.864516129032259,132.7,10.429032258064517,16.906451612903226
1956-11-01,17.9,22.013333333333332,7.233333333333333,180.1,10.520000000000001,21.333333333333332
1956-12-01,9.1,25.16774193548387,8.783870967741937,235.1,10.17741935483871,24.048387096774192
1957-01-01,2.0,29.86774193548387,10.548387096774194,255.0,10.396774193548387,28.88064516129032
1957-02-01,142.2,28.967857142857145,12.528571428571428,212.6,12.74642857142857,24.482142857142858
1957-03-01,18.099999999999998,25.161290322580644,9.422580645161291,170.4,12.212903225806452,18.5
1957-04-01,9.4,20.94,7.503333333333333,98.3,10.783333333333333,13.336666666666668
1957-05-01,12.0,17.364516129032257,5.206451612903226,57.5,9.580645161290322,9.258064516129032
1957-06-01,31.4,18.296666666666667,6.946666666666667,37.3,10.05,7.42
1957-07-01,30.2,12.958064516129031,2.693548387096774,43.3,8.0,8.30967741935484
1957-08-01,26.8,15.73225806451613,3.835483870967742,59.9,9.151612903225805,12.390322580645162
1957-09-01,19.599999999999998,17.766666666666666,5.056666666666667,86.4,9.203333333333335,15.136666666666667
1957-10-01,37.599999999999994,21.048387096774192,7.122580645161291,132.7,10.096774193548388,18.67096774193548
1957-11-01,23.5,23.923333333333336,8.6,180.1,10.396666666666667,24.016666666666666
1957-12-01,5.5,28.419354838709676,12.44516129032258,235.1,11.070967741935483,23.706451612903226
1958-01-01,2.1,29.045161290322582,11.606451612903227,255.0,11.754838709677419,26.625806451612902
1958-02-01,2.8,29.692857142857143,13.385714285714286,212.6,13.182142857142859,23.099999999999998
1958-03-01,5.6,26.206451612903226,11.390322580645162,170.4,12.112903225806452,17.55806451612903
1958-04-01,7.8999999999999995,24.14,7.496666666666667,98.3,10.546666666666665,15.496666666666666
1958-05-01,57.3,17.845161290322583,8.774193548387096,57.5,11.606451612903227,7.419354838709677
1958-06-01,10.5,14.436666666666667,2.6533333333333338,37.3,7.9399999999999995,8.323333333333332
1958-07-01,63.4,13.274193548387096,3.051612903225806,43.3,8.432258064516128,8.067741935483872
1958-08-01,71.7,14.01290322580645,5.725806451612903,59.9,9.651612903225805,10.016129032258064
1958-09-01,25.1,16.556666666666665,4.826666666666667,86.4,9.733333333333333,14.753333333333334
1958-10-01,64.3,19.048387096774192,7.951612903225806,132.7,11.106451612903227,16.55806451612903
1958-11-01,47.7,25.83,10.673333333333334,180.1,12.683333333333334,21.28666666666667
1958-12-01,2.8,25.5258064516129,9.551612903225807,235.1,11.338709677419354,25.37741935483871
1959-01-01,29.2,33.50645161290323,15.13225806451613,255.0,13.30967741935484,28.032258064516128
1959-02-01,52.2,29.375,13.442857142857141,212.6,13.5,22.903571428571432
1959-03-01,16.7,27.032258064516128,12.606451612903227,170.4,14.187096774193549,18.212903225806453
1959-04-01,17.799999999999997,23.18,8.436666666666666,98.3,11.71,13.493333333333334
1959-05-01,5.3999999999999995,18.01290322580645,4.945161290322581,57.5,9.399999999999999,9.903225806451612
1959-06-01,11.3,15.483333333333333,3.9433333333333334,37.3,8.68,7.553333333333333
1959-07-01,12.2,14.3,3.4451612903225803,43.3,8.425806451612903,7.283870967741936
1959-08-01,50.1,17.345161290322583,5.34516129032258,59.9,9.303225806451612,12.687096774193549
1959-09-01,29.2,18.416666666666668,4.983333333333333,86.4,9.020000000000001,15.75
1959-10-01,32.9,21.096774193548388,7.893548387096774,132.7,10.619354838709677,18.66774193548387
1959-11-01,27.4,28.779999999999998,12.03,180.1,11.860000000000001,23.14333333333333
1959-12-01,36.9,25.103225806451615,10.558064516129033,235.1,11.080645161290322,23.77741935483871
1960-01-01,26.7,32.693548387096776,15.787096774193548,255.0,13.048387096774194,25.845161290322583
1960-02-01,35.300000000000004,27.07586206896552,12.924137931034483,218.9,12.248275862068965,22.16896551724138
1960-03-01,39.699999999999996,27.0258064516129,12.529032258064515,170.4,12.241935483870968,18.238709677419354
1960-04-01,48.5,19.69,9.296666666666665,98.3,10.72,10.423333333333334
1960-05-01,92.3,14.329032258064515,6.393548387096774,57.5,9.496774193548386,8.058064516129033
1960-06-01,22.6,13.003333333333334,4.246666666666667,37.3,8.860000000000001,7.903333333333333
1960-07-01,40.5,12.59032258064516,3.7838709677419353,43.3,8.541935483870969,7.809677419354839
1960-08-01,40.6,13.403225806451612,3.270967741935484,59.9,8.706451612903225,11.106451612903227
1960-09-01,76.2,15.55,6.953333333333333,86.4,10.863333333333333,12.03
1960-10-01,14.700000000000001,21.358064516129033,7.641935483870968,132.7,10.593548387096776,21.15806451612903
1960-11-01,59.7,21.31,7.713333333333334,180.1,10.186666666666667,22.013333333333332
1960-12-01,37.5,30.629032258064516,13.838709677419354,235.1,12.654838709677419,27.080645161290324
1961-01-01,3.8,33.60322580645161,15.980645161290322,255.0,12.66451612903226,28.135483870967743
1961-02-01,17.0,30.514285714285712,13.314285714285715,212.6,11.885714285714286,23.985714285714288
1961-03-01,21.8,27.148387096774194,11.845161290322581,170.4,12.541935483870969,19.067741935483873
1961-04-01,65.8,21.38,11.273333333333333,98.3,13.41,10.979999999999999
1961-05-01,19.1,17.919354838709676,5.296774193548386,57.5,9.97741935483871,9.961290322580645
1961-06-01,42.8,15.443333333333333,4.819999999999999,37.3,9.443333333333333,7.986666666666666
1961-07-01,41.8,13.351612903225806,4.258064516129032,43.3,9.293548387096775,7.564516129032258
1961-08-01,15.5,15.203225806451613,4.329032258064516,59.9,9.564516129032258,11.329032258064515
1961-09-01,26.900000000000002,20.026666666666664,5.616666666666666,86.4,9.793333333333333,17.486666666666668
1961-10-01,26.2,23.94193548387097,8.538709677419355,132.7,10.687096774193549,20.55806451612903
1961-11-01,34.8,25.970000000000002,11.07,180.1,11.33,22.016666666666666
1961-12-01,41.6,29.25483870967742,12.48709677419355,235.1,11.754838709677419,26.81935483870968
1962-01-01,9.3,31.80322580645161,14.59032258064516,255.0,13.516129032258064,27.15806451612903
1962-02-01,10.899999999999999,29.185714285714287,12.25357142857143,212.6,11.585714285714285,24.325
1962-03-01,12.5,27.580645161290324,12.129032258064516,170.4,11.96774193548387,19.351612903225806
1962-04-01,10.4,23.533333333333335,8.123333333333333,98.3,10.053333333333335,14.716666666666667
1962-05-01,46.3,16.129032258064516,5.664516129032258,57.5,9.358064516129033,8.596774193548388
1962-06-01,43.9,15.783333333333333,6.756666666666666,37.3,9.613333333333333,7.5566666666666675
1962-07-01,18.4,14.7,4.632258064516129,43.3,8.17741935483871,8.538709677419355
1962-08-01,52.1,14.790322580645162,5.680645161290323,59.9,8.496774193548386,10.438709677419356
1962-09-01,69.9,17.876666666666665,5.516666666666667,86.4,9.610000000000001,16.96333333333333
1962-10-01,42.3,18.983870967741936,6.803225806451613,132.7,9.629032258064516,18.845161290322583
1962-11-01,14.6,25.73,9.376666666666667,180.1,10.256666666666666,22.976666666666667
1962-12-01,26.9,27.703225806451613,12.167741935483871,235.1,12.061290322580644,24.31612903225807
1963-01-01,75.7,29.164516129032258,13.964516129032257,255.0,12.916129032258064,24.625806451612902
1963-02-01,3.3,28.907142857142855,12.514285714285714,212.6,11.65,24.514285714285712
1963-03-01,16.8,26.654838709677417,11.538709677419355,170.4,12.23225806451613,18.76451612903226
1963-04-01,3.8,21.73,7.303333333333333,98.3,9.846666666666666,14.379999999999999
1963-05-01,49.8,16.641935483870967,8.567741935483872,57.5,10.206451612903225,6.854838709677419
1963-06-01,63.4,13.54,6.0600000000000005,37.3,8.629999999999999,6.42
1963-07-01,41.8,12.754838709677419,4.651612903225806,43.3,7.5,8.09032258064516
1963-08-01,59.1,14.845161290322581,4.870967741935484,59.9,8.27741935483871,11.183870967741935
1963-09-01,65.1,17.89333333333333,6.663333333333333,86.4,9.2,15.103333333333333
1963-10-01,28.2,23.5258064516129,9.103225806451613,132.7,11.919354838709678,20.816129032258065
1963-11-01,4.8,25.883333333333333,9.92,180.1,9.82,24.773333333333333
1963-12-01,7.6,29.374193548387098,12.380645161290323,235.1,10.561290322580644,27.561290322580643
1964-01-01,2.0,29.187096774193545,11.806451612903226,255.0,10.64516129032258,26.55806451612903
1964-02-01,5.3,27.944827586206895,12.49655172413793,218.9,11.282758620689656,22.56551724137931
1964-03-01,7.6,26.825806451612905,9.983870967741936,170.4,10.46774193548387,20.932258064516127
1964-04-01,47.3,21.39333333333333,9.41,98.3,11.793333333333333,11.75
1964-05-01,18.6,17.509677419354837,5.548387096774194,57.5,9.59032258064516,10.216129032258063
1964-06-01,59.1,14.696666666666665,4.569999999999999,37.3,8.889999999999999,8.583333333333334
1964-07-01,75.89999999999999,13.425806451612903,4.441935483870967,43.3,8.86774193548387,8.306451612903226
1964-08-01,54.5,15.077419354838709,5.716129032258064,59.9,10.138709677419355,10.780645161290321
1964-09-01,82.7,16.853333333333335,6.373333333333333,86.4,10.42,15.46
1964-10-01,89.6,18.506451612903227,7.061290322580645,132.7,10.94516129032258,18.787096774193547
1964-11-01,90.89999999999999,23.64,9.813333333333333,180.1,11.726666666666667,22.32
1964-12-01,43.8,23.187096774193545,9.412903225806453,235.1,11.329032258064515,22.93548387096774
1965-01-01,0.8,28.716129032258067,11.332258064516129,255.0,11.116129032258065,28.43548387096774
1965-02-01,0.0,31.114285714285717,13.517857142857142,212.6,12.360714285714286,24.139285714285712
1965-03-01,5.7,27.183870967741935,10.041935483870969,170.4,11.206451612903225,20.325806451612905
1965-04-01,18.0,20.153333333333332,6.746666666666667,98.3,10.883333333333333,14.226666666666667
1965-05-01,45.0,17.548387096774192,6.770967741935484,57.5,10.609677419354838,8.116129032258064
1965-06-01,22.1,14.629999999999999,3.3400000000000003,37.3,8.393333333333334,8.29
1965-07-01,59.199999999999996,12.496774193548386,2.6580645161290324,43.3,8.503225806451614,7.661290322580645
1965-08-01,55.8,15.064516129032258,4.303225806451613,59.9,9.519354838709678,10.77741935483871
1965-09-01,11.3,19.2,6.6033333333333335,86.4,10.83,15.96
1965-10-01,13.7,23.80322580645161,8.422580645161291,132.7,10.490322580645161,20.825806451612905
1965-11-01,37.599999999999994,23.62,8.496666666666666,180.1,10.456666666666667,22.28666666666667
1965-12-01,28.200000000000003,30.296774193548387,14.003225806451614,235.1,13.03225806451613,27.141935483870967
1966-01-01,18.3,31.948387096774194,14.135483870967741,255.0,12.474193548387097,25.470967741935485
1966-02-01,28.7,28.72142857142857,12.310714285714285,212.6,13.546428571428573,24.75714285714286
1966-03-01,9.3,26.58709677419355,11.63225806451613,170.4,12.17741935483871,18.364516129032257
1966-04-01,5.699999999999999,21.196666666666665,7.03,98.3,10.56,14.47
1966-05-01,17.8,16.896774193548385,5.745161290322581,57.5,9.670967741935485,8.25483870967742
1966-06-01,38.5,13.520000000000001,2.743333333333333,37.3,8.343333333333334,7.593333333333334
1966-07-01,54.9,12.94516129032258,3.47741935483871,43.3,8.696774193548388,7.980645161290322
1966-08-01,25.200000000000003,14.674193548387096,3.706451612903226,59.9,8.8,11.593548387096773
1966-09-01,53.8,17.5,6.34,86.4,10.15,14.91
1966-10-01,41.7,21.016129032258064,6.912903225806452,132.7,10.66451612903226,19.774193548387096
1966-11-01,12.0,26.006666666666668,11.110000000000001,180.1,11.353333333333333,23.18
1966-12-01,46.199999999999996,26.77741935483871,11.761290322580646,235.1,12.341935483870968,23.493548387096773
1967-01-01,3.8,29.36774193548387,12.116129032258065,255.0,12.041935483870969,25.606451612903225
1967-02-01,21.1,31.960714285714285,13.814285714285715,212.6,12.157142857142857,24.635714285714283
1967-03-01,3.0999999999999996,26.141935483870967,11.332258064516129,170.4,11.806451612903226,19.693548387096776
1967-04-01,2.8,24.279999999999998,9.09,98.3,11.163333333333332,14.01
1967-05-01,22.200000000000003,18.687096774193545,4.806451612903226,57.5,9.332258064516129,10.006451612903225
1967-06-01,8.0,16.6,3.9433333333333334,37.3,9.153333333333334,8.706666666666667
1967-07-01,34.0,14.345161290322581,3.670967741935484,43.3,8.77741935483871,7.967741935483871
1967-08-01,26.5,14.938709677419356,3.851612903225807,59.9,8.76774193548387,12.158064516129032
1967-09-01,14.0,18.67,5.096666666666667,86.4,9.376666666666667,16.983333333333334
1967-10-01,1.8,24.05806451612903,7.409677419354838,132.7,9.570967741935483,21.916129032258063
1967-11-01,3.3,26.236666666666668,9.493333333333334,180.1,8.956666666666667,25.19
1967-12-01,22.3,26.751612903225805,10.948387096774193,235.1,10.654838709677419,26.096774193548388
1968-01-01,10.399999999999999,33.67741935483871,15.01290322580645,255.0,13.041935483870969,27.674193548387095
1968-02-01,8.0,32.1551724137931,15.568965517241379,218.9,13.586206896551724,24.444827586206895
1968-03-01,29.6,28.06451612903226,13.858064516129033,170.4,14.016129032258064,17.56451612903226
1968-04-01,30.099999999999998,23.016666666666666,10.966666666666667,98.3,13.22,11.536666666666667
1968-05-01,50.5,15.19032258064516,7.080645161290323,57.5,11.112903225806452,7.616129032258065
1968-06-01,48.3,13.043333333333333,4.79,37.3,9.276666666666667,6.78
1968-07-01,52.4,12.435483870967742,2.7548387096774194,43.3,8.403225806451612,7.941935483870967
1968-08-01,59.2,14.448387096774193,3.9000000000000004,59.9,9.100000000000001,11.706451612903225
1968-09-01,15.6,16.953333333333333,4.3533333333333335,86.4,9.583333333333334,15.536666666666667
1968-10-01,47.4,21.18064516129032,7.696774193548387,132.7,10.958064516129031,19.23548387096774
1968-11-01,35.5,22.59333333333333,8.536666666666667,180.1,11.216666666666667,21.86
1968-12-01,11.600000000000001,27.116129032258065,10.358064516129033,235.1,11.093548387096773,26.30322580645161
1969-01-01,7.799999999999999,33.061290322580646,14.248387096774193,255.0,12.841935483870968,26.374193548387098
1969-02-01,36.4,29.389285714285712,15.325000000000001,212.6,16.37142857142857,19.75714285714286
1969-03-01,35.199999999999996,25.838709677419356,11.69032258064516,170.4,14.325806451612904,17.861290322580647
1969-04-01,16.0,22.206666666666667,8.6,98.3,11.713333333333333,13.29
1969-05-01,35.6,16.241935483870968,5.564516129032258,57.5,9.803225806451612,8.696774193548388
1969-06-01,7.6000000000000005,14.446666666666665,2.7199999999999998,37.3,8.483333333333333,7.696666666666667
1969-07-01,64.6,14.558064516129033,4.035483870967742,43.3,9.22258064516129,7.880645161290323
1969-08-01,86.4,16.119354838709675,4.33225806451613,59.9,9.14516129032258,11.52258064516129
1969-09-01,26.5,15.223333333333333,4.253333333333333,86.4,9.526666666666667,14.243333333333334
1969-10-01,17.1,23.383870967741935,7.390322580645161,132.7,10.96774193548387,22.229032258064517
1969-11-01,19.8,24.503333333333334,9.49,180.1,10.993333333333334,23.28666666666667
1969-12-01,35.3,25.59032258064516,10.096774193548388,232.3,10.635483870967741,24.52258064516129
1970-01-01,17.0,29.0258064516129,13.01290322580645,227.2,13.061290322580644,24.95483870967742
1970-02-01,1.1,31.860714285714288,12.971428571428572,225.6,12.710714285714285,25.571428571428573
1970-03-01,20.099999999999998,26.051612903225806,10.94516129032258,157.1,12.619354838709677,18.648387096774194
1970-04-01,85.0,21.433333333333334,9.51,105.7,12.620000000000001,12.096666666666666
1970-05-01,30.400000000000002,15.435483870967742,5.858064516129032,49.0,10.270967741935483,8.76774193548387
1970-06-01,31.5,14.56,4.636666666666667,38.3,9.423333333333334,7.126666666666667
1970-07-01,17.9,14.151612903225805,3.4838709677419355,46.4,8.858064516129033,8.183870967741935
1970-08-01,54.4,14.287096774193548,2.8129032258064517,55.5,8.716129032258063,11.870967741935484
1970-09-01,24.5,15.986666666666666,4.676666666666667,79.9,9.093333333333334,13.733333333333333
1970-10-01,17.1,21.251612903225805,5.890322580645161,127.0,9.583870967741936,20.080645161290324
1970-11-01,68.4,24.68,9.51,162.2,11.003333333333334,23.56
1970-12-01,24.8,27.56451612903226,11.73225806451613,231.4,11.848387096774195,26.580645161290324
1971-01-01,4.0,30.212903225806453,13.345161290322581,259.5,13.280645161290321,26.55483870967742
1971-02-01,20.6,31.099999999999998,15.546428571428573,206.2,15.110714285714286,23.389285714285712
1971-03-01,14.7,29.070967741935487,14.429032258064517,183.6,14.612903225806452,18.741935483870968
1971-04-01,93.10000000000001,24.07,11.133333333333333,114.1,12.84,12.886666666666667
1971-05-01,25.099999999999998,17.325806451612905,6.280645161290322,53.8,10.496774193548386,9.319354838709677
1971-06-01,43.7,13.886666666666667,5.086666666666667,36.4,9.733333333333333,6.596666666666667
1971-07-01,22.5,13.5,3.541935483870968,35.5,8.858064516129033,7.112903225806452
1971-08-01,35.3,14.574193548387097,3.670967741935484,55.1,8.996774193548386,11.067741935483872
1971-09-01,45.1,16.546666666666667,4.926666666666667,74.8,9.956666666666667,14.01
1971-10-01,35.6,19.312903225806455,6.82258064516129,131.1,10.180645161290323,18.825806451612905
1971-11-01,53.3,23.040000000000003,8.639999999999999,141.4,11.116666666666667,21.503333333333334
1971-12-01,25.9,26.52258064516129,10.941935483870967,198.3,11.667741935483871,24.503225806451614
1972-01-01,27.9,29.112903225806452,13.574193548387097,207.9,14.512903225806452,24.258064516129032
1972-02-01,41.7,29.855172413793102,14.386206896551723,194.3,13.841379310344827,21.944827586206895
1972-03-01,1.3,26.225806451612904,9.825806451612904,171.1,11.67741935483871,20.43548387096774
1972-04-01,35.9,23.083333333333332,8.403333333333332,109.9,11.53,14.639999999999999
1972-05-01,27.5,19.096774193548388,5.367741935483871,58.8,10.438709677419356,9.938709677419356
1972-06-01,11.5,15.726666666666667,0.9133333333333333,44.7,7.573333333333333,8.953333333333335
1972-07-01,37.0,13.841935483870968,4.090322580645161,51.9,8.883870967741935,7.590322580645162
1972-08-01,46.9,16.083870967741937,5.570967741935483,67.5,9.641935483870967,11.116129032258065
1972-09-01,15.5,20.21333333333333,5.466666666666667,112.0,9.610000000000001,17.303333333333335
1972-10-01,15.5,22.309677419354838,7.474193548387096,156.6,10.016129032258064,21.60967741935484
1972-11-01,23.9,25.31,9.41,187.6,10.94,24.16
1972-12-01,2.3,29.641935483870967,12.40967741935484,277.8,11.406451612903227,27.33225806451613
1973-01-01,77.60000000000001,31.593548387096774,15.16451612903226,285.7,12.780645161290321,25.164516129032258
1973-02-01,123.5,28.25,14.907142857142857,174.4,15.828571428571427,23.00357142857143
1973-03-01,19.7,24.248387096774195,10.780645161290321,140.8,12.416129032258064,18.23548387096774
1973-04-01,25.5,22.259999999999998,9.413333333333332,98.7,12.406666666666666,13.7
1973-05-01,68.1,16.683870967741935,6.464516129032258,49.9,11.05483870967742,8.809677419354838
1973-06-01,57.0,12.806666666666667,4.033333333333333,33.6,9.15,7.2
1973-07-01,74.1,14.429032258064517,4.264516129032257,37.6,9.096774193548388,8.880645161290323
1973-08-01,55.2,14.87741935483871,4.564516129032258,50.6,9.619354838709677,11.038709677419355
1973-09-01,53.4,17.85666666666667,7.043333333333334,84.5,10.943333333333333,15.203333333333335
1973-10-01,179.7,20.896774193548385,8.932258064516128,111.5,12.664516129032258,18.45483870967742
1973-11-01,15.299999999999999,23.146666666666665,9.426666666666668,160.7,11.733333333333333,23.243333333333332
1973-12-01,11.899999999999999,28.858064516129033,13.332258064516129,244.8,12.716129032258063,25.938709677419357
1974-01-01,125.2,30.616129032258065,16.322580645161292,258.1,16.070967741935483,25.283870967741933
1974-02-01,44.8,28.375,13.664285714285715,195.7,14.35,24.45
1974-03-01,44.599999999999994,29.070967741935487,15.37741935483871,175.0,15.64516129032258,18.583870967741937
1974-04-01,94.8,19.0,11.106666666666666,64.9,13.736666666666668,9.483333333333333
1974-05-01,81.8,17.5258064516129,7.812903225806451,47.9,11.838709677419354,9.490322580645161
1974-06-01,13.0,14.55,4.22,35.2,9.173333333333334,8.113333333333333
1974-07-01,57.6,13.5,3.7612903225806456,40.7,8.958064516129031,7.983870967741935
1974-08-01,76.5,14.693548387096774,5.541935483870968,52.4,9.87741935483871,10.506451612903225
1974-09-01,67.4,15.82,5.096666666666667,67.6,10.213333333333333,14.780000000000001
1974-10-01,76.5,19.496774193548386,8.25483870967742,94.1,11.63225806451613,18.30322580645161
1974-11-01,5.1,22.88,8.023333333333333,150.4,10.903333333333334,23.696666666666665
1974-12-01,5.6,26.038709677419355,9.764516129032257,206.1,11.180645161290323,25.40967741935484
1975-01-01,21.200000000000003,27.15806451612903,10.261290322580646,227.4,11.754838709677419,27.429032258064513
1975-02-01,0.6,31.175,13.453571428571427,214.4,12.721428571428572,23.72142857142857
1975-03-01,19.8,24.864516129032257,9.980645161290322,151.7,11.95483870967742,18.106451612903225
1975-04-01,12.2,21.686666666666667,7.493333333333334,98.7,11.003333333333334,13.476666666666667
1975-05-01,40.7,18.793548387096774,7.683870967741935,70.7,11.519354838709678,8.161290322580646
1975-06-01,8.7,15.143333333333334,2.7,42.0,8.856666666666666,8.18
1975-07-01,47.6,15.825806451612904,5.403225806451613,58.3,9.59032258064516,8.106451612903227
1975-08-01,22.400000000000002,14.619354838709677,4.341935483870968,56.1,9.2,10.14516129032258
1975-09-01,58.0,18.483333333333334,6.3933333333333335,88.2,11.283333333333333,14.633333333333333
1975-10-01,153.1,19.029032258064515,8.235483870967743,106.6,11.919354838709678,16.62258064516129
1975-11-01,24.6,25.12,10.44,166.1,12.933333333333334,23.323333333333334
1975-12-01,23.0,29.193548387096776,12.709677419354838,236.7,13.82258064516129,26.761290322580646
1976-01-01,23.8,28.983870967741936,12.248387096774193,243.2,12.654838709677419,26.364516129032257
1976-02-01,16.0,30.682758620689654,15.006896551724138,225.4,14.831034482758621,24.231034482758623
1976-03-01,11.8,26.967741935483872,10.861290322580645,178.2,12.745161290322581,20.151612903225807
1976-04-01,17.0,20.88,7.7733333333333325,101.8,11.303333333333335,12.726666666666667
1976-05-01,6.9,17.519354838709678,3.9645161290322584,64.4,9.458064516129031,9.48709677419355
1976-06-01,24.6,14.766666666666667,4.053333333333333,39.8,9.086666666666668,7.253333333333333
1976-07-01,23.599999999999998,14.36774193548387,2.103225806451613,45.5,8.12258064516129,7.990322580645161
1976-08-01,28.0,15.435483870967742,3.064516129032258,68.3,7.983870967741935,11.496774193548386
1976-09-01,43.6,16.996666666666666,5.14,89.0,9.283333333333333,14.71
1976-10-01,31.0,18.95483870967742,6.380645161290323,120.1,10.170967741935485,18.919354838709676
1976-11-01,78.6,23.06,9.136666666666667,153.6,11.513333333333332,21.566666666666666
1976-12-01,34.4,27.509677419354837,11.064516129032258,240.3,11.193548387096774,25.006451612903227
1977-01-01,15.2,29.60967741935484,12.770967741935483,258.4,12.393548387096773,26.44193548387097
1977-02-01,26.6,30.457142857142856,13.857142857142858,221.1,13.542857142857143,23.785714285714285
1977-03-01,22.8,25.703225806451613,11.225806451612904,167.4,12.887096774193548,18.55806451612903
1977-04-01,6.2,19.983333333333334,6.3966666666666665,81.0,11.056666666666667,12.796666666666665
1977-05-01,54.8,16.638709677419353,6.270967741935484,59.2,10.3,8.716129032258063
1977-06-01,38.8,13.629999999999999,4.746666666666667,36.7,9.513333333333332,6.873333333333333
1977-07-01,12.6,13.174193548387096,2.0,42.5,8.067741935483872,9.05483870967742
1977-08-01,16.8,18.270967741935483,4.02258064516129,85.3,8.432258064516128,11.69032258064516
1977-09-01,19.6,17.683333333333334,4.003333333333333,94.6,8.716666666666667,16.093333333333334
1977-10-01,28.4,23.383870967741935,7.341935483870968,158.9,9.8,19.929032258064513
1977-11-01,35.0,24.59333333333333,8.816666666666666,200.3,10.753333333333334,23.753333333333334
1977-12-01,18.4,28.748387096774195,12.109677419354838,253.4,11.55483870967742,26.11935483870968
1978-01-01,10.0,28.316129032258065,13.212903225806452,243.8,12.174193548387096,24.98709677419355
1978-02-01,2.4,29.439285714285713,12.292857142857143,217.8,11.992857142857144,24.825
1978-03-01,21.0,26.92258064516129,12.98709677419355,181.0,13.341935483870966,17.55483870967742
1978-04-01,43.6,23.046666666666667,8.376666666666667,103.0,11.196666666666665,13.953333333333335
1978-05-01,39.4,18.14516129032258,7.645161290322581,65.7,10.961290322580645,8.641935483870967
1978-06-01,47.0,13.263333333333332,4.84,30.1,9.676666666666668,6.08
1978-07-01,58.0,12.761290322580646,4.0032258064516135,38.7,8.903225806451612,7.577419354838709
1978-08-01,54.7,13.796774193548387,4.067741935483871,51.7,9.274193548387096,9.858064516129033
1978-09-01,63.2,16.946666666666665,6.443333333333333,72.4,11.026666666666667,13.4
1978-10-01,20.8,21.93548387096774,6.716129032258064,131.6,10.416129032258064,20.125806451612902
1978-11-01,47.800000000000004,24.253333333333334,9.8,164.8,12.32,22.236666666666668
1978-12-01,26.6,26.9258064516129,11.35483870967742,212.4,12.116129032258065,24.10967741935484
1979-01-01,115.0,33.061290322580646,14.883870967741935,278.4,13.66451612903226,27.448387096774194
1979-02-01,16.2,29.29642857142857,13.771428571428572,191.0,13.846428571428572,21.946428571428573
1979-03-01,4.6,27.219354838709677,11.416129032258064,168.1,12.706451612903225,18.980645161290322
1979-04-01,27.2,20.053333333333335,7.693333333333333,87.7,11.393333333333334,11.933333333333334
1979-05-01,56.6,16.31290322580645,6.067741935483871,56.3,10.080645161290322,8.574193548387097
1979-06-01,20.200000000000003,15.57,4.973333333333333,46.4,9.94,7.283333333333333
1979-07-01,33.0,13.993548387096775,2.8741935483870966,39.8,8.558064516129033,8.306451612903226
1979-08-01,51.1,14.158064516129032,4.293548387096774,53.4,9.170967741935485,10.093548387096773
1979-09-01,112.0,16.666666666666668,6.756666666666667,76.1,10.47,13.466666666666667
1979-10-01,44.800000000000004,20.074193548387097,7.745161290322581,107.6,11.638709677419355,19.129032258064516
1979-11-01,55.6,24.836666666666666,9.866666666666667,160.9,12.313333333333333,22.773333333333333
1979-12-01,4.0,28.683870967741935,11.85483870967742,225.1,12.096774193548388,24.55806451612903
1980-01-01,3.0,27.848387096774196,11.364516129032259,239.7,11.735483870967743,26.096774193548388
1980-02-01,0.0,30.04137931034483,12.355172413793104,239.1,10.689655172413794,24.97241379310345
1980-03-01,12.2,25.958064516129035,10.106451612903227,172.8,11.348387096774195,19.438709677419357
1980-04-01,52.3,23.259999999999998,10.416666666666666,110.0,12.75,12.846666666666666
1980-05-01,44.2,18.62258064516129,7.429032258064516,54.4,11.509677419354839,9.183870967741935
1980-06-01,43.8,13.796666666666665,4.6866666666666665,34.0,9.593333333333334,6.4399999999999995
1980-07-01,57.5,13.658064516129032,4.329032258064516,38.2,9.341935483870968,7.883870967741935
1980-08-01,43.0,16.05483870967742,4.364516129032259,63.3,9.51290322580645,12.083870967741936
1980-09-01,22.8,18.709999999999997,6.333333333333333,91.7,10.416666666666666,15.053333333333335
1980-10-01,76.3,20.419354838709676,7.54516129032258,121.4,11.274193548387096,19.22258064516129
1980-11-01,21.6,26.296666666666667,9.656666666666666,181.7,11.043333333333333,23.56
1980-12-01,10.4,30.22258064516129,12.203225806451613,250.2,11.470967741935485,25.86774193548387
1981-01-01,20.4,33.49032258064516,15.903225806451612,281.5,14.548387096774194,25.79032258064516
1981-02-01,18.2,31.375,14.892857142857142,222.9,14.310714285714285,23.517857142857142
1981-03-01,3.2,24.174193548387095,9.861290322580645,142.8,12.432258064516128,16.94516129032258
1981-04-01,4.2,23.823333333333334,8.41,113.1,11.93,13.826666666666666
1981-05-01,57.2,17.700000000000003,7.1,63.3,10.609677419354838,8.274193548387096
1981-06-01,78.4,13.45,4.783333333333333,37.9,9.283333333333333,6.6066666666666665
1981-07-01,101.9,13.338709677419354,5.038709677419354,46.0,9.474193548387097,7.803225806451613
1981-08-01,101.4,13.651612903225805,4.706451612903226,61.9,9.393548387096773,11.141935483870967
1981-09-01,19.6,18.740000000000002,7.346666666666667,91.7,10.786666666666667,15.479999999999999
1981-10-01,27.2,20.9,7.251612903225807,139.2,10.687096774193549,20.774193548387096
1981-11-01,33.6,24.040000000000003,9.93,163.1,11.396666666666667,22.470000000000002
1981-12-01,3.0,27.741935483870968,11.003225806451614,238.29999999999998,10.990322580645161,26.74516129032258
1982-01-01,36.4,31.38064516129032,15.167741935483871,272.4,13.461290322580645,25.46451612903226
1982-02-01,7.6,30.17142857142857,13.085714285714285,229.7,11.825000000000001,24.40357142857143
1982-03-01,41.2,27.41290322580645,12.403225806451612,169.8,13.612903225806452,18.741935483870968
1982-04-01,18.8,21.926666666666666,8.623333333333333,101.3,11.283333333333333,13.726666666666667
1982-05-01,12.0,17.029032258064515,6.783870967741935,60.7,10.106451612903227,8.148387096774194
1982-06-01,28.299999999999997,13.28,1.9666666666666666,35.1,8.05,8.110000000000001
1982-07-01,12.200000000000001,13.667741935483871,0.8129032258064516,43.9,7.483870967741935,8.94516129032258
1982-08-01,6.8,18.983870967741936,3.2225806451612904,77.5,8.419354838709678,13.235483870967743
1982-09-01,6.4,18.77,4.583333333333333,109.2,8.476666666666667,16.18
1982-10-01,7.0,21.893548387096775,6.800000000000001,166.1,8.40967741935484,20.325806451612905
1982-11-01,4.0,29.263333333333332,10.639999999999999,259.7,9.463333333333333,26.083333333333332
1982-12-01,7.800000000000001,28.812903225806455,12.296774193548387,263.8,11.093548387096773,26.1
1983-01-01,6.2,29.13225806451613,11.693548387096774,286.0,10.54516129032258,27.193548387096776
1983-02-01,0.0,33.725,15.546428571428573,263.7,11.764285714285714,23.810714285714287
1983-03-01,94.8,26.0258064516129,14.23225806451613,145.0,14.667741935483871,14.758064516129032
1983-04-01,37.7,18.58,7.833333333333333,76.9,11.186666666666667,11.886666666666667
1983-05-01,52.8,16.67096774193548,7.348387096774194,49.5,11.80967741935484,8.035483870967742
1983-06-01,21.4,13.383333333333333,3.9566666666666666,30.6,9.526666666666667,6.886666666666667
1983-07-01,66.0,12.658064516129032,3.0999999999999996,38.4,8.796774193548387,7.632258064516129
1983-08-01,67.0,15.006451612903225,5.264516129032257,56.1,10.196774193548388,10.670967741935485
1983-09-01,67.3,16.356666666666666,6.423333333333333,78.3,10.870000000000001,13.95
1983-10-01,36.2,20.32903225806452,7.519354838709678,113.0,11.587096774193547,18.387096774193548
1983-11-01,42.8,23.383333333333333,9.333333333333334,148.7,12.389999999999999,21.240000000000002
1983-12-01,17.400000000000002,28.65806451612903,11.725806451612904,231.8,11.90967741935484,25.458064516129035
1984-01-01,43.0,26.951612903225808,11.83548387096774,211.9,13.493548387096775,24.07741935483871
1984-02-01,1.4,29.817241379310346,11.806896551724137,215.6,12.410344827586206,24.53103448275862
1984-03-01,55.9,24.82903225806452,10.167741935483871,159.2,12.116129032258065,18.84193548387097
1984-04-01,10.6,21.476666666666667,7.376666666666666,91.1,11.479999999999999,13.47
1984-05-01,11.2,18.52258064516129,4.9,57.6,9.658064516129032,9.348387096774195
1984-06-01,14.0,15.376666666666667,2.7133333333333334,39.0,8.74,8.383333333333333
1984-07-01,53.0,12.64516129032258,3.390322580645161,34.4,8.870967741935484,7.270967741935484
1984-08-01,57.0,14.803225806451612,5.848387096774194,57.6,9.85483870967742,10.077419354838709
1984-09-01,35.699999999999996,15.126666666666667,5.5633333333333335,74.2,9.44,13.463333333333333
1984-10-01,10.0,21.41290322580645,6.758064516129032,137.4,10.403225806451612,21.567741935483873
1984-11-01,38.199999999999996,24.513333333333332,10.393333333333334,167.6,11.843333333333334,22.416666666666668
1984-12-01,2.6,26.925806451612903,10.55483870967742,243.2,11.161290322580646,26.48709677419355
1985-01-01,10.6,29.164516129032258,11.893548387096773,247.6,11.451612903225806,26.151612903225807
1985-02-01,1.4,29.275000000000002,12.025,207.8,11.389285714285714,24.36785714285714
1985-03-01,16.4,28.458064516129035,13.780645161290321,175.7,13.838709677419354,18.096774193548388
1985-04-01,22.599999999999998,23.053333333333335,9.416666666666666,103.9,12.023333333333333,13.68
1985-05-01,36.0,18.438709677419357,5.996774193548387,66.8,10.361290322580645,9.325806451612904
1985-06-01,16.8,14.6,3.8033333333333337,39.2,9.1,7.073333333333333
1985-07-01,15.5,14.26774193548387,2.609677419354839,50.8,7.851612903225806,9.303225806451612
1985-08-01,86.3,14.067741935483872,5.800000000000001,54.6,9.906451612903227,9.329032258064515
1985-09-01,29.6,16.753333333333334,4.833333333333333,91.0,9.743333333333334,16.093333333333334
1985-10-01,77.2,21.896774193548385,7.609677419354839,142.5,10.780645161290321,19.429032258064513
1985-11-01,45.0,24.083333333333332,10.113333333333333,166.5,12.373333333333333,21.85
1985-12-01,74.5,25.27741935483871,11.470967741935485,197.4,12.435483870967742,21.787096774193547
1986-01-01,4.0,27.74516129032258,11.041935483870969,266.2,11.85483870967742,27.406451612903226
1986-02-01,0.6,28.860714285714288,11.892857142857142,229.2,11.992857142857144,23.45
1986-03-01,0.0,28.603225806451615,12.074193548387097,213.8,11.654838709677419,20.07741935483871
1986-04-01,26.0,21.259999999999998,8.666666666666666,116.0,11.113333333333333,13.156666666666666
1986-05-01,47.2,16.683870967741935,7.367741935483871,48.0,11.212903225806452,7.970967741935484
1986-06-01,25.3,13.516666666666667,4.416666666666667,31.6,9.333333333333334,6.87
1986-07-01,84.4,12.36774193548387,4.390322580645161,34.7,9.16451612903226,7.125806451612903
1986-08-01,48.2,14.716129032258063,4.767741935483872,60.3,9.45483870967742,10.993548387096775
1986-09-01,38.2,16.573333333333334,6.516666666666667,79.0,10.896666666666667,13.963333333333333
1986-10-01,64.0,18.22258064516129,6.551612903225807,114.0,10.819354838709677,17.712903225806453
1986-11-01,12.6,24.05,8.19,193.0,10.973333333333333,24.65
1986-12-01,52.2,24.812903225806455,10.7,195.0,11.496774193548386,22.66774193548387
1987-01-01,35.0,26.925806451612903,10.248387096774193,224.3,11.848387096774195,25.06451612903226
1987-02-01,38.8,29.375,11.921428571428573,219.0,12.742857142857144,24.467857142857145
1987-03-01,12.4,24.01290322580645,9.493548387096775,167.2,11.470967741935485,18.241935483870968
1987-04-01,10.0,23.136666666666667,8.81,114.1,11.2,13.803333333333335
1987-05-01,71.2,16.55806451612903,7.52258064516129,56.3,11.254838709677419,8.270967741935483
1987-06-01,55.4,14.753333333333332,5.319999999999999,33.8,9.879999999999999,7.073333333333333
1987-07-01,29.4,13.600000000000001,3.5483870967741935,41.7,8.5,8.541935483870969
1987-08-01,24.6,14.600000000000001,4.829032258064516,57.1,9.580645161290322,10.51290322580645
1987-09-01,7.2,19.07,5.746666666666667,96.5,10.066666666666666,15.583333333333334
1987-10-01,44.2,20.174193548387095,5.922580645161291,130.9,10.422580645161291,20.216129032258067
1987-11-01,6.5,26.25,10.323333333333332,219.7,10.873333333333333,24.259999999999998
1987-12-01,71.4,27.112903225806452,11.193548387096774,240.8,12.158064516129032,25.716129032258067
1988-01-01,34.0,30.416129032258063,13.964516129032257,269.4,13.574193548387097,25.677419354838708
1988-02-01,19.0,28.824137931034482,11.39310344827586,223.7,12.224137931034482,25.224137931034484
1988-03-01,31.799999999999997,28.47741935483871,12.17741935483871,197.8,12.161290322580646,19.5258064516129
1988-04-01,3.0,23.126666666666665,9.336666666666668,106.5,12.266666666666667,14.386666666666667
1988-05-01,88.0,18.364516129032257,9.119354838709677,53.7,12.812903225806451,8.135483870967741
1988-06-01,72.6,14.483333333333333,6.1866666666666665,35.5,10.22,7.263333333333334
1988-07-01,33.2,14.374193548387098,5.622580645161291,41.7,10.09032258064516,7.638709677419355
1988-08-01,15.0,15.274193548387096,5.303225806451613,62.5,9.980645161290322,11.658064516129032
1988-09-01,56.4,18.43,6.6033333333333335,87.4,10.83,15.6
1988-10-01,17.9,21.606451612903225,7.464516129032258,158.5,10.661290322580646,20.570967741935487
1988-11-01,26.8,23.886666666666667,9.173333333333334,180.8,11.293333333333333,22.78666666666667
1988-12-01,21.5,28.95483870967742,13.061290322580644,227.7,13.838709677419354,24.287096774193547
1989-01-01,2.2,29.651612903225807,13.648387096774194,268.7,12.035483870967743,26.751612903225805
1989-02-01,15.200000000000001,29.90357142857143,12.832142857142857,230.5,13.414285714285715,25.025000000000002
1989-03-01,24.7,27.461290322580645,14.30967741935484,176.0,14.04516129032258,17.02258064516129
1989-04-01,22.0,22.2,10.433333333333334,95.8,13.26,13.063333333333333
1989-05-01,56.6,17.08709677419355,8.148387096774194,50.4,11.716129032258063,8.419354838709678
1989-06-01,52.7,12.639999999999999,4.433333333333334,34.0,9.326666666666666,6.866666666666666
1989-07-01,43.2,13.009677419354839,3.638709677419355,40.8,8.596774193548388,7.951612903225806
1989-08-01,44.4,13.135483870967741,3.512903225806452,49.4,8.861290322580645,10.364516129032259
1989-09-01,35.2,17.446666666666665,5.39,89.6,10.479999999999999,16.28666666666667
1989-10-01,46.2,19.458064516129035,6.509677419354839,127.4,10.503225806451614,20.629032258064516
1989-11-01,17.8,26.19333333333333,10.610000000000001,183.7,12.29,22.923333333333336
1989-12-01,6.6,28.725806451612904,11.941935483870967,236.9,11.903225806451612,26.1
1990-01-01,4.6,30.648387096774194,13.27741935483871,284.4,12.270967741935483,28.796774193548387
1990-02-01,34.4,28.217857142857145,13.110714285714286,189.7,13.557142857142859,23.157142857142855
1990-03-01,20.8,28.26451612903226,12.19032258064516,198.1,12.95483870967742,20.664516129032258
1990-04-01,10.9,22.85,9.206666666666667,110.6,12.78,14.493333333333334
1990-05-01,5.4,18.338709677419356,6.290322580645161,71.3,10.429032258064517,9.635483870967741
1990-06-01,38.4,14.55,3.816666666666667,37.8,9.356666666666666,7.593333333333334
1990-07-01,63.7,14.03225806451613,5.312903225806451,43.0,9.603225806451613,7.451612903225806
1990-08-01,57.9,13.899999999999999,4.525806451612904,56.2,9.351612903225806,10.14516129032258
1990-09-01,26.0,18.413333333333334,6.033333333333333,98.7,10.45,16.48
1990-10-01,13.0,21.990322580645163,7.296774193548386,140.0,10.62258064516129,19.916129032258063
1990-11-01,15.0,26.803333333333335,10.206666666666667,213.2,10.926666666666668,26.61
1990-12-01,13.8,29.40967741935484,13.016129032258064,249.2,12.306451612903226,25.241935483870968
1991-01-01,29.0,30.41290322580645,14.399999999999999,258.2,13.758064516129032,25.02258064516129
1991-02-01,0.0,30.925,11.346428571428572,248.2,11.107142857142858,28.32857142857143
1991-03-01,14.399999999999999,26.648387096774194,10.254838709677419,184.4,11.509677419354839,19.63225806451613
1991-04-01,15.7,21.490000000000002,8.31,105.0,11.226666666666667,13.610000000000001
1991-05-01,8.0,18.16774193548387,5.390322580645161,58.0,10.109677419354838,10.419354838709678
1991-06-01,125.7,15.236666666666666,7.3100000000000005,38.8,11.453333333333335,6.29
1991-07-01,54.6,13.32258064516129,4.406451612903226,37.0,9.570967741935483,7.52258064516129
1991-08-01,65.1,13.951612903225806,4.619354838709677,61.3,9.683870967741935,10.009677419354839
1991-09-01,60.6,16.653333333333332,6.003333333333333,79.8,10.879999999999999,13.85
1991-10-01,4.9,22.94516129032258,7.638709677419355,152.0,10.754838709677419,21.816129032258065
1991-11-01,31.4,23.956666666666667,7.916666666666667,177.9,10.746666666666666,24.496666666666666
1991-12-01,9.4,26.770967741935483,11.248387096774193,212.1,12.290322580645162,25.08709677419355
1992-01-01,7.6000000000000005,26.46451612903226,10.938709677419356,236.6,11.374193548387098,26.796774193548387
1992-02-01,8.4,29.07241379310345,12.917241379310346,218.5,12.986206896551725,25.020689655172415
1992-03-01,24.0,27.60967741935484,13.23225806451613,172.0,13.819354838709677,18.116129032258065
1992-04-01,34.6,21.836666666666666,9.466666666666667,99.1,12.526666666666667,14.110000000000001
1992-05-01,71.0,16.170967741935485,6.387096774193548,46.6,10.912903225806453,8.432258064516128
1992-06-01,24.599999999999998,13.626666666666667,4.836666666666667,33.7,9.78,7.1066666666666665
1992-07-01,21.2,13.996774193548386,4.096774193548387,46.7,9.338709677419354,8.374193548387098
1992-08-01,84.2,14.02258064516129,3.5612903225806454,55.8,8.903225806451612,9.95483870967742
1992-09-01,76.2,14.793333333333333,4.516666666666667,64.3,10.096666666666666,13.156666666666666
1992-10-01,50.7,20.470967741935485,8.561290322580644,112.6,12.219354838709679,19.4
1992-11-01,57.2,21.273333333333333,7.8,136.8,11.996666666666666,21.666666666666668
1992-12-01,111.8,26.548387096774192,13.574193548387097,161.7,15.154838709677419,20.309677419354838
1993-01-01,47.599999999999994,29.770967741935483,13.783870967741937,215.9,14.780645161290321,25.36774193548387
1993-02-01,4.6,29.010714285714283,12.896428571428572,194.7,14.289285714285715,22.775000000000002
1993-03-01,11.8,25.948387096774194,11.541935483870969,148.6,13.629032258064516,17.635483870967743
1993-04-01,0.4,24.526666666666664,7.91,113.3,10.93,14.893333333333334
1993-05-01,18.8,18.603225806451615,5.883870967741935,59.4,10.577419354838709,9.319354838709677
1993-06-01,19.8,13.943333333333333,4.553333333333333,36.8,9.69,6.876666666666667
1993-07-01,77.9,14.403225806451612,4.699999999999999,43.8,9.345161290322581,7.812903225806451
1993-08-01,42.8,16.925806451612903,5.025806451612904,67.3,9.812903225806451,10.167741935483871
1993-09-01,87.6,17.44,6.67,79.9,10.943333333333333,14.186666666666667
1993-10-01,48.4,19.425806451612903,6.970967741935484,121.8,11.448387096774193,19.9
1993-11-01,50.0,23.083333333333332,8.313333333333334,158.8,11.513333333333332,24.779999999999998
1993-12-01,49.0,25.712903225806453,10.832258064516129,196.9,11.880645161290323,25.35483870967742
1994-01-01,17.200000000000003,27.458064516129035,10.961290322580645,232.0,11.787096774193548,25.75161290322581
1994-02-01,25.8,29.585714285714285,13.62857142857143,182.8,14.510714285714286,22.05
1994-03-01,0.4,26.4741935483871,9.816129032258065,168.1,11.745161290322581,21.083870967741937
1994-04-01,5.6000000000000005,22.78666666666667,7.776666666666666,104.0,10.996666666666666,12.993333333333334
1994-05-01,20.4,18.048387096774192,5.951612903225806,73.6,10.154838709677419,8.938709677419356
1994-06-01,42.2,14.783333333333333,4.696666666666667,40.6,9.906666666666666,7.446666666666667
1994-07-01,27.8,15.248387096774193,2.5999999999999996,47.4,8.509677419354839,9.470967741935485
1994-08-01,7.3999999999999995,14.529032258064515,2.103225806451613,58.7,8.503225806451614,13.903225806451612
1994-09-01,10.0,17.14,4.026666666666666,86.3,9.043333333333333,13.91
1994-10-01,37.6,21.932258064516127,6.729032258064516,148.6,9.964516129032257,19.154838709677417
1994-11-01,13.2,23.173333333333336,9.166666666666666,185.2,10.566666666666666,23.086666666666666
1994-12-01,0.8,30.52258064516129,12.570967741935483,284.0,11.729032258064517,29.032258064516128
1995-01-01,25.2,30.654838709677417,14.538709677419355,248.5,14.587096774193547,25.32903225806452
1995-02-01,29.8,30.553571428571427,13.025,216.1,12.732142857142858,25.107142857142858
1995-03-01,6.0,24.82903225806452,10.370967741935484,167.3,11.980645161290322,19.480645161290322
1995-04-01,42.7,19.486666666666668,6.873333333333333,87.2,10.66,12.173333333333334
1995-05-01,56.4,16.190322580645162,6.451612903225806,46.0,10.983870967741936,8.758064516129032
1995-06-01,97.39999999999999,13.54,5.7,38.0,9.996666666666666,6.64
1995-07-01,82.3,11.96774193548387,4.064516129032258,36.3,9.358064516129033,6.987096774193549
1995-08-01,26.599999999999998,16.416129032258063,3.8806451612903223,61.5,9.55483870967742,12.496774193548386
1995-09-01,15.4,17.553333333333335,4.42,78.6,10.063333333333333,15.376666666666667
1995-10-01,71.0,20.116129032258065,6.067741935483871,120.3,10.112903225806452,19.503225806451614
1995-11-01,8.4,24.566666666666666,8.466666666666667,179.9,10.903333333333334,23.563333333333333
1995-12-01,7.6,25.848387096774193,8.680645161290323,211.1,10.338709677419354,25.861290322580647
1996-01-01,19.6,29.148387096774194,11.974193548387097,246.2,13.606451612903227,27.33225806451613
1996-02-01,24.599999999999998,28.16896551724138,11.427586206896551,202.4,12.39310344827586,23.71379310344828
1996-03-01,20.4,26.92258064516129,9.964516129032257,162.7,11.561290322580644,19.20967741935484
1996-04-01,17.1,19.279999999999998,7.206666666666666,78.4,11.42,12.546666666666665
1996-05-01,18.4,17.806451612903224,5.706451612903226,51.7,10.235483870967743,8.283870967741937
1996-06-01,78.8,14.723333333333333,4.4366666666666665,35.4,9.610000000000001,7.303333333333333
1996-07-01,64.7,12.86774193548387,4.451612903225806,33.0,9.319354838709677,6.848387096774194
1996-08-01,61.0,14.577419354838709,5.054838709677419,52.3,9.48709677419355,10.612903225806452
1996-09-01,92.1,16.683333333333334,4.966666666666667,91.6,10.023333333333333,14.803333333333335
1996-10-01,19.3,20.66774193548387,7.074193548387097,132.7,11.04516129032258,21.25483870967742
1996-11-01,6.0,23.33,7.1033333333333335,173.5,9.726666666666667,25.240000000000002
1996-12-01,7.3999999999999995,26.60967741935484,8.709677419354838,215.9,10.119354838709677,27.961290322580645
1997-01-01,22.6,31.241935483870968,13.241935483870968,271.9,12.316129032258065,28.480645161290322
1997-02-01,38.800000000000004,33.78928571428572,15.289285714285715,228.8,14.65,26.49285714285714
1997-03-01,5.2,24.916129032258063,8.693548387096774,167.4,11.432258064516128,20.358064516129033
1997-04-01,1.2000000000000002,22.67,6.616666666666666,107.4,10.206666666666667,14.116666666666667
1997-05-01,56.1,16.52258064516129,5.461290322580646,52.4,10.396774193548387,8.790322580645162
1997-06-01,11.3,14.78,3.46,45.5,8.736666666666668,7.6899999999999995
1997-07-01,12.8,13.719354838709679,0.6225806451612903,47.1,7.712903225806452,8.109677419354838
1997-08-01,39.6,14.535483870967743,2.925806451612903,62.5,8.66451612903226,10.290322580645162
1997-09-01,87.60000000000001,17.0,5.4,81.1,10.673333333333334,15.246666666666666
1997-10-01,31.6,22.345161290322583,5.764516129032257,155.1,10.229032258064517,19.98709677419355
1997-11-01,37.6,26.35666666666667,9.389999999999999,195.7,10.856666666666666,25.69
1997-12-01,4.8,28.483870967741936,9.980645161290322,252.6,11.59032258064516,28.14516129032258
1998-01-01,14.8,30.01290322580645,12.874193548387098,258.4,13.119354838709677,25.251612903225805
1998-02-01,19.4,29.592857142857145,10.735714285714286,234.8,11.271428571428572,25.599999999999998
1998-03-01,4.4,27.509677419354837,9.8,193.9,11.26774193548387,20.212903225806453
1998-04-01,60.6,19.69,6.653333333333333,89.4,10.956666666666667,13.453333333333335
1998-05-01,19.8,17.47741935483871,5.106451612903226,53.9,10.383870967741935,9.441935483870967
1998-06-01,32.9,13.723333333333333,2.82,43.4,8.72,8.036666666666667
1998-07-01,47.3,12.64516129032258,1.9774193548387098,38.6,8.44516129032258,7.864516129032259
1998-08-01,24.4,16.096774193548388,3.638709677419355,57.4,9.851612903225806,10.919354838709678
1998-09-01,36.8,19.173333333333336,5.680000000000001,95.7,11.020000000000001,16.143333333333334
1998-10-01,54.0,20.335483870967742,6.064516129032258,134.5,10.370967741935484,19.461290322580645
1998-11-01,18.8,24.316666666666666,7.873333333333333,189.6,10.473333333333333,26.346666666666668
1998-12-01,12.2,28.796774193548387,11.3,250.8,11.235483870967743,28.432258064516127
1999-01-01,4.4,33.62903225806452,14.62258064516129,293.0,14.209677419354838,28.641935483870967
1999-02-01,33.6,29.842857142857145,14.424999999999999,201.8,14.85,23.928571428571427
1999-03-01,38.9,24.716129032258067,10.812903225806451,158.4,13.080645161290322,18.406451612903226
1999-04-01,0.8,21.41,4.763333333333334,100.5,10.126666666666667,16.046666666666667
1999-05-01,52.0,18.73225806451613,5.490322580645161,71.39999999999999,9.890322580645162,9.432258064516128
1999-06-01,27.6,14.906666666666666,3.506666666666667,38.3,9.206666666666667,8.136666666666667
1999-07-01,37.6,14.616129032258065,4.416129032258064,45.3,9.30967741935484,8.148387096774194
1999-08-01,58.800000000000004,15.82258064516129,3.593548387096774,59.7,9.712903225806452,11.45483870967742
1999-09-01,24.2,19.066666666666666,5.466666666666667,99.6,11.193333333333333,15.68
1999-10-01,46.4,22.351612903225806,7.064516129032258,140.5,11.558064516129033,20.0
1999-11-01,31.0,23.7,7.626666666666667,172.7,10.606666666666666,25.040000000000003
1999-12-01,37.2,27.103225806451615,11.212903225806452,224.0,11.53225806451613,26.883870967741935
2000-01-01,2.6,29.761290322580646,12.51290322580645,247.0,11.570967741935483,26.94516129032258
2000-02-01,49.0,32.827586206896555,15.624137931034484,225.6,14.196551724137931,22.42413793103448
2000-03-01,8.6,27.612903225806452,11.538709677419355,171.0,13.47741935483871,19.64516129032258
2000-04-01,38.2,22.540000000000003,9.0,96.2,12.243333333333334,13.67
2000-05-01,29.4,16.770967741935483,5.916129032258064,54.7,10.758064516129032,9.606451612903227
2000-06-01,18.8,14.573333333333332,3.9,34.8,9.34,7.03
2000-07-01,53.6,13.651612903225805,3.8774193548387097,42.0,9.116129032258065,7.435483870967742
2000-08-01,23.6,14.961290322580645,2.954838709677419,51.9,9.087096774193547,10.751612903225807
2000-09-01,58.2,17.716666666666665,5.29,82.4,10.5,14.176666666666668
2000-10-01,37.0,20.419354838709676,5.790322580645161,120.4,11.203225806451613,20.080645161290324
2000-11-01,69.6,27.953333333333333,11.42,191.8,13.833333333333334,25.02
2000-12-01,15.6,29.61935483870968,10.341935483870968,254.9,11.193548387096774,28.496774193548386
2001-01-01,17.6,33.82258064516129,15.23225806451613,286.7,13.654838709677419,26.574193548387097
2001-02-01,6.0,32.410714285714285,15.139285714285714,231.0,13.775,25.103571428571428
2001-03-01,26.0,25.86774193548387,10.254838709677419,161.6,11.796774193548387,19.725806451612904
2001-04-01,5.0,22.16,6.526666666666667,100.4,10.626666666666667,14.536666666666667
2001-05-01,7.2,17.93548387096774,5.612903225806452,53.0,10.16451612903226,9.451612903225806
2001-06-01,55.9,15.19,5.3100000000000005,35.4,9.873333333333333,7.14
2001-07-01,31.4,14.235483870967743,3.738709677419355,35.9,9.187096774193549,7.925806451612903
2001-08-01,53.6,15.729032258064517,4.629032258064516,67.0,9.061290322580644,11.151612903225805
2001-09-01,70.6,19.003333333333334,6.760000000000001,94.0,11.45,14.953333333333335
2001-10-01,46.6,18.638709677419353,6.235483870967743,109.2,10.864516129032259,18.932258064516127
2001-11-01,33.4,22.936666666666667,7.27,144.5,10.926666666666668,23.496666666666666
2001-12-01,10.8,24.570967741935487,8.429032258064517,182.8,10.687096774193549,26.94193548387097
2002-01-01,14.0,28.416129032258063,10.883870967741935,210.9,11.435483870967742,26.216129032258067
2002-02-01,4.800000000000001,28.067857142857143,10.392857142857142,189.7,11.692857142857141,25.571428571428573
2002-03-01,3.6,26.97741935483871,9.764516129032257,171.7,11.741935483870968,20.248387096774195
2002-04-01,18.6,24.61,7.8966666666666665,100.3,11.363333333333333,14.426666666666668
2002-05-01,30.099999999999998,18.929032258064513,5.229032258064516,65.7,9.429032258064517,9.661290322580646
2002-06-01,31.1,15.136666666666667,3.566666666666667,46.0,8.82,7.403333333333333
2002-07-01,24.0,15.100000000000001,2.8838709677419354,55.800000000000004,8.316129032258065,8.596774193548388
2002-08-01,22.0,16.112903225806452,2.2870967741935484,68.7,8.345161290322581,11.558064516129033
2002-09-01,41.300000000000004,18.913333333333334,4.793333333333334,114.4,9.163333333333332,16.656666666666666
2002-10-01,9.0,22.567741935483873,6.148387096774194,153.5,9.480645161290322,20.57741935483871
2002-11-01,30.599999999999998,27.15,9.113333333333333,199.0,9.876666666666667,24.523333333333333
2002-12-01,18.0,29.48709677419355,11.40967741935484,261.5,10.73225806451613,28.161290322580644
2003-01-01,6.0,31.596774193548388,12.790322580645162,282.0,11.403225806451612,28.45483870967742
2003-02-01,78.8,30.460714285714285,13.232142857142858,202.1,14.207142857142857,24.52857142857143
2003-03-01,8.6,25.35483870967742,10.161290322580646,156.0,12.158064516129032,20.241935483870968
2003-04-01,6.8,23.053333333333335,8.556666666666667,98.2,11.75,14.44
2003-05-01,40.800000000000004,18.19677419354839,6.432258064516129,56.6,10.138709677419355,9.23225806451613
2003-06-01,75.4,14.423333333333334,5.613333333333333,42.9,9.863333333333333,6.7733333333333325
2003-07-01,29.2,13.993548387096775,3.9387096774193546,46.4,8.67741935483871,9.01290322580645
2003-08-01,74.60000000000001,13.951612903225806,3.4967741935483874,59.5,8.896774193548387,11.23225806451613
2003-09-01,29.4,16.573333333333334,4.29,87.5,10.193333333333333,15.95
2003-10-01,55.0,18.14516129032258,5.254838709677419,114.8,9.98709677419355,20.425806451612903
2003-11-01,12.6,26.826666666666664,8.65,195.4,10.323333333333332,26.39
2003-12-01,29.5,30.506451612903227,12.425806451612903,232.9,12.2,25.516129032258064
2004-01-01,10.4,27.15806451612903,9.890322580645162,217.4,11.680645161290323,26.787096774193547
2004-02-01,4.4,31.820689655172412,12.406896551724138,215.0,12.282758620689656,24.362068965517242
2004-03-01,18.0,26.983870967741936,8.72258064516129,175.1,10.8,21.58709677419355
2004-04-01,6.0,23.076666666666664,7.8133333333333335,104.0,10.876666666666667,14.026666666666667
2004-05-01,15.8,17.774193548387096,4.051612903225807,58.1,9.951612903225806,9.94516129032258
2004-06-01,56.2,14.396666666666667,5.386666666666667,43.3,9.610000000000001,6.909999999999999
2004-07-01,41.199999999999996,13.080645161290322,3.4967741935483874,42.4,8.790322580645162,7.848387096774194
2004-08-01,45.6,15.535483870967743,4.467741935483871,69.1,9.129032258064516,11.27741935483871
2004-09-01,25.4,17.28666666666667,5.22,74.7,10.573333333333332,14.606666666666666
2004-10-01,7.200000000000001,23.758064516129032,6.174193548387097,161.1,9.764516129032257,22.461290322580645
2004-11-01,48.0,24.896666666666665,8.896666666666667,171.7,10.403333333333334,22.783333333333335
2004-12-01,14.6,28.85483870967742,12.290322580645162,219.6,11.858064516129033,27.338709677419356
2005-01-01,40.6,30.229032258064517,12.874193548387098,239.5,12.680645161290323,27.76451612903226
2005-02-01,32.6,27.342857142857145,10.99642857142857,168.3,12.50357142857143,23.339285714285715
2005-03-01,3.2,26.35483870967742,9.158064516129032,171.2,11.135483870967741,20.822580645161292
2005-04-01,9.0,26.046666666666667,8.870000000000001,127.6,10.913333333333332,15.596666666666668
2005-05-01,8.6,19.129032258064516,4.300000000000001,64.5,9.387096774193548,10.370967741935484
2005-06-01,59.0,15.733333333333333,4.613333333333333,43.0,9.426666666666668,7.819999999999999
2005-07-01,22.0,14.561290322580644,4.458064516129032,37.0,9.641935483870967,8.116129032258064
2005-08-01,37.6,16.067741935483873,4.564516129032258,72.9,9.370967741935484,11.061290322580644
2005-09-01,39.0,17.683333333333334,5.16,81.0,10.746666666666666,15.103333333333333
2005-10-01,84.1,20.961290322580645,7.52258064516129,121.39999999999999,11.819354838709677,19.938709677419357
2005-11-01,30.6,26.026666666666664,9.353333333333333,178.2,12.016666666666667,25.953333333333333
2005-12-01,17.8,29.812903225806455,11.203225806451613,235.2,10.793548387096775,26.55806451612903
2006-01-01,16.2,33.18064516129032,15.17741935483871,258.6,13.993548387096775,26.24516129032258
2006-02-01,4.0,29.50357142857143,11.321428571428571,196.1,12.632142857142856,26.582142857142856
2006-03-01,3.6,29.574193548387097,11.02258064516129,188.2,12.029032258064515,20.845161290322583
2006-04-01,39.6,19.596666666666668,6.576666666666667,79.6,10.333333333333334,11.79
2006-05-01,23.8,15.90967741935484,4.516129032258065,42.8,9.993548387096775,8.899999999999999
2006-06-01,4.6,14.520000000000001,0.9233333333333333,36.300000000000004,7.8933333333333335,7.593333333333334
2006-07-01,33.6,14.248387096774193,3.1193548387096777,39.8,8.729032258064517,7.612903225806452
2006-08-01,13.0,17.212903225806453,2.729032258064516,69.9,8.932258064516128,11.87741935483871
2006-09-01,23.8,20.616666666666667,5.22,121.2,9.236666666666668,16.503333333333334
2006-10-01,2.0,24.529032258064515,5.538709677419354,192.79999999999998,7.670967741935484,24.919354838709676
2006-11-01,6.9,28.19333333333333,8.923333333333334,214.5,9.066666666666666,26.96333333333333
2006-12-01,10.6,29.212903225806453,10.667741935483871,260.2,9.283870967741937,29.203225806451613
2007-01-01,83.0,30.261290322580646,14.696774193548388,240.9,14.316129032258065,26.348387096774193
2007-02-01,31.0,33.15,14.960714285714285,217.9,14.778571428571428,25.88214285714286
2007-03-01,10.0,27.438709677419357,11.561290322580646,183.29999999999998,12.77741935483871,19.406451612903226
2007-04-01,69.0,24.21333333333333,9.520000000000001,115.6,10.973333333333333,13.99
2007-05-01,73.39999999999999,18.53548387096774,8.829032258064515,65.1,12.280645161290321,8.848387096774195
2007-06-01,9.4,13.31,2.856666666666667,33.8,8.596666666666666,7.8100000000000005
2007-07-01,37.4,13.464516129032257,3.1870967741935483,41.4,8.812903225806451,8.258064516129032
2007-08-01,11.8,16.91290322580645,3.796774193548387,78.7,9.448387096774193,12.129032258064516
2007-09-01,15.0,19.346666666666668,4.38,114.9,9.19,15.736666666666668
2007-10-01,8.8,23.096774193548388,5.912903225806452,155.20000000000002,9.583870967741936,20.125806451612902
2007-11-01,52.4,29.033333333333335,10.773333333333333,192.2,12.17,26.25
2007-12-01,35.800000000000004,29.758064516129032,12.103225806451613,242.6,12.203225806451613,26.748387096774195
2008-01-01,25.0,31.787096774193547,14.593548387096773,265.2,12.861290322580645,28.706451612903226
2008-02-01,2.6,28.044827586206896,11.544827586206896,198.2,12.03103448275862,25.782758620689656
2008-03-01,3.2,30.364516129032257,11.667741935483871,198.8,10.616129032258065,18.470967741935485
2008-04-01,7.8,22.043333333333333,6.63,93.4,9.953333333333335,12.59
2008-05-01,39.8,17.470967741935485,5.412903225806452,49.5,10.625806451612902,8.658064516129032
2008-06-01,21.8,15.666666666666666,5.736666666666666,43.1,10.19,6.97
2008-07-01,46.0,12.95483870967742,3.448387096774194,45.4,8.596774193548388,7.554838709677419
2008-08-01,30.8,13.490322580645161,2.7516129032258063,51.4,9.01290322580645,10.129032258064516
2008-09-01,18.599999999999998,19.116666666666667,3.8233333333333333,105.2,9.65,16.356666666666666
2008-10-01,8.8,24.23548387096774,6.190322580645161,164.6,9.432258064516128,21.26451612903226
2008-11-01,9.4,25.06,9.703333333333335,173.8,10.360000000000001,22.71333333333333
2008-12-01,52.4,25.74516129032258,11.12258064516129,199.2,11.741935483870968,25.583870967741937
2009-01-01,0.0,33.15161290322581,12.825806451612904,298.8,10.506451612903225,32.18709677419355
2009-02-01,0.4,32.121428571428574,13.414285714285715,233.7,11.653571428571428,25.86785714285714
2009-03-01,8.0,27.116129032258065,10.319354838709677,153.4,12.35483870967742,17.83225806451613
2009-04-01,23.4,21.96333333333333,7.5,98.39999999999999,10.843333333333334,13.886666666666665
2009-05-01,55.2,18.048387096774192,6.72258064516129,49.6,11.196774193548388,8.983870967741936
2009-06-01,52.0,14.173333333333334,5.453333333333333,33.3,9.976666666666667,6.8133333333333335
2009-07-01,53.800000000000004,14.12258064516129,4.703225806451614,42.2,9.041935483870969,7.441935483870967
2009-08-01,40.8,16.34516129032258,5.096774193548387,73.5,9.922580645161291,11.05483870967742
2009-09-01,54.199999999999996,18.246666666666666,5.2,92.8,10.663333333333332,14.16
2009-10-01,19.4,21.68064516129032,5.912903225806452,132.2,10.929032258064517,21.438709677419357
2009-11-01,53.4,31.15666666666667,12.88,204.7,13.346666666666666,24.183333333333334
2009-12-01,28.4,29.325806451612905,11.280645161290321,228.8,11.600000000000001,28.570967741935483
2010-01-01,4.199999999999999,31.980645161290322,12.05483870967742,252.0,11.674193548387096,28.783870967741933
2010-02-01,36.6,31.55,14.835714285714285,198.6,15.15,24.446428571428573
2010-03-01,34.6,27.203225806451613,11.77741935483871,143.2,13.280645161290321,17.874193548387098
2010-04-01,21.2,22.43,10.226666666666667,78.0,13.313333333333333,12.19
2010-05-01,28.200000000000003,18.270967741935483,5.422580645161291,46.5,10.787096774193548,9.025806451612903
2010-06-01,21.5,14.463333333333333,3.9066666666666667,30.6,9.31,7.213333333333334
2010-07-01,44.4,13.358064516129033,3.106451612903226,33.0,8.899999999999999,7.161290322580645
2010-08-01,76.0,13.32258064516129,3.92258064516129,53.3,9.03225806451613,9.583870967741936
2010-09-01,77.2,16.183333333333334,5.1899999999999995,65.1,10.363333333333333,14.136666666666667
2010-10-01,59.2,21.20967741935484,6.696774193548387,119.6,11.035483870967743,20.125806451612902
2010-11-01,48.2,24.543333333333333,9.936666666666667,136.5,12.68,20.016666666666666
2010-12-01,141.0,26.651612903225807,11.725806451612904,177.5,13.341935483870968,25.493548387096773
2011-01-01,155.0,29.480645161290322,14.158064516129032,196.0,14.94516129032258,26.193548387096776
2011-02-01,38.400000000000006,28.517857142857142,14.225,138.4,15.914285714285715,20.95357142857143
2011-03-01,31.8,24.81935483870968,11.745161290322581,116.0,13.6,17.967741935483872
2011-04-01,8.200000000000001,22.09,8.233333333333333,77.5,11.826666666666666,13.926666666666668
2011-05-01,24.8,16.480645161290322,5.983870967741935,47.1,10.248387096774193,8.558064516129033
2011-06-01,20.0,15.83,3.8800000000000003,39.3,9.306666666666667,7.963333333333334
2011-07-01,33.4,14.251612903225807,3.9096774193548387,42.0,8.896774193548387,7.770967741935484
2011-08-01,33.199999999999996,16.39032258064516,5.103225806451612,60.4,10.170967741935485,10.435483870967742
2011-09-01,19.6,19.496666666666666,4.84,100.9,10.15,15.24
2011-10-01,34.2,22.048387096774192,7.645161290322581,122.5,11.3,18.677419354838708
2011-11-01,80.8,26.86,10.85,163.0,13.04,22.68
2011-12-01,28.799999999999997,29.003225806451614,11.600000000000001,219.1,11.996774193548386,28.787096774193547
2012-01-01,13.399999999999999,31.461290322580645,14.69032258064516,260.3,12.816129032258065,27.76774193548387
2012-02-01,7.0,29.893103448275863,13.524137931034483,188.0,13.63103448275862,22.5
2012-03-01,32.6,25.074193548387097,11.077419354838709,142.3,13.425806451612903,17.68064516129032
2012-04-01,6.6000000000000005,23.15666666666667,8.006666666666666,107.1,11.966666666666667,13.826666666666666
2012-05-01,9.4,18.05806451612903,5.1,64.3,10.209677419354838,9.412903225806453
2012-06-01,47.6,14.293333333333333,3.2800000000000002,41.2,8.9,7.1066666666666665
2012-07-01,41.800000000000004,13.806451612903226,4.47741935483871,37.5,9.551612903225807,6.864516129032259
2012-08-01,33.0,15.04516129032258,3.803225806451613,63.9,9.312903225806451,10.541935483870969
2012-09-01,26.0,18.553333333333335,5.3133333333333335,102.1,10.020000000000001,15.69
2012-10-01,12.6,22.561290322580643,5.538709677419354,137.9,9.790322580645162,19.532258064516128
2012-11-01,8.6,27.433333333333334,9.81,189.3,10.976666666666667,24.44
2012-12-01,23.6,29.05806451612903,11.525806451612903,232.0,11.100000000000001,26.63225806451613
2013-01-01,2.6,31.725806451612904,12.661290322580646,270.1,11.52258064516129,29.348387096774193
2013-02-01,26.6,31.575,14.064285714285715,206.5,14.192857142857141,25.34642857142857
2013-03-01,3.2,28.580645161290324,13.180645161290323,177.9,12.209677419354838,17.9
2013-04-01,11.6,23.35,8.83,100.3,11.476666666666667,13.12
2013-05-01,33.6,17.948387096774194,5.867741935483871,59.7,10.100000000000001,8.516129032258064
2013-06-01,81.6,14.853333333333333,5.056666666666667,32.9,9.586666666666668,7.03
2013-07-01,67.2,14.36774193548387,4.961290322580646,41.1,9.87741935483871,7.358064516129032
2013-08-01,53.800000000000004,15.529032258064515,5.761290322580645,65.2,10.241935483870968,10.5
2013-09-01,44.6,19.563333333333333,7.2266666666666675,97.5,11.97,14.13
2013-10-01,30.0,20.932258064516127,6.312903225806452,140.0,10.27741935483871,19.335483870967742
2013-11-01,10.0,24.403333333333332,8.046666666666667,163.6,10.28,23.56
2013-12-01,13.4,29.66774193548387,10.983870967741936,226.1,10.974193548387097,26.27741935483871
2014-01-01,9.4,33.11612903225806,14.125806451612902,266.9,11.85483870967742,28.75483870967742
2014-02-01,8.0,31.582142857142856,13.792857142857143,209.5,12.310714285714285,23.982142857142858
2014-03-01,16.0,27.683870967741935,10.98709677419355,146.0,12.741935483870968,17.864516129032257
2014-04-01,62.4,21.87,9.586666666666668,86.0,13.043333333333333,12.013333333333332
2014-05-01,38.4,19.283870967741933,7.838709677419355,52.3,11.98709677419355,7.880645161290323
2014-06-01,35.6,14.520000000000001,5.77,35.5,10.32,6.203333333333333
2014-07-01,37.0,13.635483870967741,3.4645161290322584,42.1,9.080645161290322,7.474193548387096
2014-08-01,14.4,16.164516129032258,2.1193548387096777,57.1,9.029032258064515,11.63225806451613
2014-09-01,12.2,20.10666666666667,5.1033333333333335,103.6,10.216666666666667,15.693333333333333
2014-10-01,7.8,25.76451612903226,6.825806451612903,169.4,9.935483870967742,20.796774193548387
2014-11-01,12.4,27.706666666666667,9.59,206.2,9.47,22.533333333333335
2014-12-01,15.6,28.812903225806455,11.503225806451614,232.4,11.880645161290323,26.770967741935483
