date,rainfall_mm,TMax,TMin,Evap,VP,Rad
1889-01-01,61.0,31.451612903225808,15.451612903225806,245.3,14.893548387096773,25.12258064516129
1889-02-01,95.6,30.5,15.200000000000001,196.5,15.257142857142856,22.932142857142857
1889-03-01,0.8,28.393548387096775,13.187096774193549,155.4,13.816129032258065,18.864516129032257
1889-04-01,82.0,21.83,11.110000000000001,83.8,13.25,13.483333333333333
1889-05-01,171.3,17.080645161290324,7.877419354838709,44.3,11.21290322580645,9.009677419354839
1889-06-01,84.6,13.29,5.3533333333333335,29.1,9.47,7.246666666666667
1889-07-01,17.0,12.529032258064515,3.174193548387097,31.3,8.729032258064517,7.800000000000001
1889-08-01,112.1,13.94516129032258,5.04516129032258,50.1,9.461290322580645,10.993548387096775
1889-09-01,75.8,16.543333333333333,5.666666666666667,78.9,10.396666666666667,15.386666666666667
1889-10-01,67.9,21.883870967741935,9.209677419354838,126.9,12.948387096774193,19.54516129032258
1889-11-01,52.7,25.56,11.276666666666667,176.7,13.656666666666666,23.066666666666666
1889-12-01,1.1,29.806451612903224,13.509677419354839,226.6,14.474193548387097,25.61935483870968
1890-01-01,0.3,32.78387096774193,16.293548387096774,245.3,16.061290322580643,25.38064516129032
1890-02-01,5.8,31.025000000000002,16.271428571428572,196.5,16.91785714285714,23.085714285714285
1890-03-01,106.8,27.14516129032258,13.574193548387097,155.4,15.829032258064515,18.838709677419356
1890-04-01,31.3,22.566666666666666,9.22,83.8,12.623333333333333,13.816666666666666
1890-05-01,50.1,17.483870967741936,6.809677419354839,44.3,10.996774193548386,9.038709677419355
1890-06-01,150.1,14.053333333333335,5.9366666666666665,29.1,10.293333333333333,7.28
1890-07-01,98.9,11.82258064516129,3.129032258064516,31.3,8.687096774193549,7.870967741935484
1890-08-01,89.2,13.496774193548386,4.238709677419355,50.1,9.303225806451612,10.874193548387098
1890-09-01,30.1,17.373333333333335,5.996666666666667,78.9,10.773333333333333,15.126666666666667
1890-10-01,58.8,20.97741935483871,7.493548387096775,126.9,11.509677419354839,19.719354838709677
1890-11-01,41.5,24.21333333333333,9.566666666666666,176.7,12.213333333333333,23.376666666666665
1890-12-01,57.0,27.809677419354838,11.541935483870969,226.6,13.448387096774193,25.70967741935484
1891-01-01,71.10000000000001,29.774193548387096,13.390322580645162,245.3,15.519354838709678,25.641935483870967
1891-02-01,10.4,29.960714285714285,13.046428571428573,196.5,14.700000000000001,23.52857142857143
1891-03-01,46.0,27.80322580645161,12.680645161290323,155.4,14.841935483870968,19.1
1891-04-01,106.8,21.153333333333332,9.253333333333334,83.8,12.733333333333333,13.663333333333332
1891-05-01,20.099999999999998,17.58709677419355,5.632258064516129,44.3,10.603225806451613,9.316129032258065
1891-06-01,92.1,13.520000000000001,5.176666666666667,29.1,10.053333333333335,7.343333333333334
1891-07-01,85.89999999999999,12.306451612903226,3.8483870967741933,31.3,8.922580645161291,7.970967741935484
1891-08-01,32.1,14.212903225806452,4.54516129032258,50.1,9.612903225806452,11.154838709677419
1891-09-01,34.0,17.39333333333333,5.79,78.9,10.520000000000001,15.646666666666667
1891-10-01,58.2,20.893548387096775,8.0,126.9,11.919354838709678,19.73548387096774
1891-11-01,52.99999999999999,25.18,10.16,176.7,13.229999999999999,23.466666666666665
1891-12-01,7.8,28.60967741935484,12.390322580645162,226.6,13.206451612903225,25.903225806451612
1892-01-01,7.1,30.43548387096774,13.196774193548388,245.3,14.374193548387098,25.35483870967742
1892-02-01,7.1,31.879310344827587,14.941379310344828,202.8,15.817241379310344,23.46206896551724
1892-03-01,5.7,28.870967741935484,13.729032258064517,155.4,15.196774193548388,18.509677419354837
1892-04-01,34.1,21.253333333333334,8.17,83.8,11.396666666666667,13.51
1892-05-01,99.8,16.47741935483871,5.903225806451613,44.3,10.725806451612904,9.09032258064516
1892-06-01,30.5,13.286666666666667,3.6866666666666665,29.1,9.053333333333335,7.3533333333333335
1892-07-01,61.2,12.470967741935485,2.638709677419355,31.3,8.45483870967742,7.935483870967742
1892-08-01,78.3,14.048387096774194,4.274193548387097,50.1,9.451612903225806,11.080645161290322
1892-09-01,65.2,16.38,5.6899999999999995,78.9,10.729999999999999,15.546666666666665
1892-10-01,51.1,20.496774193548386,7.996774193548387,126.9,12.45483870967742,19.799999999999997
1892-11-01,59.1,25.276666666666664,10.51,176.7,14.066666666666666,23.81
1892-12-01,23.1,27.374193548387098,11.361290322580645,226.6,13.058064516129033,25.906451612903226
1893-01-01,1.5,30.24516129032258,13.425806451612903,245.3,13.948387096774193,25.351612903225806
1893-02-01,0.8,31.946428571428573,14.339285714285714,196.5,14.985714285714286,23.27857142857143
1893-03-01,27.700000000000003,27.887096774193548,12.680645161290323,155.4,14.422580645161291,18.896774193548385
1893-04-01,50.0,20.663333333333334,9.093333333333334,83.8,12.263333333333332,13.76
1893-05-01,132.9,16.93548387096774,7.170967741935484,44.3,10.825806451612904,9.077419354838709
1893-06-01,80.89999999999999,12.74,4.486666666666666,29.1,9.286666666666667,7.37
1893-07-01,67.3,12.125806451612902,3.261290322580645,31.3,8.706451612903225,7.961290322580646
1893-08-01,72.1,14.283870967741937,4.103225806451613,50.1,9.390322580645162,11.141935483870967
1893-09-01,73.0,16.766666666666666,5.873333333333333,78.9,10.193333333333333,15.566666666666666
1893-10-01,62.2,21.967741935483872,8.674193548387096,126.9,12.087096774193547,20.287096774193547
1893-11-01,41.2,24.490000000000002,10.313333333333333,176.7,13.129999999999999,23.540000000000003
1893-12-01,30.3,29.02258064516129,12.670967741935485,226.6,13.32258064516129,26.067741935483873
1894-01-01,16.1,30.98709677419355,15.332258064516129,245.3,15.22258064516129,25.47741935483871
1894-02-01,15.7,30.0,14.471428571428572,196.5,14.714285714285714,23.442857142857143
1894-03-01,81.0,26.200000000000003,13.480645161290322,155.4,15.451612903225806,18.89032258064516
1894-04-01,73.1,21.509999999999998,10.233333333333333,83.8,13.05,13.733333333333333
1894-05-01,71.7,16.019354838709678,5.635483870967741,44.3,10.067741935483872,9.358064516129033
1894-06-01,96.3,13.786666666666667,4.803333333333333,29.1,9.4,7.656666666666666
1894-07-01,84.6,11.432258064516128,3.164516129032258,31.3,8.167741935483871,7.816129032258065
1894-08-01,75.8,13.48709677419355,4.816129032258065,50.1,9.19032258064516,11.135483870967741
1894-09-01,40.4,16.12666666666667,5.27,78.9,10.066666666666666,15.566666666666666
1894-10-01,137.4,21.55806451612903,9.170967741935485,126.9,13.067741935483872,19.738709677419354
1894-11-01,8.1,27.290000000000003,10.889999999999999,176.7,12.933333333333334,23.563333333333333
1894-12-01,61.099999999999994,27.983870967741936,14.129032258064516,226.6,15.13225806451613,25.661290322580644
1895-01-01,42.2,29.387096774193548,14.651612903225805,245.3,15.493548387096775,25.719354838709677
1895-02-01,25.1,31.00357142857143,15.317857142857141,196.5,15.346428571428572,23.74642857142857
1895-03-01,27.299999999999997,26.893548387096775,12.506451612903225,155.4,13.851612903225806,18.97741935483871
1895-04-01,55.7,22.529999999999998,9.67,83.8,11.813333333333333,13.883333333333333
1895-05-01,20.6,16.24838709677419,5.835483870967742,44.3,10.019354838709678,9.196774193548388
1895-06-01,45.7,13.683333333333334,3.6966666666666668,29.1,8.573333333333332,7.456666666666666
1895-07-01,20.8,11.464516129032257,2.103225806451613,31.3,7.567741935483871,7.974193548387096
1895-08-01,67.7,14.764516129032257,5.067741935483871,50.1,9.09032258064516,11.006451612903225
1895-09-01,16.599999999999998,17.436666666666667,5.37,78.9,9.773333333333333,15.723333333333333
1895-10-01,31.6,23.312903225806455,8.754838709677419,126.9,12.212903225806452,20.55806451612903
1895-11-01,0.5,25.866666666666667,10.106666666666666,176.7,12.446666666666665,24.453333333333333
1895-12-01,28.2,29.016129032258064,13.412903225806453,226.6,14.616129032258065,26.4741935483871
1896-01-01,24.3,32.62903225806452,16.074193548387097,245.3,15.812903225806451,25.148387096774194
1896-02-01,69.4,29.513793103448275,16.0,202.8,16.410344827586208,22.320689655172412
1896-03-01,42.7,26.425806451612903,12.5,155.4,13.76774193548387,18.77741935483871
1896-04-01,77.69999999999999,21.183333333333334,8.636666666666667,83.8,11.766666666666667,13.923333333333334
1896-05-01,30.599999999999998,16.019354838709678,6.074193548387097,44.3,10.16451612903226,9.296774193548387
1896-06-01,68.0,12.68,3.4266666666666667,29.1,8.533333333333333,7.743333333333334
1896-07-01,25.6,11.216129032258063,2.4064516129032256,31.3,7.712903225806452,8.180645161290322
1896-08-01,14.8,13.23225806451613,3.793548387096774,50.1,8.754838709677419,11.22258064516129
1896-09-01,47.8,16.77,4.9399999999999995,78.9,9.746666666666666,16.14
1896-10-01,1.3,23.919354838709676,8.635483870967741,126.9,11.925806451612903,20.738709677419354
1896-11-01,43.1,27.14,11.01,176.7,13.156666666666666,24.636666666666667
1896-12-01,24.6,30.241935483870968,13.941935483870967,226.6,14.47741935483871,26.506451612903227
1897-01-01,69.2,29.483870967741936,13.793548387096775,245.3,14.69032258064516,25.258064516129032
1897-02-01,44.0,30.057142857142857,15.082142857142857,196.5,14.646428571428572,22.767857142857142
1897-03-01,6.4,24.919354838709676,10.67741935483871,155.4,12.574193548387097,18.958064516129035
1897-04-01,4.9,23.253333333333334,9.246666666666666,83.8,11.523333333333333,13.543333333333333
1897-05-01,5.8,16.69677419354839,4.683870967741935,44.3,8.790322580645162,9.158064516129032
1897-06-01,67.3,14.55,4.63,29.1,9.183333333333334,7.086666666666667
1897-07-01,49.5,12.8,4.716129032258064,31.3,9.138709677419355,7.970967741935484
1897-08-01,130.5,13.419354838709678,3.825806451612903,50.1,9.077419354838709,11.241935483870968
1897-09-01,44.900000000000006,17.94333333333333,5.693333333333333,78.9,10.46,15.69
1897-10-01,40.1,20.822580645161292,7.274193548387097,126.9,11.154838709677419,20.35483870967742
1897-11-01,17.5,27.783333333333335,11.303333333333335,176.7,12.716666666666667,23.886666666666667
1897-12-01,3.9000000000000004,31.335483870967742,14.758064516129032,226.6,13.816129032258065,26.04516129032258
1898-01-01,0.0,32.94516129032258,15.83548387096774,245.3,14.66451612903226,26.52258064516129
1898-02-01,48.0,33.35357142857143,17.560714285714287,196.5,15.671428571428573,23.97142857142857
1898-03-01,0.0,27.616129032258065,13.051612903225807,155.4,13.203225806451613,19.56451612903226
1898-04-01,21.2,21.55,9.0,83.8,11.083333333333334,13.903333333333334
1898-05-01,34.5,15.390322580645162,5.364516129032259,44.3,8.916129032258064,9.35483870967742
1898-06-01,136.7,13.33,5.163333333333333,29.1,9.216666666666667,7.510000000000001
1898-07-01,53.4,12.432258064516128,3.638709677419355,31.3,8.09032258064516,8.012903225806452
1898-08-01,50.7,14.861290322580645,5.461290322580646,50.1,9.26774193548387,11.116129032258065
1898-09-01,43.0,17.573333333333334,6.553333333333333,78.9,10.356666666666666,15.629999999999999
1898-10-01,42.5,23.151612903225807,8.896774193548387,126.9,11.361290322580645,20.416129032258063
1898-11-01,26.9,25.103333333333335,10.646666666666667,176.7,11.703333333333335,23.55666666666667
1898-12-01,24.7,29.796774193548387,13.16451612903226,226.6,12.82258064516129,26.706451612903226
1899-01-01,42.199999999999996,27.490322580645163,13.077419354838709,245.3,12.66451612903226,25.40967741935484
1899-02-01,22.799999999999997,32.06071428571429,16.1,196.5,14.982142857142858,23.646428571428572
1899-03-01,55.2,27.758064516129032,13.196774193548388,155.4,13.729032258064517,18.86774193548387
1899-04-01,35.2,22.529999999999998,10.53,83.8,12.413333333333332,13.836666666666668
1899-05-01,24.8,16.293548387096774,5.658064516129032,44.3,9.69032258064516,9.316129032258065
1899-06-01,131.1,12.96,4.366666666666666,29.1,9.020000000000001,7.456666666666666
1899-07-01,9.5,12.212903225806452,2.1838709677419357,31.3,7.835483870967742,8.24516129032258
1899-08-01,45.5,14.36774193548387,4.603225806451612,50.1,9.061290322580644,11.248387096774193
1899-09-01,12.2,19.240000000000002,7.083333333333333,78.9,10.71,15.5
1899-10-01,29.5,20.635483870967743,7.074193548387097,126.9,10.570967741935483,20.35483870967742
1899-11-01,48.5,24.916666666666668,10.610000000000001,176.7,12.696666666666665,23.59333333333333
1899-12-01,0.0,31.138709677419357,13.935483870967742,226.6,13.106451612903227,26.238709677419354
1900-01-01,41.1,31.970967741935485,16.1,245.3,14.329032258064515,25.635483870967743
1900-02-01,0.0,32.69642857142857,15.742857142857144,196.5,14.964285714285714,23.910714285714285
1900-03-01,65.7,25.93548387096774,12.864516129032259,155.4,14.548387096774194,19.051612903225806
1900-04-01,75.6,19.040000000000003,9.273333333333333,83.8,12.156666666666666,13.683333333333334
1900-05-01,82.7,15.57741935483871,6.587096774193548,44.3,10.390322580645162,9.083870967741936
1900-06-01,53.3,13.696666666666665,4.8933333333333335,29.1,9.45,7.553333333333333
1900-07-01,37.2,11.503225806451614,3.270967741935484,31.3,8.158064516129032,8.0
1900-08-01,91.8,13.151612903225805,4.016129032258065,50.1,8.73225806451613,11.019354838709678
1900-09-01,38.7,15.856666666666666,5.663333333333333,78.9,10.293333333333333,15.363333333333333
1900-10-01,14.5,21.712903225806453,7.506451612903225,126.9,11.496774193548386,20.164516129032258
1900-11-01,21.1,26.773333333333333,10.633333333333333,176.7,13.543333333333333,23.913333333333334
1900-12-01,7.6,29.348387096774193,13.077419354838709,226.6,14.683870967741935,26.05483870967742
1901-01-01,11.899999999999999,29.093548387096774,13.380645161290323,245.3,13.46774193548387,26.12258064516129
1901-02-01,18.0,31.82857142857143,16.189285714285713,196.5,14.810714285714285,23.760714285714283
1901-03-01,12.5,26.961290322580645,12.625806451612902,155.4,13.516129032258064,19.4
1901-04-01,70.0,20.89333333333333,8.856666666666666,83.8,11.296666666666665,14.120000000000001
1901-05-01,8.4,17.716129032258067,5.958064516129032,44.3,9.729032258064517,9.506451612903225
1901-06-01,46.199999999999996,11.94,2.36,29.1,7.573333333333334,7.626666666666667
1901-07-01,43.6,11.148387096774194,2.564516129032258,31.3,7.583870967741936,8.129032258064516
1901-08-01,61.5,13.490322580645161,4.261290322580645,50.1,8.751612903225807,11.216129032258063
1901-09-01,62.9,18.3,7.0566666666666675,78.9,10.69,15.81
1901-10-01,47.699999999999996,20.77741935483871,7.9,126.9,11.348387096774195,20.774193548387096
1901-11-01,11.5,28.123333333333335,12.116666666666667,176.7,12.993333333333334,24.273333333333333
1901-12-01,7.699999999999999,30.13225806451613,13.26774193548387,226.6,13.016129032258064,27.048387096774192
1902-01-01,27.2,30.322580645161292,13.961290322580645,245.3,14.154838709677419,26.212903225806453
1902-02-01,5.1,29.775000000000002,13.62857142857143,196.5,13.375,24.07857142857143
1902-03-01,51.1,26.325806451612905,11.612903225806452,155.4,12.370967741935484,19.806451612903224
1902-04-01,0.0,22.816666666666666,8.773333333333333,83.8,10.97,14.483333333333333
1902-05-01,1.5,18.1,5.548387096774194,44.3,9.51290322580645,9.816129032258065
1902-06-01,52.4,13.603333333333333,3.2199999999999998,29.1,8.383333333333333,7.819999999999999
1902-07-01,15.5,13.438709677419356,2.7806451612903227,31.3,7.841935483870968,8.361290322580645
1902-08-01,14.1,13.919354838709678,2.9709677419354836,50.1,8.170967741935485,11.54516129032258
1902-09-01,35.8,17.71333333333333,5.886666666666667,78.9,9.846666666666666,16.066666666666666
1902-10-01,37.6,22.719354838709677,9.158064516129032,126.9,11.406451612903227,20.806451612903224
1902-11-01,12.2,28.89333333333333,12.676666666666668,176.7,12.816666666666666,24.543333333333333
1902-12-01,104.8,28.048387096774192,13.174193548387098,226.6,13.851612903225806,26.241935483870968
1903-01-01,13.200000000000001,30.43548387096774,14.051612903225807,245.3,13.54516129032258,25.858064516129033
1903-02-01,25.299999999999997,29.971428571428568,14.35,196.5,13.674999999999999,23.425
1903-03-01,95.0,27.606451612903225,13.670967741935485,155.4,15.2,19.538709677419355
1903-04-01,64.7,21.583333333333332,9.75,83.8,12.146666666666667,13.873333333333333
1903-05-01,12.2,16.003225806451614,5.893548387096774,44.3,10.16451612903226,9.13225806451613
1903-06-01,76.9,12.81,3.2633333333333336,29.1,8.389999999999999,7.423333333333333
1903-07-01,60.6,12.02258064516129,3.261290322580645,31.3,8.338709677419354,8.138709677419355
1903-08-01,19.4,14.138709677419355,3.390322580645161,50.1,8.53225806451613,11.038709677419355
1903-09-01,91.7,16.923333333333332,5.9399999999999995,78.9,10.183333333333334,15.626666666666667
1903-10-01,78.89999999999999,21.980645161290322,8.693548387096774,126.9,12.074193548387097,20.25483870967742
1903-11-01,47.7,25.686666666666667,10.94,176.7,12.743333333333334,23.746666666666666
1903-12-01,90.3,27.406451612903226,12.64516129032258,226.6,13.509677419354839,26.325806451612905
1904-01-01,71.8,29.687096774193545,14.59032258064516,245.3,14.029032258064516,25.648387096774194
1904-02-01,13.7,28.841379310344827,14.258620689655173,202.8,13.555172413793104,23.372413793103448
1904-03-01,5.6,25.296774193548387,11.364516129032259,155.4,12.738709677419354,18.82903225806452
1904-04-01,18.3,23.62,9.936666666666667,83.8,12.556666666666667,14.063333333333333
1904-05-01,48.5,18.006451612903227,6.4,44.3,10.741935483870968,9.241935483870968
1904-06-01,49.7,13.34,2.936666666666667,29.1,8.306666666666667,7.53
1904-07-01,93.8,12.399999999999999,3.3451612903225807,31.3,8.561290322580644,7.974193548387096
1904-08-01,62.6,14.341935483870968,3.5838709677419356,50.1,8.890322580645162,11.219354838709679
1904-09-01,20.4,16.096666666666668,3.743333333333333,78.9,9.610000000000001,16.103333333333335
1904-10-01,98.39999999999999,21.641935483870967,7.725806451612903,126.9,12.303225806451612,20.503225806451614
1904-11-01,24.900000000000002,25.68,9.803333333333335,176.7,12.426666666666668,24.483333333333334
1904-12-01,43.5,29.703225806451613,12.803225806451612,226.6,13.899999999999999,26.693548387096776
1905-01-01,19.599999999999998,32.31612903225806,15.95483870967742,245.3,15.019354838709678,25.429032258064513
1905-02-01,16.5,29.585714285714285,13.95,196.5,14.042857142857143,23.25
1905-03-01,5.3,26.97741935483871,11.906451612903227,155.4,12.983870967741936,18.90967741935484
1905-04-01,66.1,21.673333333333336,10.256666666666666,83.8,13.41,13.729999999999999
1905-05-01,70.1,17.05806451612903,6.503225806451613,44.3,10.651612903225805,9.09032258064516
1905-06-01,41.599999999999994,13.283333333333333,4.3966666666666665,29.1,9.129999999999999,7.296666666666667
1905-07-01,131.6,11.896774193548387,3.109677419354839,31.3,8.30967741935484,7.909677419354838
1905-08-01,18.5,14.112903225806452,3.0677419354838706,50.1,8.44516129032258,11.109677419354838
1905-09-01,41.0,14.926666666666668,3.0566666666666666,78.9,8.716666666666667,15.346666666666666
1905-10-01,65.3,18.64516129032258,5.33225806451613,126.9,10.241935483870968,19.612903225806452
1905-11-01,5.2,25.596666666666668,8.83,176.7,11.75,23.433333333333334
1905-12-01,29.5,28.580645161290324,11.825806451612904,226.6,13.848387096774195,26.225806451612904
1906-01-01,0.0,33.438709677419354,15.525806451612903,245.3,14.764516129032257,25.725806451612904
1906-02-01,19.1,32.778571428571425,16.41785714285714,196.5,15.682142857142859,23.25357142857143
1906-03-01,59.4,25.038709677419355,12.270967741935483,155.4,14.096774193548388,18.758064516129032
1906-04-01,7.6,22.07,10.373333333333333,83.8,12.586666666666668,13.75
1906-05-01,100.60000000000001,16.932258064516127,7.116129032258065,44.3,10.670967741935485,9.135483870967741
1906-06-01,72.3,14.266666666666667,5.246666666666667,29.1,9.373333333333333,7.406666666666666
1906-07-01,63.699999999999996,12.658064516129032,3.664516129032258,31.3,8.364516129032259,7.916129032258064
1906-08-01,59.400000000000006,13.703225806451613,4.361290322580645,50.1,8.841935483870968,10.870967741935484
1906-09-01,82.8,16.436666666666667,6.23,78.9,10.523333333333333,15.183333333333334
1906-10-01,102.7,20.73548387096774,8.345161290322581,126.9,11.906451612903227,19.64516129032258
1906-11-01,90.5,22.923333333333336,8.833333333333334,176.7,11.886666666666667,22.95
1906-12-01,36.6,28.393548387096775,12.674193548387096,226.6,13.916129032258064,25.651612903225807
1907-01-01,10.899999999999999,29.870967741935484,14.325806451612904,245.3,14.567741935483872,26.32903225806452
1907-02-01,19.6,30.260714285714283,13.50357142857143,196.5,13.460714285714285,23.957142857142856
1907-03-01,53.9,25.18064516129032,10.932258064516128,155.4,12.848387096774195,19.63225806451613
1907-04-01,51.199999999999996,20.52,8.383333333333333,83.8,11.083333333333334,14.213333333333333
1907-05-01,32.6,17.63225806451613,5.95483870967742,44.3,10.003225806451614,9.687096774193549
1907-06-01,39.4,13.229999999999999,3.253333333333333,29.1,8.693333333333333,7.66
1907-07-01,57.2,12.229032258064517,2.425806451612903,31.3,7.97741935483871,8.216129032258063
1907-08-01,31.5,14.5,4.512903225806451,50.1,8.98709677419355,11.419354838709678
1907-09-01,20.5,19.046666666666667,5.29,78.9,9.753333333333334,16.043333333333333
1907-10-01,16.9,21.85483870967742,7.080645161290323,126.9,10.438709677419356,20.538709677419355
1907-11-01,50.4,26.236666666666668,10.793333333333333,176.7,12.673333333333334,23.88
1907-12-01,40.7,28.916129032258063,12.570967741935483,226.6,12.922580645161291,26.664516129032258
1908-01-01,6.3999999999999995,34.938709677419354,17.35483870967742,245.3,15.193548387096774,26.567741935483873
1908-02-01,13.7,30.731034482758623,15.679310344827586,202.8,15.072413793103449,23.06206896551724
1908-03-01,14.799999999999999,25.870967741935484,12.258064516129032,155.4,13.083870967741936,18.551612903225806
1908-04-01,5.8,21.44,9.45,83.8,11.46,13.596666666666666
1908-05-01,50.699999999999996,15.558064516129033,6.251612903225807,44.3,9.87741935483871,9.170967741935485
1908-06-01,110.9,11.1,2.69,29.1,7.956666666666666,7.456666666666666
1908-07-01,34.7,11.258064516129032,3.2419354838709675,31.3,8.238709677419354,8.196774193548388
1908-08-01,42.9,12.8,3.967741935483871,50.1,8.706451612903225,11.235483870967743
1908-09-01,66.2,15.333333333333334,5.55,78.9,9.456666666666667,15.543333333333333
1908-10-01,28.9,21.23225806451613,7.945161290322581,126.9,11.187096774193549,20.116129032258065
1908-11-01,19.1,26.706666666666667,12.360000000000001,176.7,12.606666666666666,24.256666666666668
1908-12-01,11.9,29.664516129032258,13.98709677419355,226.6,12.583870967741936,26.306451612903224
1909-01-01,11.2,28.64516129032258,14.667741935483871,245.3,12.951612903225806,25.103225806451615
1909-02-01,18.3,28.17142857142857,14.321428571428571,196.5,13.85,23.27857142857143
1909-03-01,38.6,25.29032258064516,12.941935483870967,155.4,13.848387096774195,18.916129032258063
1909-04-01,65.1,19.083333333333332,7.723333333333333,83.8,10.516666666666667,13.91
1909-05-01,81.6,14.95483870967742,6.506451612903225,44.3,10.283870967741937,8.52258064516129
1909-06-01,93.7,12.156666666666666,5.25,29.1,9.51,6.7266666666666675
1909-07-01,48.599999999999994,11.035483870967743,3.235483870967742,31.3,8.296774193548387,7.938709677419355
1909-08-01,92.3,12.603225806451613,5.180645161290323,50.1,9.464516129032257,10.16451612903226
1909-09-01,46.599999999999994,15.796666666666665,5.54,78.9,10.193333333333333,16.326666666666668
1909-10-01,21.9,20.870967741935484,8.329032258064515,126.9,11.293548387096775,20.65806451612903
1909-11-01,4.3,25.256666666666668,10.293333333333333,176.7,10.973333333333333,24.15
1909-12-01,9.5,26.164516129032258,11.245161290322581,226.6,10.787096774193548,26.4741935483871
1910-01-01,42.900000000000006,29.296774193548387,15.638709677419355,245.3,14.33548387096774,24.458064516129035
1910-02-01,4.9,30.839285714285715,15.071428571428571,196.5,13.967857142857143,24.771428571428572
1910-03-01,29.799999999999997,25.919354838709676,13.087096774193547,155.4,14.029032258064515,19.258064516129032
1910-04-01,2.3,22.546666666666667,9.446666666666665,83.8,11.426666666666668,15.05
1910-05-01,55.5,16.896774193548385,7.199999999999999,44.3,10.641935483870967,9.274193548387096
1910-06-01,70.39999999999999,13.520000000000001,5.533333333333333,29.1,9.686666666666667,7.37
1910-07-01,79.1,11.748387096774193,4.577419354838709,31.3,9.02258064516129,7.890322580645161
1910-08-01,48.400000000000006,14.66451612903226,5.67741935483871,50.1,9.429032258064517,11.383870967741936
1910-09-01,74.3,16.779999999999998,6.876666666666667,78.9,10.82,15.7
1910-10-01,30.099999999999998,18.65806451612903,7.458064516129032,126.9,10.0,20.551612903225806
1910-11-01,39.4,24.803333333333335,10.943333333333333,176.7,11.566666666666666,24.09333333333333
1910-12-01,29.4,25.738709677419354,11.474193548387097,226.6,11.712903225806452,26.216129032258067
1911-01-01,55.4,28.096774193548388,14.80967741935484,245.3,14.390322580645162,24.809677419354838
1911-02-01,114.7,27.38214285714286,15.646428571428572,196.5,15.785714285714286,20.939285714285713
1911-03-01,31.0,23.97741935483871,12.870967741935484,155.4,13.980645161290322,18.23225806451613
1911-04-01,4.8,19.746666666666666,7.743333333333333,83.8,10.506666666666666,14.28
1911-05-01,105.0,16.335483870967742,7.951612903225806,44.3,10.783870967741937,8.63225806451613
1911-06-01,79.1,11.55,3.4133333333333336,29.1,8.163333333333334,7.2
1911-07-01,36.3,11.87741935483871,3.4838709677419355,31.3,8.290322580645162,8.025806451612903
1911-08-01,20.9,15.125806451612902,6.17741935483871,50.1,9.396774193548387,10.932258064516128
1911-09-01,36.9,17.416666666666668,7.1433333333333335,78.9,10.603333333333333,14.546666666666665
1911-10-01,8.7,20.887096774193548,7.793548387096774,126.9,10.22258064516129,20.674193548387095
1911-11-01,4.5,26.803333333333335,11.57,176.7,12.610000000000001,24.44
1911-12-01,38.699999999999996,26.45483870967742,12.745161290322581,226.6,12.074193548387097,26.138709677419353
1912-01-01,40.4,29.703225806451613,14.041935483870969,245.3,12.416129032258064,27.961290322580645
1912-02-01,21.599999999999998,31.517241379310345,16.79655172413793,202.8,14.175862068965518,23.420689655172417
1912-03-01,12.2,26.799999999999997,13.59032258064516,155.4,13.587096774193547,19.490322580645163
1912-04-01,5.4,20.296666666666667,8.873333333333333,83.8,10.379999999999999,14.446666666666665
1912-05-01,1.3,17.251612903225805,4.712903225806452,44.3,8.551612903225807,10.474193548387097
1912-06-01,70.2,13.216666666666667,5.21,29.1,9.129999999999999,7.239999999999999
1912-07-01,97.0,11.62258064516129,4.348387096774194,31.3,8.66451612903226,8.035483870967742
1912-08-01,37.7,13.870967741935484,5.648387096774194,50.1,9.474193548387097,11.329032258064515
1912-09-01,56.3,16.25,6.403333333333333,78.9,9.4,16.203333333333333
1912-10-01,18.5,21.03548387096774,7.870967741935484,126.9,10.670967741935485,21.687096774193545
1912-11-01,119.8,22.936666666666667,10.656666666666666,176.7,11.866666666666667,23.953333333333333
1912-12-01,40.199999999999996,26.690322580645162,12.951612903225806,226.6,13.348387096774195,27.18064516129032
1913-01-01,22.400000000000002,29.019354838709678,14.125806451612902,245.3,13.116129032258065,26.299999999999997
1913-02-01,22.0,30.75,15.489285714285714,196.5,14.614285714285714,23.860714285714288
1913-03-01,73.0,23.25483870967742,12.670967741935485,155.4,13.609677419354838,18.18064516129032
1913-04-01,8.9,22.336666666666666,10.56,83.8,12.946666666666665,14.313333333333333
1913-05-01,93.4,14.96774193548387,6.135483870967741,44.3,10.064516129032258,9.03225806451613
1913-06-01,93.5,12.686666666666667,3.646666666666667,29.1,8.466666666666667,8.1
1913-07-01,14.1,12.587096774193547,4.138709677419355,31.3,8.48709677419355,8.561290322580644
1913-08-01,40.4,13.63225806451613,4.587096774193548,50.1,8.383870967741935,12.096774193548388
1913-09-01,43.0,16.136666666666667,6.4,78.9,9.836666666666668,15.71
1913-10-01,43.7,21.529032258064515,9.077419354838709,126.9,11.899999999999999,20.138709677419353
1913-11-01,30.4,23.09,9.01,176.7,10.723333333333333,24.863333333333333
1913-12-01,20.5,30.190322580645162,13.990322580645161,226.6,12.96774193548387,27.641935483870967
1914-01-01,13.6,29.98709677419355,14.516129032258064,245.3,12.974193548387097,26.76451612903226
1914-02-01,2.8,32.29642857142857,16.728571428571428,196.5,14.625,23.957142857142856
1914-03-01,19.3,27.206451612903226,14.580645161290322,155.4,14.674193548387096,18.87741935483871
1914-04-01,42.199999999999996,21.126666666666665,9.966666666666667,83.8,12.08,14.07
1914-05-01,37.8,16.532258064516128,7.329032258064516,44.3,10.503225806451614,9.296774193548387
1914-06-01,10.7,14.416666666666666,3.296666666666667,29.1,8.16,8.38
1914-07-01,24.9,11.958064516129031,3.0935483870967744,31.3,7.935483870967742,8.380645161290323
1914-08-01,9.4,15.493548387096775,4.764516129032257,50.1,8.535483870967743,12.541935483870969
1914-09-01,6.1,18.336666666666666,5.693333333333333,78.9,9.416666666666666,17.013333333333332
1914-10-01,0.0,25.87741935483871,10.270967741935483,126.9,11.283870967741937,21.780645161290323
1914-11-01,35.9,28.029999999999998,14.286666666666667,176.7,14.41,23.009999999999998
1914-12-01,69.2,28.509677419354837,15.706451612903225,226.6,15.048387096774194,24.858064516129033
1915-01-01,20.0,29.65806451612903,14.94516129032258,245.3,12.603225806451613,26.570967741935487
1915-02-01,8.4,31.110714285714288,16.364285714285714,196.5,14.528571428571428,23.985714285714288
1915-03-01,0.0,26.074193548387097,12.361290322580645,155.4,12.258064516129032,19.79032258064516
1915-04-01,18.2,21.21333333333333,9.666666666666666,83.8,11.46,14.356666666666666
1915-05-01,74.0,15.390322580645162,6.464516129032258,44.3,9.816129032258065,9.112903225806452
1915-06-01,81.39999999999999,12.833333333333334,5.319999999999999,29.1,9.076666666666666,7.286666666666666
1915-07-01,58.99999999999999,13.0,5.409677419354838,31.3,9.135483870967741,7.993548387096775
1915-08-01,64.5,13.567741935483872,5.84516129032258,50.1,9.251612903225807,11.112903225806452
1915-09-01,81.7,17.02,6.92,78.9,9.993333333333334,16.556666666666665
1915-10-01,59.0,18.990322580645163,7.725806451612903,126.9,10.606451612903227,20.603225806451615
1915-11-01,9.9,23.5,8.926666666666668,176.7,10.573333333333332,25.653333333333332
1915-12-01,7.3999999999999995,28.096774193548388,12.916129032258064,226.6,13.061290322580644,26.483870967741936
1916-01-01,37.4,30.603225806451615,15.567741935483872,245.3,14.36774193548387,25.516129032258064
1916-02-01,24.8,29.893103448275863,15.56551724137931,202.8,14.275862068965518,24.137931034482758
1916-03-01,4.1,26.200000000000003,12.274193548387096,155.4,12.754838709677419,20.225806451612904
1916-04-01,82.6,19.583333333333332,9.32,83.8,11.520000000000001,13.123333333333333
1916-05-01,21.6,17.070967741935487,5.641935483870968,44.3,9.312903225806451,9.654838709677419
1916-06-01,87.3,11.956666666666667,5.206666666666666,29.1,9.316666666666666,6.576666666666667
1916-07-01,88.2,11.80967741935484,4.206451612903226,31.3,8.680645161290323,7.403225806451613
1916-08-01,73.7,12.66451612903226,4.738709677419355,50.1,9.158064516129032,10.603225806451613
1916-09-01,162.60000000000002,17.423333333333332,7.79,78.9,10.476666666666667,13.93
1916-10-01,88.5,18.54516129032258,8.609677419354838,126.9,11.5,19.032258064516128
1916-11-01,75.0,20.56,9.51,176.7,11.556666666666667,21.916666666666668
1916-12-01,47.8,27.116129032258065,13.290322580645162,226.6,13.76774193548387,25.229032258064517
1917-01-01,24.0,29.229032258064517,15.47741935483871,245.3,14.735483870967743,24.822580645161292
1917-02-01,58.4,26.839285714285715,14.692857142857141,196.5,14.203571428571427,22.62857142857143
1917-03-01,34.3,24.741935483870968,12.687096774193549,155.4,13.47741935483871,18.638709677419353
1917-04-01,12.5,19.42,8.01,83.8,10.423333333333334,13.883333333333333
1917-05-01,62.0,14.754838709677419,6.574193548387097,44.3,9.651612903225805,8.764516129032257
1917-06-01,162.1,12.46,4.916666666666667,29.1,8.953333333333335,6.833333333333333
1917-07-01,102.9,11.758064516129032,5.067741935483871,31.3,8.938709677419356,7.199999999999999
1917-08-01,93.2,13.535483870967743,5.241935483870968,50.1,8.996774193548386,10.912903225806453
1917-09-01,84.8,16.39,6.87,78.9,10.126666666666667,15.486666666666668
1917-10-01,131.2,19.27741935483871,8.612903225806452,126.9,11.851612903225806,18.51290322580645
1917-11-01,52.699999999999996,22.19,10.356666666666666,176.7,12.836666666666668,22.153333333333332
1917-12-01,17.3,29.003225806451614,14.241935483870968,226.6,14.583870967741936,26.34193548387097
1918-01-01,95.0,29.322580645161292,15.680645161290323,245.3,16.10967741935484,24.980645161290322
1918-02-01,40.4,28.396428571428572,14.803571428571429,196.5,14.825000000000001,23.55
1918-03-01,57.4,25.203225806451613,12.187096774193549,155.4,13.706451612903225,19.016129032258064
1918-04-01,38.4,20.233333333333334,9.44,83.8,11.92,13.233333333333333
1918-05-01,172.20000000000002,17.01290322580645,7.699999999999999,44.3,10.874193548387098,8.69032258064516
1918-06-01,57.099999999999994,13.67,4.943333333333333,29.1,9.246666666666666,7.443333333333333
1918-07-01,24.7,11.36774193548387,3.2580645161290325,31.3,8.029032258064516,7.912903225806452
1918-08-01,114.3,14.280645161290321,6.306451612903226,50.1,9.83548387096774,10.151612903225805
1918-09-01,11.799999999999999,17.90666666666667,6.15,78.9,9.83,17.163333333333334
1918-10-01,19.4,19.496774193548386,7.354838709677419,126.9,10.577419354838709,19.761290322580646
1918-11-01,4.3,25.043333333333333,10.183333333333334,176.7,11.103333333333333,24.75
1918-12-01,19.3,28.706451612903226,12.441935483870967,226.6,12.025806451612903,26.96451612903226
1919-01-01,0.0,30.5258064516129,14.167741935483871,245.3,12.73225806451613,27.345161290322583
1919-02-01,71.1,31.27857142857143,17.053571428571427,196.5,15.928571428571429,22.675
1919-03-01,18.6,23.94193548387097,11.96774193548387,155.4,12.958064516129031,17.858064516129033
1919-04-01,29.0,23.276666666666664,9.936666666666667,83.8,12.59,14.256666666666666
1919-05-01,46.0,17.125806451612902,7.612903225806452,44.3,11.319354838709677,9.0
1919-06-01,35.1,13.696666666666665,4.34,29.1,8.85,8.006666666666668
1919-07-01,20.099999999999998,12.216129032258063,2.4000000000000004,31.3,7.4,9.270967741935483
1919-08-01,26.7,14.225806451612904,3.8096774193548386,50.1,8.474193548387097,11.27741935483871
1919-09-01,43.2,18.263333333333332,6.566666666666666,78.9,9.946666666666665,15.566666666666666
1919-10-01,9.5,22.506451612903227,8.683870967741935,126.9,10.490322580645161,20.929032258064513
1919-11-01,26.1,27.053333333333335,12.366666666666667,176.7,11.993333333333334,24.43
1919-12-01,77.5,29.59032258064516,14.86774193548387,226.6,13.72258064516129,25.799999999999997
1920-01-01,1.0,28.36774193548387,14.251612903225807,245.3,14.329032258064515,24.712903225806453
1920-02-01,0.0,30.872413793103448,15.620689655172415,202.8,13.479310344827585,24.099999999999998
1920-03-01,10.0,25.42258064516129,11.47741935483871,155.4,12.106451612903227,19.22258064516129
1920-04-01,3.8,20.91,9.483333333333333,83.8,11.263333333333332,13.25
1920-05-01,30.200000000000003,15.248387096774193,4.961290322580646,44.3,8.774193548387096,9.970967741935484
1920-06-01,81.4,13.016666666666667,5.53,29.1,9.673333333333334,6.616666666666666
1920-07-01,74.8,12.074193548387097,3.864516129032258,31.3,8.870967741935484,8.180645161290322
1920-08-01,125.6,12.667741935483871,4.538709677419354,50.1,9.538709677419355,10.451612903225806
1920-09-01,86.0,15.606666666666666,6.426666666666667,78.9,11.09,14.623333333333333
1920-10-01,92.4,21.06451612903226,8.738709677419354,126.9,13.112903225806452,20.009677419354837
1920-11-01,40.1,24.66,11.013333333333332,176.7,13.313333333333333,21.913333333333334
1920-12-01,21.0,28.26774193548387,13.635483870967741,226.6,13.470967741935485,25.154838709677417
1921-01-01,60.7,30.85483870967742,16.061290322580643,245.3,14.741935483870968,26.441935483870967
1921-02-01,41.0,30.52857142857143,17.107142857142858,196.5,16.053571428571427,23.325
1921-03-01,26.9,25.809677419354838,12.664516129032258,155.4,13.912903225806453,19.438709677419357
1921-04-01,20.4,21.543333333333333,10.043333333333333,83.8,12.67,13.71
1921-05-01,75.3,17.612903225806452,8.525806451612903,44.3,11.983870967741936,9.12258064516129
1921-06-01,92.39999999999999,13.57,4.83,29.1,10.013333333333332,7.266666666666667
1921-07-01,67.8,13.058064516129033,4.106451612903226,31.3,8.86774193548387,8.03225806451613
1921-08-01,66.5,12.87741935483871,4.377419354838709,50.1,8.912903225806453,11.458064516129031
1921-09-01,128.8,17.226666666666667,7.123333333333333,78.9,11.273333333333333,16.366666666666667
1921-10-01,40.4,19.638709677419353,7.841935483870968,126.9,11.174193548387096,20.5
1921-11-01,23.099999999999998,25.81,12.486666666666668,176.7,13.223333333333333,23.386666666666667
1921-12-01,42.4,27.125806451612902,13.283870967741937,226.6,13.716129032258063,24.793548387096774
1922-01-01,15.8,28.419354838709676,13.893548387096773,245.3,12.899999999999999,25.612903225806452
1922-02-01,17.0,31.110714285714288,16.814285714285713,196.5,15.021428571428572,23.125
1922-03-01,14.0,26.432258064516127,11.635483870967741,155.4,11.596774193548388,20.46451612903226
1922-04-01,21.0,22.38,11.020000000000001,83.8,11.9,13.55
1922-05-01,33.4,16.6,7.235483870967743,44.3,10.770967741935483,9.429032258064517
1922-06-01,33.9,13.223333333333333,4.28,29.1,9.066666666666666,7.13
1922-07-01,43.7,12.119354838709677,4.229032258064516,31.3,8.770967741935483,7.806451612903226
1922-08-01,33.8,12.825806451612904,3.9322580645161294,50.1,8.703225806451613,10.893548387096773
1922-09-01,55.099999999999994,16.256666666666668,5.9366666666666665,78.9,10.153333333333334,16.3
1922-10-01,59.199999999999996,21.18064516129032,8.390322580645162,126.9,11.151612903225805,20.019354838709678
1922-11-01,2.3,25.773333333333333,9.95,176.7,10.946666666666665,26.55666666666667
1922-12-01,26.7,27.87741935483871,13.380645161290323,226.6,13.787096774193548,25.003225806451614
1923-01-01,12.8,28.467741935483872,13.62258064516129,245.3,12.887096774193548,26.299999999999997
1923-02-01,0.0,31.217857142857145,14.75357142857143,196.5,13.921428571428573,25.82857142857143
1923-03-01,6.1,26.887096774193548,12.306451612903226,155.4,12.990322580645161,20.177419354838708
1923-04-01,0.0,23.553333333333335,10.26,83.8,11.663333333333332,15.443333333333333
1923-05-01,97.8,17.361290322580647,8.116129032258064,44.3,10.745161290322581,9.319354838709677
1923-06-01,111.1,12.783333333333333,6.346666666666667,29.1,10.016666666666667,6.433333333333334
1923-07-01,88.5,11.680645161290323,5.125806451612903,31.3,9.551612903225807,7.693548387096774
1923-08-01,42.6,13.083870967741936,4.896774193548388,50.1,9.148387096774194,11.90967741935484
1923-09-01,28.7,15.520000000000001,6.053333333333333,78.9,10.09,15.093333333333334
1923-10-01,48.699999999999996,19.383870967741935,8.083870967741936,126.9,11.106451612903227,19.861290322580647
1923-11-01,17.299999999999997,22.15666666666667,8.413333333333334,176.7,10.486666666666668,26.196666666666665
1923-12-01,73.2,28.206451612903226,13.725806451612904,226.6,13.983870967741936,25.483870967741936
1924-01-01,35.8,27.461290322580645,13.17741935483871,245.3,13.0,24.299999999999997
1924-02-01,42.3,27.586206896551722,13.986206896551725,202.8,14.858620689655172,21.813793103448276
1924-03-01,115.1,25.183870967741935,12.53225806451613,155.4,13.806451612903226,18.73548387096774
1924-04-01,73.2,18.176666666666666,8.283333333333333,83.8,11.493333333333334,13.44
1924-05-01,22.6,16.13225806451613,5.422580645161291,44.3,9.66451612903226,10.080645161290322
1924-06-01,67.60000000000001,12.056666666666667,3.816666666666667,29.1,8.94,7.4
1924-07-01,22.1,12.806451612903226,2.8774193548387097,31.3,8.62258064516129,9.306451612903226
1924-08-01,88.8,14.32258064516129,4.783870967741935,50.1,9.703225806451613,12.03225806451613
1924-09-01,53.5,16.14,6.996666666666667,78.9,10.783333333333333,14.473333333333333
1924-10-01,54.2,20.387096774193548,8.080645161290322,126.9,11.251612903225807,20.55806451612903
1924-11-01,108.8,22.453333333333333,10.993333333333334,176.7,13.306666666666667,22.63
1924-12-01,53.1,26.29032258064516,11.112903225806452,226.6,12.516129032258064,28.46451612903226
1925-01-01,117.2,27.874193548387098,13.86774193548387,245.3,14.63225806451613,25.216129032258067
1925-02-01,54.4,27.25,13.985714285714286,196.5,14.821428571428571,23.392857142857142
1925-03-01,20.099999999999998,25.958064516129035,11.574193548387097,155.4,13.33548387096774,19.383870967741935
1925-04-01,7.3999999999999995,22.94333333333333,9.729999999999999,83.8,12.073333333333332,14.816666666666666
1925-05-01,50.7,16.30322580645161,7.635483870967741,44.3,11.270967741935483,8.5
1925-06-01,53.3,13.879999999999999,4.626666666666667,29.1,9.56,8.133333333333333
1925-07-01,57.8,11.703225806451613,3.396774193548387,31.3,8.219354838709679,7.906451612903226
1925-08-01,36.5,13.258064516129032,3.725806451612903,50.1,8.683870967741935,12.235483870967743
1925-09-01,57.199999999999996,15.246666666666668,4.3966666666666665,78.9,9.286666666666667,16.57
1925-10-01,8.9,21.848387096774193,7.161290322580645,126.9,10.693548387096774,21.348387096774193
1925-11-01,18.3,25.043333333333333,10.386666666666667,176.7,12.976666666666667,24.84333333333333
1925-12-01,1.0,28.46451612903226,12.196774193548388,226.6,12.929032258064517,28.03548387096774
1926-01-01,41.2,28.248387096774195,12.941935483870967,245.3,13.606451612903227,27.225806451612904
1926-02-01,0.0,31.682142857142857,15.217857142857143,196.5,14.457142857142857,25.13214285714286
1926-03-01,86.0,26.741935483870968,13.941935483870967,155.4,14.0,18.641935483870967
1926-04-01,119.8,20.706666666666667,10.833333333333334,83.8,13.086666666666668,14.120000000000001
1926-05-01,76.7,14.151612903225805,6.432258064516129,44.3,9.993548387096775,9.380645161290323
1926-06-01,91.8,13.013333333333332,5.183333333333334,29.1,9.79,7.666666666666667
1926-07-01,39.4,13.2,4.738709677419355,31.3,9.170967741935485,8.754838709677419
1926-08-01,65.3,13.548387096774194,5.34516129032258,50.1,9.196774193548388,11.729032258064517
1926-09-01,24.4,17.96333333333333,7.02,78.9,10.979999999999999,16.87666666666667
1926-10-01,68.4,20.809677419354838,8.687096774193549,126.9,11.616129032258065,21.654838709677417
1926-11-01,5.6,24.933333333333334,9.356666666666666,176.7,11.22,26.816666666666666
1926-12-01,5.8,27.548387096774192,12.729032258064517,226.6,12.925806451612903,26.75483870967742
1927-01-01,5.9,30.293548387096774,14.658064516129032,245.3,14.303225806451612,26.26451612903226
1927-02-01,12.299999999999999,29.485714285714288,13.632142857142856,196.5,13.221428571428572,25.146428571428572
1927-03-01,7.3999999999999995,25.032258064516128,11.667741935483871,155.4,12.609677419354838,19.33225806451613
1927-04-01,1.6,20.506666666666668,8.69,83.8,10.863333333333333,14.5
1927-05-01,35.9,15.51290322580645,6.016129032258065,44.3,9.393548387096773,9.86774193548387
1927-06-01,36.3,12.513333333333332,2.1133333333333333,29.1,7.6066666666666665,8.916666666666666
1927-07-01,51.0,11.667741935483871,3.838709677419355,31.3,8.229032258064516,8.574193548387097
1927-08-01,71.8,13.187096774193549,4.245161290322581,50.1,8.516129032258064,12.141935483870967
1927-09-01,33.900000000000006,16.8,5.343333333333334,78.9,9.556666666666667,17.013333333333332
1927-10-01,55.199999999999996,22.080645161290324,9.316129032258065,126.9,11.783870967741937,21.17096774193548
1927-11-01,19.5,26.756666666666668,11.696666666666665,176.7,12.476666666666667,25.403333333333332
1927-12-01,11.5,28.43548387096774,13.525806451612903,226.6,14.225806451612904,26.60967741935484
1928-01-01,56.3,28.11935483870968,14.661290322580646,245.3,14.225806451612904,26.248387096774195
1928-02-01,150.5,28.589655172413792,16.589655172413792,202.8,17.334482758620688,21.903448275862072
1928-03-01,73.9,26.248387096774195,14.238709677419354,155.4,15.906451612903227,18.748387096774195
1928-04-01,33.300000000000004,21.31,11.023333333333333,83.8,13.606666666666666,14.526666666666667
1928-05-01,49.1,15.35483870967742,5.896774193548388,44.3,9.80967741935484,9.770967741935483
1928-06-01,54.4,12.889999999999999,3.64,29.1,8.483333333333333,8.156666666666666
1928-07-01,35.099999999999994,12.845161290322581,3.7548387096774194,31.3,8.503225806451614,8.629032258064516
1928-08-01,10.1,15.970967741935485,4.109677419354839,50.1,9.303225806451612,12.948387096774193
1928-09-01,27.2,19.35,7.163333333333333,78.9,10.066666666666666,16.783333333333335
1928-10-01,71.3,19.135483870967743,7.374193548387097,126.9,10.45483870967742,20.229032258064517
1928-11-01,2.1,25.803333333333335,9.903333333333334,176.7,11.386666666666667,26.433333333333334
1928-12-01,2.9000000000000004,29.006451612903227,13.135483870967741,226.6,12.858064516129033,27.9
1929-01-01,6.4,30.13225806451613,13.816129032258065,245.3,13.251612903225807,27.741935483870968
1929-02-01,39.1,31.075,16.932142857142857,196.5,18.22142857142857,23.339285714285715
1929-03-01,33.8,25.38064516129032,12.383870967741935,155.4,13.509677419354839,19.345161290322583
1929-04-01,84.7,20.25,9.203333333333335,83.8,11.323333333333332,13.926666666666668
1929-05-01,18.2,16.706451612903226,5.948387096774193,44.3,9.37741935483871,10.399999999999999
1929-06-01,35.6,12.979999999999999,3.25,29.1,7.85,8.493333333333332
1929-07-01,9.0,11.216129032258063,1.9290322580645163,31.3,7.016129032258065,8.848387096774195
1929-08-01,40.3,13.551612903225807,3.5387096774193547,50.1,8.193548387096774,11.845161290322581
1929-09-01,40.1,16.663333333333334,4.06,78.9,9.03,17.086666666666666
1929-10-01,21.7,20.43548387096774,7.841935483870968,126.9,11.0,20.68064516129032
1929-11-01,31.0,23.263333333333332,9.67,176.7,11.383333333333333,23.973333333333336
1929-12-01,48.4,25.358064516129033,11.83548387096774,226.6,12.448387096774193,25.40967741935484
1930-01-01,0.0,29.951612903225808,13.980645161290322,245.3,12.883870967741935,28.629032258064516
1930-02-01,7.3999999999999995,32.767857142857146,17.760714285714286,196.5,15.725,24.178571428571427
1930-03-01,26.0,27.59032258064516,13.748387096774193,155.4,13.874193548387098,20.093548387096774
1930-04-01,17.8,21.38,9.253333333333334,83.8,11.066666666666666,14.663333333333332
1930-05-01,59.300000000000004,16.993548387096773,6.97741935483871,44.3,10.51290322580645,10.138709677419355
1930-06-01,14.999999999999998,14.163333333333332,3.6933333333333334,29.1,8.629999999999999,8.543333333333333
1930-07-01,43.1,13.238709677419354,5.183870967741935,31.3,9.509677419354839,7.848387096774194
1930-08-01,66.2,13.52258064516129,5.032258064516129,50.1,9.535483870967743,10.941935483870967
1930-09-01,28.9,16.73,5.033333333333333,78.9,9.96,16.466666666666665
1930-10-01,86.9,21.59032258064516,9.803225806451612,126.9,13.548387096774194,19.1
1930-11-01,43.3,24.803333333333335,10.05,176.7,12.096666666666666,24.576666666666664
1930-12-01,100.8,27.029032258064515,13.80967741935484,226.6,14.906451612903227,24.86774193548387
1931-01-01,23.9,26.903225806451612,12.738709677419354,245.3,13.241935483870968,26.706451612903226
1931-02-01,4.8999999999999995,29.228571428571428,13.167857142857143,196.5,12.87142857142857,25.639285714285712
1931-03-01,120.89999999999999,24.741935483870968,12.55483870967742,155.4,14.506451612903225,17.85483870967742
1931-04-01,69.1,19.5,8.826666666666666,83.8,11.97,14.266666666666667
1931-05-01,81.6,15.887096774193548,8.387096774193548,44.3,12.009677419354839,8.358064516129033
1931-06-01,131.6,12.18,5.3933333333333335,29.1,9.773333333333333,6.923333333333333
1931-07-01,61.3,11.761290322580646,4.729032258064516,31.3,8.993548387096775,8.148387096774194
1931-08-01,39.1,13.141935483870967,4.680645161290323,50.1,9.387096774193548,11.306451612903226
1931-09-01,50.9,16.256666666666668,5.959999999999999,78.9,10.113333333333333,16.073333333333334
1931-10-01,47.3,19.887096774193548,7.0,126.9,10.26774193548387,22.206451612903226
1931-11-01,40.1,23.653333333333332,10.006666666666666,176.7,12.16,24.21333333333333
1931-12-01,0.0,28.654838709677417,12.55483870967742,226.6,13.725806451612904,28.65806451612903
1932-01-01,0.8,32.74193548387097,15.106451612903227,245.3,13.938709677419356,27.364516129032257
1932-02-01,21.7,27.23448275862069,13.50344827586207,202.8,14.582758620689654,22.603448275862068
1932-03-01,64.3,25.306451612903224,12.764516129032257,155.4,14.370967741935484,17.893548387096775
1932-04-01,105.3,19.813333333333333,10.33,83.8,13.146666666666667,13.113333333333333
1932-05-01,15.6,17.112903225806452,6.835483870967742,44.3,10.577419354838709,10.103225806451613
1932-06-01,91.5,12.270000000000001,3.7666666666666666,29.1,8.776666666666667,7.6466666666666665
1932-07-01,67.0,11.974193548387097,2.893548387096774,31.3,8.348387096774195,8.287096774193548
1932-08-01,79.19999999999999,13.812903225806451,4.493548387096775,50.1,9.212903225806452,10.80967741935484
1932-09-01,49.6,16.966666666666665,6.833333333333333,78.9,10.74,15.446666666666665
1932-10-01,30.8,18.6,6.590322580645162,126.9,10.474193548387097,20.003225806451614
1932-11-01,19.0,25.433333333333334,10.386666666666667,176.7,12.303333333333335,24.1
1932-12-01,20.700000000000003,26.716129032258067,11.387096774193548,226.6,12.01290322580645,26.664516129032258
1933-01-01,25.9,27.73548387096774,13.235483870967743,245.3,13.383870967741935,26.30322580645161
1933-02-01,0.0,29.157142857142855,12.742857142857144,196.5,11.932142857142859,25.560714285714287
1933-03-01,18.299999999999997,26.851612903225806,12.235483870967743,155.4,13.338709677419354,19.567741935483873
1933-04-01,11.399999999999999,21.313333333333333,9.08,83.8,11.33,14.09
1933-05-01,53.9,16.18709677419355,6.525806451612904,44.3,10.170967741935485,9.361290322580645
1933-06-01,60.3,14.066666666666666,4.63,29.1,9.24,7.46
1933-07-01,81.0,12.932258064516128,3.890322580645161,31.3,8.983870967741936,8.125806451612904
1933-08-01,46.1,13.04516129032258,2.835483870967742,50.1,8.106451612903227,11.212903225806452
1933-09-01,64.4,16.12,6.4766666666666675,78.9,10.226666666666667,14.823333333333332
1933-10-01,41.1,22.425806451612903,9.02258064516129,126.9,11.796774193548387,21.041935483870965
1933-11-01,34.0,25.086666666666666,10.756666666666666,176.7,13.223333333333333,23.2
1933-12-01,58.6,26.01290322580645,13.158064516129032,226.6,13.961290322580645,25.177419354838708
1934-01-01,119.9,30.051612903225806,14.95483870967742,245.3,14.14516129032258,26.796774193548387
1934-02-01,48.4,28.964285714285715,14.842857142857143,196.5,14.696428571428571,23.32857142857143
1934-03-01,38.900000000000006,28.396774193548385,15.16451612903226,155.4,15.02258064516129,19.606451612903225
1934-04-01,53.4,19.763333333333332,10.023333333333333,83.8,12.57,13.226666666666667
1934-05-01,0.3,18.758064516129032,5.651612903225806,44.3,9.951612903225806,11.148387096774194
1934-06-01,17.4,13.370000000000001,2.57,29.1,8.05,8.426666666666668
1934-07-01,54.6,13.261290322580646,4.890322580645161,31.3,9.319354838709677,7.800000000000001
1934-08-01,75.1,13.796774193548387,5.141935483870968,50.1,9.448387096774193,10.577419354838709
1934-09-01,34.5,17.60666666666667,5.6,78.9,9.66,17.376666666666665
1934-10-01,123.6,19.703225806451613,7.335483870967742,126.9,11.8,19.858064516129033
1934-11-01,94.19999999999999,23.476666666666667,11.26,176.7,13.803333333333335,21.816666666666666
1934-12-01,29.799999999999997,26.629032258064516,12.496774193548386,226.6,12.696774193548388,27.125806451612902
1935-01-01,29.0,28.448387096774194,13.364516129032259,245.3,13.35483870967742,25.970967741935485
1935-02-01,85.8,28.282142857142855,14.242857142857144,196.5,14.200000000000001,23.803571428571427
1935-03-01,29.7,25.18064516129032,11.806451612903226,155.4,12.948387096774193,19.112903225806452
1935-04-01,94.9,19.87,10.343333333333334,83.8,12.533333333333333,11.860000000000001
1935-05-01,14.0,15.680645161290323,5.283870967741936,44.3,9.654838709677419,10.04516129032258
1935-06-01,34.7,12.610000000000001,4.15,29.1,8.889999999999999,7.206666666666666
1935-07-01,69.5,12.47741935483871,3.5806451612903225,31.3,8.596774193548388,8.087096774193547
1935-08-01,51.4,15.0,5.554838709677419,50.1,9.483870967741936,11.564516129032258
1935-09-01,86.2,16.506666666666668,6.14,78.9,10.013333333333332,16.506666666666668
1935-10-01,48.5,20.770967741935483,8.380645161290323,126.9,11.509677419354839,20.183870967741935
1935-11-01,8.9,24.133333333333333,9.79,176.7,11.253333333333334,24.616666666666667
1935-12-01,33.2,28.0,12.209677419354838,226.6,12.393548387096773,26.89032258064516
1936-01-01,39.9,29.19677419354839,14.993548387096775,245.3,14.312903225806451,24.203225806451613
1936-02-01,9.399999999999999,29.162068965517243,14.975862068965517,202.8,14.83448275862069,23.0
1936-03-01,0.5,27.438709677419357,13.048387096774194,155.4,13.845161290322581,19.538709677419355
1936-04-01,64.3,19.9,8.35,83.8,10.91,14.026666666666667
1936-05-01,20.1,18.103225806451615,5.270967741935484,44.3,9.448387096774193,10.635483870967741
1936-06-01,62.4,12.17,3.5366666666666666,29.1,8.776666666666667,7.596666666666667
1936-07-01,131.29999999999998,12.17741935483871,4.745161290322581,31.3,9.119354838709677,7.512903225806451
1936-08-01,72.8,14.087096774193547,5.906451612903226,50.1,9.616129032258065,11.53225806451613
1936-09-01,21.9,15.886666666666667,4.4399999999999995,78.9,9.426666666666668,16.783333333333335
1936-10-01,54.5,20.312903225806455,7.529032258064516,126.9,10.861290322580645,20.729032258064517
1936-11-01,13.5,24.543333333333333,9.086666666666668,176.7,10.453333333333335,25.959999999999997
1936-12-01,45.4,26.796774193548387,14.096774193548388,226.6,15.216129032258063,23.20967741935484
1937-01-01,56.1,26.700000000000003,13.138709677419355,245.3,13.848387096774195,25.480645161290322
1937-02-01,16.2,29.400000000000002,14.971428571428572,196.5,13.828571428571427,23.660714285714285
1937-03-01,12.2,26.532258064516128,12.974193548387097,155.4,13.651612903225805,19.70967741935484
1937-04-01,12.7,20.453333333333333,8.74,83.8,10.51,14.716666666666667
1937-05-01,37.2,16.432258064516127,6.393548387096774,44.3,9.780645161290321,9.770967741935483
1937-06-01,27.8,12.846666666666666,3.1666666666666665,29.1,8.283333333333333,8.376666666666667
1937-07-01,36.0,12.919354838709678,2.3129032258064517,31.3,7.487096774193549,9.141935483870967
1937-08-01,55.0,15.729032258064517,5.790322580645161,50.1,9.429032258064517,11.964516129032257
1937-09-01,31.4,17.736666666666668,6.906666666666666,78.9,10.04,16.576666666666668
1937-10-01,65.8,21.85483870967742,9.80967741935484,126.9,12.03225806451613,20.57741935483871
1937-11-01,11.5,26.703333333333333,12.08,176.7,12.43,24.413333333333334
1937-12-01,18.9,27.799999999999997,13.935483870967742,226.6,14.13225806451613,24.783870967741933
1938-01-01,35.2,29.48709677419355,14.845161290322581,245.3,14.058064516129033,25.896774193548385
1938-02-01,21.8,28.314285714285713,14.782142857142857,196.5,14.12857142857143,23.292857142857144
1938-03-01,0.5,27.716129032258067,13.80967741935484,155.4,13.583870967741936,20.112903225806452
1938-04-01,17.8,23.32333333333333,10.826666666666666,83.8,12.036666666666667,15.113333333333335
1938-05-01,11.000000000000002,19.038709677419355,7.72258064516129,44.3,10.996774193548386,9.958064516129031
1938-06-01,74.7,12.916666666666666,4.18,29.1,8.623333333333333,7.663333333333333
1938-07-01,58.9,12.13225806451613,3.267741935483871,31.3,8.264516129032257,8.735483870967743
1938-08-01,36.7,13.780645161290321,4.5,50.1,8.961290322580645,12.193548387096774
1938-09-01,4.8999999999999995,17.753333333333334,5.573333333333333,78.9,9.620000000000001,17.383333333333333
1938-10-01,2.8,23.429032258064513,8.751612903225807,126.9,11.441935483870967,21.13225806451613
1938-11-01,3.5999999999999996,27.23,11.836666666666668,176.7,13.176666666666668,25.86
1938-12-01,0.0,28.677419354838708,12.274193548387096,226.6,11.890322580645162,27.706451612903226
1939-01-01,5.6,33.67741935483871,17.125806451612902,245.3,14.058064516129033,26.712903225806453
1939-02-01,160.99999999999997,31.724999999999998,16.992857142857144,196.5,14.217857142857143,23.178571428571427
1939-03-01,62.3,24.774193548387096,14.2,155.4,15.580645161290322,18.561290322580643
1939-04-01,217.10000000000002,20.566666666666666,11.94,83.8,14.776666666666667,13.18
1939-05-01,19.7,17.887096774193548,7.919354838709677,44.3,12.006451612903225,9.935483870967742
1939-06-01,113.1,12.42,5.4399999999999995,29.1,10.020000000000001,6.8566666666666665
1939-07-01,46.1,11.167741935483871,2.196774193548387,31.3,7.77741935483871,8.493548387096775
1939-08-01,139.4,12.838709677419354,5.896774193548388,50.1,9.790322580645162,10.529032258064515
1939-09-01,42.5,16.403333333333332,5.8100000000000005,78.9,10.133333333333333,16.203333333333333
1939-10-01,58.7,19.6,7.406451612903226,126.9,11.46774193548387,20.467741935483872
1939-11-01,59.8,22.186666666666667,9.586666666666668,176.7,12.71,23.03666666666667
1939-12-01,9.899999999999999,26.5258064516129,10.516129032258064,226.6,11.693548387096774,27.990322580645163
1940-01-01,3.0999999999999996,29.951612903225808,13.925806451612903,245.3,13.838709677419354,26.787096774193547
1940-02-01,1.6,28.599999999999998,12.110344827586207,202.8,12.427586206896551,25.96896551724138
1940-03-01,1.8,31.361290322580647,13.238709677419354,155.4,13.193548387096774,21.141935483870967
1940-04-01,80.6,20.296666666666667,9.163333333333332,83.8,11.83,13.846666666666666
1940-05-01,19.8,15.625806451612902,5.035483870967742,44.3,9.609677419354838,10.119354838709677
1940-06-01,18.0,12.956666666666667,2.7866666666666666,29.1,8.23,7.92
1940-07-01,50.9,13.074193548387097,4.335483870967742,31.3,8.577419354838709,7.870967741935484
1940-08-01,19.3,15.116129032258065,3.1548387096774193,50.1,8.516129032258064,12.506451612903225
1940-09-01,65.9,17.933333333333334,5.556666666666667,78.9,9.886666666666667,16.806666666666665
1940-10-01,10.4,24.361290322580647,8.483870967741936,126.9,11.016129032258064,21.651612903225807
1940-11-01,30.5,23.373333333333335,9.603333333333333,176.7,11.013333333333332,24.063333333333333
1940-12-01,50.400000000000006,29.674193548387095,13.770967741935483,226.6,13.793548387096775,26.293548387096774
1941-01-01,170.8,27.64516129032258,14.616129032258065,245.3,15.077419354838709,25.048387096774192
1941-02-01,7.6,28.12857142857143,14.060714285714285,196.5,14.192857142857145,24.767857142857142
1941-03-01,155.4,23.212903225806453,11.758064516129032,155.4,13.98709677419355,18.129032258064516
1941-04-01,6.6,23.416666666666668,10.896666666666667,83.8,12.129999999999999,14.503333333333334
1941-05-01,22.8,17.17096774193548,5.283870967741936,44.3,9.825806451612904,10.600000000000001
1941-06-01,42.9,13.31,4.17,29.1,8.923333333333334,7.426666666666667
1941-07-01,60.7,12.380645161290323,4.209677419354839,31.3,8.848387096774195,7.996774193548387
1941-08-01,28.4,14.403225806451612,3.987096774193548,50.1,8.719354838709679,11.87741935483871
1941-09-01,57.6,16.743333333333332,5.776666666666667,78.9,10.153333333333334,15.29
1941-10-01,45.5,19.080645161290324,6.409677419354838,126.9,10.383870967741935,22.135483870967743
1941-11-01,27.299999999999997,25.81,10.669999999999998,176.7,12.353333333333333,24.186666666666667
1941-12-01,19.3,28.574193548387097,12.83548387096774,226.6,13.319354838709677,26.503225806451614
1942-01-01,36.8,31.241935483870968,14.480645161290322,245.3,13.95483870967742,27.083870967741937
1942-02-01,59.5,28.739285714285717,15.567857142857141,196.5,15.067857142857141,22.842857142857145
1942-03-01,57.7,26.716129032258067,13.235483870967743,155.4,13.561290322580644,19.567741935483873
1942-04-01,26.2,21.366666666666667,9.636666666666667,83.8,12.379999999999999,14.206666666666667
1942-05-01,80.2,15.696774193548388,9.435483870967742,44.3,12.37741935483871,7.470967741935484
1942-06-01,62.4,13.270000000000001,5.1066666666666665,29.1,9.76,7.1066666666666665
1942-07-01,37.6,12.135483870967741,3.7483870967741937,31.3,8.9,7.964516129032258
1942-08-01,76.2,13.558064516129033,5.225806451612903,50.1,9.929032258064517,10.425806451612903
1942-09-01,32.8,17.19333333333333,5.786666666666666,78.9,10.44,16.096666666666668
1942-10-01,60.3,20.596774193548388,7.738709677419355,126.9,12.219354838709679,20.383870967741935
1942-11-01,59.2,23.83,10.773333333333333,176.7,13.136666666666667,21.33
1942-12-01,6.7,29.258064516129032,14.587096774193547,226.6,15.13225806451613,26.0258064516129
1943-01-01,40.7,30.10967741935484,14.448387096774193,245.3,14.16451612903226,25.770967741935483
1943-02-01,4.1,30.40357142857143,14.567857142857141,196.5,14.37142857142857,22.539285714285715
1943-03-01,1.1,27.86774193548387,12.82258064516129,155.4,13.90967741935484,19.864516129032257
1943-04-01,43.7,19.046666666666667,8.553333333333335,83.8,11.746666666666666,12.273333333333333
1943-05-01,20.5,15.725806451612904,5.403225806451613,44.3,9.880645161290323,8.938709677419356
1943-06-01,36.599999999999994,12.083333333333334,3.3833333333333333,29.1,8.646666666666667,6.546666666666667
1943-07-01,47.599999999999994,11.748387096774193,3.774193548387097,31.3,8.290322580645162,8.112903225806452
1943-08-01,47.4,12.077419354838709,3.3419354838709676,50.1,8.55483870967742,10.570967741935483
1943-09-01,39.699999999999996,16.183333333333334,5.836666666666667,78.9,10.586666666666668,14.593333333333334
1943-10-01,38.9,19.625806451612902,7.770967741935484,126.9,11.583870967741936,20.251612903225805
1943-11-01,10.9,23.076666666666664,9.629999999999999,176.7,12.286666666666667,23.83
1943-12-01,5.5,27.280645161290323,12.19032258064516,226.6,12.69032258064516,27.106451612903225
1944-01-01,1.8,30.68064516129032,14.174193548387096,245.3,13.103225806451613,27.361290322580647
1944-02-01,6.8999999999999995,28.624137931034483,13.306896551724137,202.8,13.37241379310345,24.275862068965516
1944-03-01,10.700000000000001,26.029032258064515,12.27741935483871,155.4,13.225806451612904,19.470967741935485
1944-04-01,42.699999999999996,18.243333333333332,7.89,83.8,10.143333333333334,12.366666666666667
1944-05-01,84.6,14.603225806451613,7.058064516129033,44.3,10.845161290322581,7.387096774193548
1944-06-01,14.5,12.46,2.6533333333333333,29.1,8.176666666666668,7.86
1944-07-01,33.7,12.093548387096773,2.4741935483870967,31.3,8.016129032258064,8.412903225806453
1944-08-01,0.0,14.174193548387096,2.6451612903225805,50.1,8.52258064516129,12.635483870967741
1944-09-01,11.7,19.02,5.1866666666666665,78.9,10.243333333333334,16.43
1944-10-01,25.5,22.09032258064516,8.106451612903227,126.9,10.98709677419355,20.02258064516129
1944-11-01,19.599999999999998,25.653333333333332,11.479999999999999,176.7,11.853333333333333,21.006666666666668
1944-12-01,53.699999999999996,26.73225806451613,12.22258064516129,226.6,12.30967741935484,25.729032258064517
1945-01-01,57.6,28.661290322580644,14.448387096774193,245.3,14.041935483870969,23.154838709677417
1945-02-01,3.3,26.907142857142855,13.725,196.5,13.725,23.010714285714283
1945-03-01,0.8,23.9,10.180645161290323,155.4,11.693548387096774,19.980645161290322
1945-04-01,5.8,21.029999999999998,8.396666666666667,83.8,11.456666666666667,14.323333333333332
1945-05-01,19.099999999999998,16.493548387096773,5.570967741935483,44.3,9.741935483870968,9.619354838709677
1945-06-01,72.4,14.516666666666667,4.8533333333333335,29.1,9.843333333333334,7.096666666666667
1945-07-01,47.0,10.929032258064517,2.7709677419354835,31.3,8.235483870967743,8.335483870967742
1945-08-01,81.0,13.55483870967742,6.190322580645161,50.1,10.261290322580646,10.448387096774193
1945-09-01,33.5,15.7,5.213333333333334,78.9,10.05,15.56
1945-10-01,63.800000000000004,19.816129032258065,7.783870967741935,126.9,11.561290322580644,18.309677419354838
1945-11-01,47.9,24.526666666666664,10.96,176.7,12.72,21.876666666666665
1945-12-01,10.000000000000002,30.183870967741935,13.261290322580646,226.6,13.516129032258064,27.190322580645162
1946-01-01,58.2,30.838709677419356,15.258064516129032,245.3,15.274193548387096,25.996774193548386
1946-02-01,111.5,26.74642857142857,15.057142857142859,196.5,16.12857142857143,20.724999999999998
1946-03-01,35.4,21.716129032258067,11.63225806451613,155.4,13.964516129032257,17.63225806451613
1946-04-01,22.4,19.196666666666665,8.173333333333334,83.8,11.666666666666666,13.92
1946-05-01,26.5,16.42258064516129,5.251612903225807,44.3,9.741935483870968,10.293548387096775
1946-06-01,40.9,12.203333333333335,2.7,29.1,8.05,7.286666666666666
1946-07-01,74.5,12.667741935483871,5.474193548387096,31.3,8.970967741935485,7.583870967741936
1946-08-01,38.6,12.935483870967742,4.361290322580645,50.1,8.76774193548387,11.2
1946-09-01,9.399999999999999,15.993333333333334,4.963333333333334,78.9,9.25,15.95
1946-10-01,37.6,19.532258064516128,6.174193548387097,126.9,10.161290322580646,20.312903225806455
1946-11-01,62.2,24.576666666666664,10.823333333333332,176.7,11.996666666666666,21.616666666666667
1946-12-01,21.9,27.61935483870968,12.780645161290321,226.6,13.493548387096775,25.64516129032258
1947-01-01,8.4,30.203225806451613,14.103225806451613,245.3,13.612903225806452,27.241935483870968
1947-02-01,32.1,30.724999999999998,17.646428571428572,196.5,17.72142857142857,20.514285714285712
1947-03-01,77.4,25.312903225806455,13.341935483870968,155.4,14.225806451612904,18.048387096774192
1947-04-01,8.5,20.886666666666667,9.946666666666665,83.8,12.683333333333334,13.796666666666665
1947-05-01,12.3,19.103225806451615,7.361290322580645,44.3,11.290322580645162,9.925806451612903
1947-06-01,37.400000000000006,13.69,4.716666666666667,29.1,9.05,7.489999999999999
1947-07-01,94.7,11.52258064516129,4.912903225806452,31.3,9.112903225806452,7.464516129032258
1947-08-01,50.699999999999996,12.3,4.019354838709678,50.1,8.658064516129032,11.016129032258064
1947-09-01,66.8,15.973333333333333,6.333333333333333,78.9,10.403333333333334,15.576666666666666
1947-10-01,81.7,18.741935483870968,7.825806451612903,126.9,11.412903225806453,18.758064516129032
1947-11-01,25.900000000000002,21.936666666666667,9.413333333333332,176.7,11.756666666666666,22.15666666666667
1947-12-01,83.1,25.654838709677417,12.80967741935484,226.6,14.709677419354838,23.583870967741937
1948-01-01,6.1,27.916129032258063,13.161290322580646,245.3,13.258064516129032,27.148387096774194
1948-02-01,50.0,29.231034482758623,15.751724137931035,202.8,16.017241379310345,21.696551724137933
1948-03-01,0.5,23.467741935483872,9.3,155.4,11.906451612903227,21.003225806451614
1948-04-01,28.9,20.376666666666665,9.75,83.8,11.93,12.786666666666667
1948-05-01,88.2,14.393548387096773,6.780645161290322,44.3,10.73225806451613,7.9
1948-06-01,71.7,13.053333333333335,3.7800000000000002,29.1,8.983333333333333,7.28
1948-07-01,33.0,11.383870967741935,2.435483870967742,31.3,7.874193548387097,8.02258064516129
1948-08-01,17.4,14.648387096774194,4.180645161290323,50.1,9.2,12.096774193548388
1948-09-01,33.9,17.966666666666665,6.11,78.9,10.516666666666667,16.17
1948-10-01,71.6,19.219354838709677,6.703225806451614,126.9,10.648387096774194,19.870967741935484
1948-11-01,60.1,22.923333333333336,9.53,176.7,11.83,22.71333333333333
1948-12-01,47.3,27.76451612903226,12.703225806451613,226.6,13.138709677419355,22.219354838709677
1949-01-01,11.5,28.229032258064517,14.077419354838709,245.3,13.958064516129031,24.141935483870967
1949-02-01,41.1,26.314285714285713,12.85,196.5,13.153571428571428,21.72142857142857
1949-03-01,70.1,24.22258064516129,13.709677419354838,155.4,15.919354838709678,16.18709677419355
1949-04-01,12.2,19.493333333333332,7.816666666666666,83.8,11.346666666666666,13.836666666666668
1949-05-01,45.9,15.119354838709677,5.838709677419355,44.3,10.26774193548387,8.158064516129032
1949-06-01,36.9,11.520000000000001,2.493333333333333,29.1,8.22,7.12
1949-07-01,36.7,11.990322580645161,4.032258064516129,31.3,8.606451612903227,7.651612903225806
1949-08-01,14.5,14.161290322580646,3.074193548387097,50.1,8.66451612903226,11.719354838709679
1949-09-01,39.9,16.75,4.983333333333333,78.9,10.173333333333334,15.846666666666666
1949-10-01,138.9,19.096774193548388,9.116129032258065,126.9,12.980645161290322,16.13225806451613
1949-11-01,84.6,21.646666666666665,10.646666666666667,176.7,13.616666666666667,19.35666666666667
1949-12-01,8.899999999999999,25.561290322580643,11.14516129032258,226.6,12.116129032258065,24.683870967741935
1950-01-01,3.0,28.506451612903227,13.22258064516129,245.3,13.077419354838709,24.4
1950-02-01,79.1,26.474999999999998,15.060714285714285,196.5,16.15,19.614285714285717
1950-03-01,168.5,24.51290322580645,13.583870967741936,155.4,16.05483870967742,16.293548387096774
1950-04-01,30.2,20.223333333333336,9.556666666666667,83.8,13.13,13.863333333333333
1950-05-01,59.9,16.474193548387095,5.958064516129032,44.3,10.72258064516129,8.641935483870967
1950-06-01,20.599999999999998,12.74,2.94,29.1,8.653333333333334,6.65
1950-07-01,46.099999999999994,13.361290322580645,4.135483870967741,31.3,9.30967741935484,7.393548387096774
1950-08-01,18.9,14.40967741935484,4.364516129032259,50.1,9.619354838709677,10.964516129032257
1950-09-01,39.6,18.040000000000003,6.216666666666667,78.9,11.423333333333334,16.303333333333335
1950-10-01,69.8,20.06451612903226,8.719354838709679,126.9,12.816129032258065,17.729032258064517
1950-11-01,38.6,24.18,10.84,176.7,13.696666666666665,20.89333333333333
1950-12-01,16.5,29.322580645161292,13.419354838709678,226.6,14.180645161290323,27.98709677419355
1951-01-01,24.7,32.016129032258064,15.283870967741937,245.3,15.754838709677419,26.174193548387095
1951-02-01,69.60000000000001,30.060714285714287,15.267857142857142,196.5,15.303571428571429,21.817857142857143
1951-03-01,0.0,28.293548387096774,12.806451612903226,155.4,14.135483870967741,19.91290322580645
1951-04-01,40.199999999999996,17.89,8.483333333333333,83.8,11.25,12.043333333333333
1951-05-01,82.4,15.593548387096773,7.406451612903226,44.3,11.016129032258064,7.945161290322581
1951-06-01,91.0,14.233333333333333,5.7733333333333325,29.1,10.323333333333332,6.2266666666666675
1951-07-01,76.2,11.899999999999999,3.9387096774193546,31.3,8.712903225806452,7.687096774193549
1951-08-01,66.6,12.119354838709677,4.448387096774193,50.1,8.870967741935484,10.067741935483872
1951-09-01,13.6,17.666666666666668,6.386666666666667,78.9,10.833333333333334,14.373333333333333
1951-10-01,70.1,19.419354838709676,7.703225806451614,126.9,11.167741935483871,20.106451612903225
1951-11-01,23.2,23.40666666666667,7.496666666666667,176.7,9.47,23.383333333333333
1951-12-01,9.6,27.787096774193547,11.325806451612904,226.6,11.36774193548387,25.141935483870967
1952-01-01,8.399999999999999,30.64516129032258,13.209677419354838,245.3,12.248387096774193,25.95483870967742
1952-02-01,3.3,29.148275862068964,13.086206896551724,202.8,12.227586206896552,22.317241379310346
1952-03-01,19.799999999999997,27.65806451612903,13.32258064516129,155.4,13.870967741935484,18.374193548387098
1952-04-01,52.8,19.176666666666666,9.95,83.8,12.143333333333334,11.776666666666667
1952-05-01,86.6,15.103225806451613,6.467741935483871,44.3,10.525806451612903,8.303225806451612
1952-06-01,84.39999999999999,12.766666666666667,5.716666666666667,29.1,9.743333333333334,6.2733333333333325
1952-07-01,47.3,11.33548387096774,2.583870967741935,31.3,7.980645161290322,7.941935483870967
1952-08-01,34.7,14.196774193548388,4.267741935483872,50.1,9.003225806451614,11.69032258064516
1952-09-01,39.6,17.166666666666668,5.89,78.9,9.923333333333334,15.426666666666668
1952-10-01,68.3,18.893548387096775,8.319354838709677,126.9,11.438709677419356,16.596774193548388
1952-11-01,93.3,21.44,8.84,176.7,11.553333333333335,22.283333333333335
1952-12-01,42.5,26.26451612903226,12.106451612903227,226.6,13.274193548387096,23.816129032258065
1953-01-01,23.099999999999998,29.112903225806452,14.14516129032258,245.3,13.754838709677419,26.03548387096774
1953-02-01,22.6,29.20357142857143,14.067857142857141,196.5,13.535714285714286,23.5
1953-03-01,4.3,28.664516129032258,12.509677419354839,155.4,12.399999999999999,20.225806451612904
1953-04-01,23.299999999999997,22.146666666666665,9.816666666666666,83.8,12.366666666666667,13.979999999999999
1953-05-01,41.7,17.383870967741935,7.190322580645161,44.3,10.577419354838709,8.519354838709678
1953-06-01,67.0,12.576666666666666,4.34,29.1,8.620000000000001,7.25
1953-07-01,52.9,12.748387096774193,3.2096774193548385,31.3,8.22258064516129,8.66451612903226
1953-08-01,80.0,13.064516129032258,4.138709677419355,50.1,8.87741935483871,10.51290322580645
1953-09-01,64.9,15.933333333333334,5.153333333333333,78.9,9.706666666666667,15.506666666666666
1953-10-01,77.8,19.364516129032257,7.003225806451613,126.9,11.170967741935485,20.393548387096775
1953-11-01,38.4,22.64333333333333,8.653333333333334,176.7,11.053333333333335,23.426666666666666
1953-12-01,3.2,28.193548387096776,10.990322580645161,226.6,10.754838709677419,26.403225806451612
1954-01-01,118.1,30.654838709677417,15.564516129032258,245.3,14.238709677419354,24.948387096774194
1954-02-01,36.9,26.735714285714288,13.178571428571429,196.5,14.432142857142859,22.875
1954-03-01,3.3,25.261290322580646,9.703225806451613,155.4,11.167741935483871,20.848387096774193
1954-04-01,35.0,22.540000000000003,10.166666666666666,83.8,12.113333333333333,12.76
1954-05-01,27.7,16.467741935483872,5.577419354838709,44.3,10.40967741935484,9.48709677419355
1954-06-01,41.5,13.03,4.553333333333333,29.1,8.656666666666666,6.716666666666667
1954-07-01,27.7,13.035483870967743,2.693548387096774,31.3,8.096774193548388,8.235483870967743
1954-08-01,65.5,14.538709677419355,4.138709677419355,50.1,8.903225806451612,11.041935483870969
1954-09-01,27.4,17.39,4.930000000000001,78.9,9.51,16.846666666666668
1954-10-01,32.5,21.519354838709678,8.374193548387098,126.9,10.848387096774195,17.606451612903225
1954-11-01,83.5,23.52,10.43,176.7,12.413333333333332,22.296666666666667
1954-12-01,127.3,27.374193548387098,13.429032258064517,226.6,13.94516129032258,25.57741935483871
1955-01-01,21.8,30.0,15.161290322580646,245.3,13.46774193548387,25.45483870967742
1955-02-01,95.1,28.63214285714286,16.5,196.5,16.842857142857145,18.978571428571428
1955-03-01,42.400000000000006,25.716129032258067,13.851612903225808,155.4,16.26451612903226,17.712903225806453
1955-04-01,8.6,21.726666666666667,9.620000000000001,83.8,11.826666666666666,13.8
1955-05-01,44.5,15.219354838709679,6.206451612903226,44.3,10.058064516129033,8.370967741935484
1955-06-01,83.9,12.746666666666666,4.193333333333333,29.1,9.176666666666668,7.093333333333334
1955-07-01,86.0,11.625806451612902,3.574193548387097,31.3,8.587096774193547,7.1
1955-08-01,91.2,13.851612903225806,5.632258064516129,50.1,9.606451612903227,11.087096774193547
1955-09-01,92.8,16.62,6.11,78.9,11.32,14.24
1955-10-01,90.60000000000001,19.351612903225806,8.390322580645162,126.9,11.858064516129033,18.76451612903226
1955-11-01,37.9,21.676666666666666,7.973333333333333,176.7,11.01,22.076666666666664
1955-12-01,18.4,25.480645161290322,11.035483870967743,226.6,12.90967741935484,24.651612903225807
1956-01-01,99.3,27.638709677419353,13.425806451612903,245.3,13.86774193548387,24.648387096774194
1956-02-01,13.5,31.186206896551724,16.637931034482758,202.8,17.010344827586206,23.24827586206897
1956-03-01,193.5,25.68064516129032,15.612903225806452,155.4,18.193548387096776,15.874193548387096
1956-04-01,98.2,19.696666666666665,10.276666666666667,83.8,13.586666666666668,12.21
1956-05-01,125.1,14.896774193548387,7.490322580645161,44.3,11.66451612903226,7.980645161290322
1956-06-01,73.1,11.913333333333332,4.433333333333334,29.1,9.020000000000001,7.203333333333333
1956-07-01,118.2,11.725806451612904,4.767741935483872,31.3,9.212903225806452,7.083870967741936
1956-08-01,42.5,12.525806451612903,3.635483870967742,50.1,8.47741935483871,11.229032258064517
1956-09-01,63.5,15.943333333333333,5.026666666666667,78.9,10.343333333333334,15.396666666666667
1956-10-01,84.0,17.38064516129032,7.125806451612903,126.9,11.258064516129032,17.69677419354839
1956-11-01,37.9,20.42,7.166666666666667,176.7,11.586666666666668,22.55666666666667
1956-12-01,7.999999999999999,25.748387096774195,9.35483870967742,226.6,10.40967741935484,26.406451612903226
1957-01-01,0.3,31.09032258064516,11.625806451612902,245.3,10.825806451612904,29.661290322580644
1957-02-01,22.1,30.467857142857145,14.25,196.5,13.632142857142856,23.74642857142857
1957-03-01,35.1,26.299999999999997,10.606451612903227,155.4,12.441935483870967,19.683870967741935
1957-04-01,19.9,21.013333333333332,7.62,83.8,10.873333333333333,14.273333333333333
1957-05-01,10.5,16.861290322580647,3.8806451612903223,44.3,8.76774193548387,10.329032258064515
1957-06-01,83.1,17.08,5.903333333333333,29.1,10.04,7.633333333333334
1957-07-01,53.8,12.629032258064516,2.4516129032258065,31.3,8.003225806451614,8.858064516129033
1957-08-01,29.599999999999998,15.461290322580645,3.7129032258064516,50.1,8.635483870967741,12.167741935483871
1957-09-01,26.799999999999997,17.366666666666667,4.72,78.9,9.036666666666667,16.283333333333335
1957-10-01,51.6,20.861290322580647,7.132258064516129,126.9,10.27741935483871,20.748387096774195
1957-11-01,17.2,24.759999999999998,9.146666666666667,176.7,10.296666666666665,24.133333333333333
1957-12-01,47.2,28.961290322580645,13.296774193548387,226.6,11.903225806451612,24.116129032258065
1958-01-01,11.2,29.919354838709676,13.238709677419354,245.3,12.296774193548387,27.383870967741935
1958-02-01,58.8,30.064285714285713,14.0,196.5,14.042857142857143,22.446428571428573
1958-03-01,34.800000000000004,26.138709677419353,11.719354838709679,155.4,12.90967741935484,18.612903225806452
1958-04-01,5.8,24.45,8.75,83.8,11.083333333333334,15.803333333333335
1958-05-01,76.10000000000001,16.94516129032258,9.203225806451613,44.3,11.774193548387096,7.699999999999999
1958-06-01,12.5,13.993333333333334,3.033333333333333,29.1,8.21,8.523333333333333
1958-07-01,79.1,11.896774193548387,3.4064516129032256,31.3,8.32258064516129,7.319354838709677
1958-08-01,129.6,13.503225806451614,5.787096774193548,50.1,9.535483870967743,9.619354838709677
1958-09-01,55.2,16.286666666666665,4.956666666666666,78.9,9.693333333333333,16.016666666666666
1958-10-01,76.6,18.432258064516127,8.103225806451613,126.9,11.103225806451613,17.22258064516129
1958-11-01,35.599999999999994,25.663333333333334,12.146666666666667,176.7,13.41,22.38
1958-12-01,1.6,26.87741935483871,11.583870967741936,226.6,12.574193548387097,26.651612903225804
1959-01-01,39.9,33.8,16.661290322580644,245.3,14.73225806451613,28.44516129032258
1959-02-01,35.1,29.821428571428573,14.75357142857143,196.5,14.674999999999999,23.335714285714285
1959-03-01,61.1,26.183870967741935,12.85483870967742,155.4,14.896774193548387,18.451612903225808
1959-04-01,42.4,22.0,8.456666666666667,83.8,12.006666666666666,14.81
1959-05-01,18.3,17.541935483870965,3.5870967741935487,44.3,9.05483870967742,12.051612903225807
1959-06-01,41.699999999999996,13.923333333333334,4.11,29.1,8.9,7.766666666666667
1959-07-01,30.4,12.503225806451614,2.9322580645161294,31.3,8.096774193548388,8.070967741935483
1959-08-01,38.3,15.135483870967741,4.609677419354839,50.1,8.922580645161291,11.87741935483871
1959-09-01,43.50000000000001,17.05,4.96,78.9,9.43,16.583333333333332
1959-10-01,101.69999999999999,19.864516129032257,8.148387096774194,126.9,10.948387096774193,19.40967741935484
1959-11-01,11.7,28.516666666666666,12.696666666666665,176.7,13.273333333333333,23.986666666666668
1959-12-01,19.8,26.219354838709677,11.380645161290323,226.6,11.758064516129032,25.958064516129035
1960-01-01,56.3,32.34193548387097,16.383870967741935,245.3,15.274193548387096,25.870967741935484
1960-02-01,18.1,27.941379310344825,13.048275862068964,202.8,13.617241379310345,23.372413793103448
1960-03-01,30.7,27.183870967741935,12.570967741935483,155.4,13.116129032258065,19.361290322580647
1960-04-01,35.6,19.89,8.793333333333333,83.8,11.353333333333333,12.110000000000001
1960-05-01,131.6,13.44516129032258,5.680645161290323,44.3,9.83548387096774,8.093548387096774
1960-06-01,26.9,12.616666666666667,2.6,29.1,8.313333333333334,8.706666666666667
1960-07-01,97.39999999999999,11.864516129032259,4.33225806451613,31.3,8.845161290322581,6.82258064516129
1960-08-01,59.2,12.59032258064516,3.238709677419355,50.1,8.625806451612902,11.325806451612904
1960-09-01,104.6,15.746666666666666,6.2266666666666675,78.9,10.413333333333332,13.213333333333333
1960-10-01,23.7,20.36774193548387,7.699999999999999,126.9,11.154838709677419,22.1
1960-11-01,45.8,21.576666666666664,7.783333333333333,176.7,10.493333333333334,23.503333333333334
1960-12-01,41.900000000000006,29.81935483870968,13.53225806451613,226.6,13.606451612903227,26.583870967741937
1961-01-01,13.7,32.406451612903226,15.838709677419354,245.3,14.100000000000001,27.338709677419356
1961-02-01,17.299999999999997,30.010714285714283,14.035714285714286,196.5,13.235714285714286,24.45
1961-03-01,28.4,27.03548387096774,12.3,155.4,13.258064516129032,19.1
1961-04-01,57.2,21.746666666666666,10.003333333333334,83.8,13.110000000000001,11.889999999999999
1961-05-01,16.5,16.574193548387097,3.8451612903225807,44.3,9.787096774193548,10.69032258064516
1961-06-01,35.199999999999996,13.91,4.433333333333334,29.1,9.32,6.9766666666666675
1961-07-01,38.1,12.464516129032257,3.490322580645161,31.3,8.796774193548387,7.47741935483871
1961-08-01,72.0,14.493548387096775,3.47741935483871,50.1,9.058064516129033,11.32258064516129
1961-09-01,40.699999999999996,18.586666666666666,4.923333333333333,78.9,9.886666666666667,18.28666666666667
1961-10-01,27.900000000000002,24.51290322580645,8.54516129032258,126.9,11.658064516129032,22.148387096774194
1961-11-01,18.700000000000003,26.016666666666666,11.406666666666666,176.7,12.84,21.726666666666667
1961-12-01,18.799999999999997,29.490322580645163,13.370967741935484,226.6,12.787096774193548,27.212903225806453
1962-01-01,77.4,30.02258064516129,15.429032258064517,245.3,15.961290322580645,24.322580645161292
1962-02-01,5.1,28.614285714285717,12.914285714285715,196.5,13.978571428571428,25.085714285714285
1962-03-01,25.099999999999998,27.741935483870968,12.416129032258064,155.4,13.52258064516129,20.051612903225806
1962-04-01,12.9,22.59333333333333,7.833333333333333,83.8,10.806666666666667,15.876666666666667
1962-05-01,70.2,14.538709677419355,4.990322580645161,44.3,9.506451612903225,8.370967741935484
1962-06-01,48.699999999999996,13.456666666666667,5.47,29.1,9.91,6.826666666666667
1962-07-01,27.2,13.01290322580645,3.416129032258065,31.3,8.600000000000001,8.348387096774195
1962-08-01,78.0,13.348387096774195,4.048387096774194,50.1,8.758064516129032,10.174193548387096
1962-09-01,42.699999999999996,17.256666666666668,5.6433333333333335,78.9,9.629999999999999,16.85
1962-10-01,43.9,18.651612903225807,6.451612903225806,126.9,9.806451612903226,19.03548387096774
1962-11-01,37.8,25.029999999999998,9.283333333333333,176.7,11.063333333333333,24.163333333333334
1962-12-01,55.2,27.951612903225808,13.37741935483871,226.6,13.36774193548387,23.59032258064516
1963-01-01,79.6,29.05806451612903,14.87741935483871,245.3,15.167741935483871,24.835483870967742
1963-02-01,14.9,28.889285714285712,13.232142857142858,196.5,13.321428571428571,23.692857142857143
1963-03-01,57.9,27.04516129032258,13.364516129032259,155.4,14.029032258064515,18.574193548387097
1963-04-01,17.6,21.88,6.906666666666666,83.8,10.326666666666666,15.456666666666667
1963-05-01,73.1,16.725806451612904,8.274193548387096,44.3,11.754838709677419,7.725806451612903
1963-06-01,74.8,13.026666666666667,4.680000000000001,29.1,9.606666666666666,6.78
1963-07-01,61.3,11.158064516129032,3.1548387096774193,31.3,8.416129032258064,7.261290322580645
1963-08-01,51.4,13.906451612903227,4.109677419354839,50.1,8.748387096774193,11.558064516129033
1963-09-01,54.2,16.62333333333333,6.163333333333333,78.9,10.063333333333333,14.376666666666667
1963-10-01,82.89999999999999,22.822580645161292,10.129032258064516,126.9,13.280645161290321,21.635483870967743
1963-11-01,11.8,24.153333333333332,10.073333333333332,176.7,11.153333333333334,25.066666666666666
1963-12-01,22.0,29.55806451612903,13.27741935483871,226.6,13.241935483870968,24.85483870967742
1964-01-01,4.8,29.05806451612903,11.922580645161291,245.3,11.254838709677419,26.116129032258065
1964-02-01,14.5,28.99655172413793,13.46551724137931,202.8,13.224137931034482,23.24137931034483
1964-03-01,14.2,27.780645161290323,10.629032258064516,155.4,11.429032258064517,20.896774193548385
1964-04-01,80.9,21.896666666666665,9.716666666666667,83.8,12.696666666666665,11.183333333333334
1964-05-01,36.0,15.706451612903225,4.661290322580645,44.3,9.654838709677419,9.180645161290323
1964-06-01,67.4,13.406666666666666,4.34,29.1,9.1,7.430000000000001
1964-07-01,96.5,11.358064516129033,3.641935483870968,31.3,8.525806451612903,7.090322580645162
1964-08-01,34.199999999999996,13.435483870967742,4.754838709677419,50.1,9.264516129032257,9.312903225806451
1964-09-01,91.0,15.91,5.536666666666666,78.9,10.066666666666666,14.263333333333332
1964-10-01,98.9,17.980645161290322,7.151612903225807,126.9,10.696774193548388,19.15806451612903
1964-11-01,10.8,25.173333333333336,9.976666666666667,176.7,12.103333333333333,24.516666666666666
1964-12-01,25.1,24.506451612903227,9.803225806451612,226.6,10.874193548387098,26.04516129032258
1965-01-01,0.0,28.33225806451613,12.129032258064516,245.3,10.98709677419355,28.76774193548387
1965-02-01,0.0,30.892857142857142,14.364285714285714,196.5,12.742857142857144,24.839285714285715
1965-03-01,2.8,26.687096774193545,11.683870967741935,155.4,11.619354838709677,20.877419354838707
1965-04-01,17.2,19.823333333333334,7.79,83.8,10.370000000000001,13.806666666666667
1965-05-01,64.1,16.87741935483871,7.083870967741936,44.3,10.496774193548386,8.380645161290323
1965-06-01,14.1,13.94,3.2733333333333334,29.1,9.036666666666667,8.256666666666668
1965-07-01,53.9,11.52258064516129,2.9709677419354836,31.3,8.712903225806452,7.503225806451613
1965-08-01,80.39999999999999,14.422580645161291,5.135483870967741,50.1,10.83548387096774,10.183870967741935
1965-09-01,71.8,17.983333333333334,7.38,78.9,11.183333333333334,15.683333333333334
1965-10-01,17.8,23.041935483870965,10.029032258064515,126.9,11.803225806451612,20.316129032258065
1965-11-01,55.5,22.706666666666667,9.389999999999999,176.7,9.516666666666667,22.396666666666665
1965-12-01,98.6,28.393548387096775,14.803225806451612,226.6,13.86774193548387,25.851612903225806
1966-01-01,14.6,30.938709677419357,15.612903225806452,245.3,11.525806451612903,24.822580645161292
1966-02-01,55.699999999999996,27.835714285714285,13.539285714285715,196.5,13.707142857142857,23.95357142857143
1966-03-01,65.1,25.44193548387097,12.938709677419356,155.4,13.62258064516129,18.238709677419354
1966-04-01,12.0,20.513333333333332,7.930000000000001,83.8,11.136666666666667,15.226666666666667
1966-05-01,48.1,15.932258064516128,5.158064516129032,44.3,10.506451612903225,8.98709677419355
1966-06-01,30.1,12.323333333333332,2.9833333333333334,29.1,8.496666666666666,7.2
1966-07-01,46.7,11.52258064516129,3.2193548387096773,31.3,8.229032258064516,7.65483870967742
1966-08-01,64.7,13.303225806451612,4.016129032258065,50.1,9.041935483870969,10.980645161290322
1966-09-01,78.9,16.106666666666666,6.406666666666666,78.9,11.2,15.67
1966-10-01,76.9,19.40967741935484,7.690322580645161,126.9,12.803225806451612,19.080645161290324
1966-11-01,71.0,23.970000000000002,10.463333333333333,176.7,12.85,23.37
1966-12-01,172.4,25.948387096774194,13.483870967741936,226.6,13.883870967741935,21.893548387096775
1967-01-01,26.4,28.677419354838708,13.729032258064516,245.3,12.790322580645162,25.106451612903225
1967-02-01,10.2,30.525000000000002,15.367857142857144,196.5,12.828571428571427,24.485714285714288
1967-03-01,27.700000000000003,26.274193548387096,12.506451612903225,155.4,12.790322580645162,19.812903225806455
1967-04-01,6.6,23.16,9.766666666666667,83.8,11.486666666666668,14.936666666666667
1967-05-01,21.1,17.780645161290323,6.532258064516129,44.3,10.109677419354838,10.119354838709677
1967-06-01,57.0,15.803333333333335,6.576666666666667,29.1,10.173333333333334,8.013333333333334
1967-07-01,31.299999999999997,12.790322580645162,3.658064516129032,31.3,8.819354838709677,7.583870967741936
1967-08-01,69.2,13.619354838709677,3.97741935483871,50.1,9.619354838709677,10.390322580645162
1967-09-01,27.4,16.66,5.526666666666667,78.9,10.123333333333333,16.37333333333333
1967-10-01,27.0,22.070967741935487,8.37741935483871,126.9,11.374193548387098,20.24516129032258
1967-11-01,1.8,25.166666666666668,10.173333333333334,176.7,9.663333333333332,25.77
1967-12-01,6.8,26.12258064516129,11.180645161290323,226.6,11.412903225806453,27.580645161290324
1968-01-01,16.3,31.370967741935484,16.322580645161292,245.3,15.96774193548387,24.80322580645161
1968-02-01,0.0,31.593103448275862,17.682758620689654,202.8,14.948275862068966,24.86896551724138
1968-03-01,17.2,27.983870967741936,15.087096774193547,155.4,15.825806451612902,18.41290322580645
1968-04-01,74.3,22.146666666666665,12.066666666666666,83.8,14.370000000000001,11.693333333333333
1968-05-01,126.3,13.783870967741937,7.951612903225806,44.3,11.619354838709677,6.264516129032257
1968-06-01,72.2,11.91,4.973333333333333,29.1,9.953333333333335,6.903333333333333
1968-07-01,64.5,11.154838709677419,3.638709677419355,31.3,8.716129032258063,7.403225806451613
1968-08-01,40.699999999999996,13.183870967741935,5.125806451612903,50.1,9.741935483870968,9.98709677419355
1968-09-01,11.2,15.81,4.8966666666666665,78.9,9.796666666666665,15.743333333333334
1968-10-01,36.8,19.07741935483871,7.516129032258065,126.9,10.567741935483872,18.593548387096774
1968-11-01,31.7,22.796666666666667,10.243333333333334,176.7,10.516666666666667,21.633333333333333
1968-12-01,71.6,27.09032258064516,12.383870967741935,226.6,12.638709677419355,26.406451612903226
1969-01-01,5.1,31.861290322580647,16.719354838709677,245.3,13.53225806451613,26.27741935483871
1969-02-01,79.0,29.103571428571428,17.357142857142858,196.5,16.928571428571427,18.817857142857143
1969-03-01,98.6,24.432258064516127,13.441935483870967,155.4,15.780645161290321,16.990322580645163
1969-04-01,48.699999999999996,20.1,9.57,83.8,13.003333333333334,13.793333333333333
1969-05-01,58.9,15.196774193548388,6.438709677419355,44.3,10.448387096774193,8.82258064516129
1969-06-01,20.099999999999998,13.053333333333335,3.1966666666666668,29.1,8.5,8.123333333333333
1969-07-01,64.1,12.8,4.216129032258064,31.3,9.235483870967743,6.912903225806452
1969-08-01,39.699999999999996,15.316129032258065,4.990322580645161,50.1,9.76774193548387,11.470967741935485
1969-09-01,51.8,14.376666666666667,5.2,78.9,9.496666666666666,14.01
1969-10-01,19.4,21.961290322580645,8.55483870967742,126.9,11.80967741935484,21.138709677419353
1969-11-01,24.7,23.933333333333334,10.5,176.7,11.97,23.08
1969-12-01,38.4,25.55806451612903,11.506451612903225,226.1,11.761290322580646,25.961290322580645
1970-01-01,64.4,27.693548387096776,13.516129032258064,233.8,13.845161290322581,24.46451612903226
1970-02-01,10.399999999999999,30.853571428571428,15.810714285714285,228.5,15.6,24.053571428571427
1970-03-01,70.1,24.625806451612902,11.870967741935484,167.0,13.225806451612904,17.919354838709676
1970-04-01,74.8,20.936666666666667,10.723333333333333,105.5,13.763333333333332,11.993333333333334
1970-05-01,32.6,15.393548387096773,6.264516129032257,53.0,10.899999999999999,8.86774193548387
1970-06-01,51.5,12.803333333333335,5.483333333333333,36.4,9.806666666666667,5.989999999999999
1970-07-01,21.9,11.96774193548387,4.048387096774194,54.3,8.651612903225805,6.948387096774193
1970-08-01,82.6,13.025806451612903,4.548387096774194,64.4,8.958064516129031,10.035483870967743
1970-09-01,64.9,14.25,5.41,84.2,9.129999999999999,12.95
1970-10-01,11.1,19.796774193548387,7.909677419354838,140.9,10.941935483870967,19.629032258064516
1970-11-01,44.4,23.783333333333335,10.44,181.2,11.706666666666667,23.62
1970-12-01,28.9,27.5,13.680645161290323,242.4,12.761290322580646,25.70967741935484
1971-01-01,18.2,29.970967741935485,15.483870967741936,259.6,15.112903225806452,25.438709677419357
1971-02-01,69.1,29.571428571428573,16.607142857142858,186.7,17.442857142857143,22.15357142857143
1971-03-01,33.7,28.15806451612903,15.429032258064517,167.7,17.719354838709677,17.993548387096773
1971-04-01,57.4,22.966666666666665,11.1,108.3,12.313333333333333,12.986666666666668
1971-05-01,46.7,16.335483870967742,7.33225806451613,54.0,10.83548387096774,8.387096774193548
1971-06-01,23.4,12.916666666666666,4.593333333333334,35.800000000000004,9.326666666666666,6.703333333333333
1971-07-01,49.7,12.490322580645161,3.825806451612903,37.5,8.7,7.412903225806452
1971-08-01,42.5,13.274193548387096,4.232258064516128,60.3,8.951612903225806,9.941935483870967
1971-09-01,40.199999999999996,16.426666666666666,5.819999999999999,92.3,10.713333333333333,13.1
1971-10-01,23.299999999999997,18.716129032258067,6.6,154.4,10.2,19.103225806451615
1971-11-01,167.7,22.37,10.136666666666667,151.3,12.196666666666665,21.32
1971-12-01,39.3,26.91290322580645,12.896774193548387,221.7,12.98709677419355,26.551612903225806
1972-01-01,16.5,29.593548387096774,15.129032258064516,205.8,15.141935483870967,23.206451612903226
1972-02-01,88.4,28.120689655172413,16.017241379310345,200.3,15.1,22.279310344827586
1972-03-01,6.8999999999999995,25.280645161290323,11.625806451612902,166.3,13.303225806451612,20.519354838709678
1972-04-01,26.1,20.796666666666667,9.246666666666666,95.4,11.483333333333333,13.733333333333333
1972-05-01,24.2,18.638709677419353,6.958064516129032,59.6,10.083870967741936,10.816129032258065
1972-06-01,16.4,14.56,4.08,43.2,7.569999999999999,8.966666666666667
1972-07-01,23.799999999999997,12.596774193548388,4.019354838709678,48.3,8.548387096774194,7.693548387096774
1972-08-01,53.300000000000004,14.519354838709678,5.97741935483871,66.1,9.051612903225807,9.890322580645162
1972-09-01,9.6,19.566666666666666,6.319999999999999,118.3,9.136666666666667,17.5
1972-10-01,13.8,22.948387096774194,9.558064516129033,152.3,10.612903225806452,22.58709677419355
1972-11-01,25.7,25.183333333333334,11.046666666666665,180.4,11.270000000000001,24.706666666666667
1972-12-01,3.0,30.016129032258064,15.093548387096773,282.9,10.787096774193548,27.96451612903226
1973-01-01,47.7,31.838709677419356,18.174193548387095,263.8,14.925806451612903,24.448387096774194
1973-02-01,166.3,28.29642857142857,17.360714285714288,165.3,18.110714285714288,21.36785714285714
1973-03-01,70.9,23.951612903225808,11.896774193548387,136.4,13.17741935483871,18.29032258064516
1973-04-01,108.39999999999999,20.873333333333335,10.623333333333333,93.8,13.3,13.273333333333333
1973-05-01,68.7,14.980645161290322,7.45483870967742,52.7,10.796774193548387,7.825806451612903
1973-06-01,80.1,12.69,5.47,33.2,9.486666666666668,6.526666666666667
1973-07-01,51.0,13.154838709677419,4.406451612903226,38.6,8.635483870967741,8.529032258064515
1973-08-01,131.6,13.33548387096774,5.609677419354839,43.3,9.564516129032258,9.73225806451613
1973-09-01,55.2,16.75,7.79,73.2,11.24,14.146666666666668
1973-10-01,134.1,20.15806451612903,10.306451612903226,102.7,13.525806451612903,16.919354838709676
1973-11-01,23.8,23.076666666666664,10.860000000000001,151.9,12.29,22.96333333333333
1973-12-01,83.9,28.383870967741935,14.219354838709679,195.8,13.922580645161291,24.706451612903226
1974-01-01,150.1,29.851612903225806,16.703225806451613,198.0,18.651612903225807,25.503225806451614
1974-02-01,33.4,28.767857142857142,15.082142857142857,161.4,16.83214285714286,24.2
1974-03-01,19.0,28.62258064516129,15.629032258064516,131.2,16.63225806451613,18.638709677419353
1974-04-01,179.2,19.56,12.143333333333334,62.1,15.120000000000001,8.55
1974-05-01,115.9,17.335483870967742,8.903225806451612,42.8,12.448387096774193,9.348387096774195
1974-06-01,10.7,13.876666666666667,4.73,28.9,9.596666666666666,7.986666666666666
1974-07-01,68.3,12.358064516129033,4.609677419354839,33.6,9.561290322580644,7.193548387096774
1974-08-01,58.1,13.441935483870967,5.583870967741936,40.2,10.319354838709677,9.470967741935485
1974-09-01,85.5,15.173333333333334,6.816666666666666,67.1,10.84,13.54
1974-10-01,96.4,18.651612903225807,8.670967741935485,84.9,12.135483870967741,17.838709677419356
1974-11-01,38.7,21.853333333333335,9.453333333333335,142.8,13.643333333333334,24.266666666666666
1974-12-01,15.0,26.774193548387096,11.129032258064516,197.1,12.24516129032258,27.44193548387097
1975-01-01,39.0,27.86774193548387,11.76774193548387,220.6,12.703225806451613,27.32903225806452
1975-02-01,22.0,30.935714285714287,15.407142857142857,172.2,15.532142857142857,24.05
1975-03-01,44.0,23.9741935483871,12.506451612903225,113.1,14.312903225806451,17.561290322580643
1975-04-01,12.8,21.96333333333333,9.423333333333334,79.1,11.853333333333333,13.633333333333333
1975-05-01,57.5,16.883870967741935,8.206451612903226,42.1,11.770967741935483,7.422580645161291
1975-06-01,5.4,15.216666666666667,4.316666666666666,37.2,9.286666666666667,8.063333333333334
1975-07-01,63.199999999999996,14.503225806451612,6.048387096774194,57.4,10.174193548387096,7.574193548387097
1975-08-01,90.2,13.548387096774194,5.390322580645161,48.800000000000004,9.964516129032257,9.870967741935484
1975-09-01,113.6,17.55666666666667,7.989999999999999,72.5,12.033333333333333,14.793333333333333
1975-10-01,192.8,18.60967741935484,9.390322580645162,92.4,12.667741935483871,15.996774193548386
1975-11-01,35.800000000000004,24.773333333333333,11.206666666666667,155.0,13.33,24.753333333333334
1975-12-01,128.0,28.72258064516129,14.641935483870967,209.9,15.790322580645162,25.15806451612903
1976-01-01,23.6,28.496774193548386,13.880645161290323,205.1,14.612903225806452,25.293548387096774
1976-02-01,36.1,30.99655172413793,16.513793103448275,183.4,16.982758620689655,22.04137931034483
1976-03-01,9.899999999999999,27.56451612903226,12.087096774193547,167.0,13.8,20.561290322580643
1976-04-01,4.8,21.926666666666666,8.326666666666666,103.1,10.916666666666666,14.57
1976-05-01,11.4,17.32903225806452,3.5806451612903225,56.3,9.14516129032258,10.348387096774195
1976-06-01,14.1,14.639999999999999,2.6866666666666665,38.4,8.620000000000001,7.489999999999999
1976-07-01,29.7,13.519354838709678,1.2129032258064516,36.7,7.603225806451612,8.25483870967742
1976-08-01,30.299999999999997,14.970967741935485,2.6193548387096777,68.3,7.964516129032258,12.103225806451613
1976-09-01,43.8,17.366666666666667,5.473333333333333,89.8,9.28,16.206666666666667
1976-10-01,59.300000000000004,18.870967741935484,7.425806451612903,111.0,10.8,18.02258064516129
1976-11-01,41.5,23.653333333333332,9.576666666666666,167.0,11.870000000000001,24.073333333333334
1976-12-01,30.0,27.47741935483871,11.593548387096773,223.4,11.990322580645161,26.212903225806453
1977-01-01,33.3,30.45483870967742,14.03225806451613,258.1,13.374193548387098,26.683870967741935
1977-02-01,78.8,31.185714285714287,16.075,209.4,15.446428571428571,22.914285714285715
1977-03-01,22.6,25.77741935483871,12.100000000000001,150.5,13.567741935483872,18.59032258064516
1977-04-01,29.8,20.046666666666667,6.296666666666667,85.7,10.616666666666667,15.03
1977-05-01,70.0,16.580645161290324,6.690322580645161,53.6,10.561290322580644,8.22258064516129
1977-06-01,88.1,13.086666666666668,3.6533333333333333,32.8,8.873333333333333,7.336666666666667
1977-07-01,20.9,12.19032258064516,0.864516129032258,34.4,7.354838709677419,9.245161290322581
1977-08-01,12.299999999999999,16.316129032258065,4.180645161290323,69.3,8.712903225806452,11.932258064516128
1977-09-01,35.800000000000004,16.883333333333333,3.4233333333333333,88.2,8.763333333333332,16.893333333333334
1977-10-01,15.8,23.238709677419354,7.980645161290322,152.7,10.600000000000001,20.94193548387097
1977-11-01,22.799999999999997,25.363333333333333,10.063333333333333,197.0,11.133333333333333,24.153333333333332
1977-12-01,9.8,28.738709677419354,12.087096774193547,261.8,11.416129032258064,26.34193548387097
1978-01-01,68.8,28.851612903225806,13.941935483870967,230.8,13.80967741935484,22.306451612903224
1978-02-01,3.0,30.075,13.582142857142857,218.9,13.564285714285715,24.232142857142858
1978-03-01,83.10000000000001,27.638709677419353,14.174193548387096,165.3,14.116129032258065,16.983870967741936
1978-04-01,48.6,21.423333333333336,7.953333333333333,86.4,11.963333333333333,14.726666666666667
1978-05-01,83.5,17.861290322580647,7.509677419354839,54.7,11.225806451612904,8.558064516129033
1978-06-01,51.9,12.953333333333335,4.913333333333333,27.5,9.413333333333332,5.826666666666667
1978-07-01,82.5,11.161290322580646,3.370967741935484,31.3,8.432258064516128,6.790322580645161
1978-08-01,47.6,12.935483870967742,2.9741935483870967,42.2,8.887096774193548,10.46774193548387
1978-09-01,101.8,16.54,6.04,70.3,10.563333333333333,14.583333333333334
1978-10-01,37.4,20.94516129032258,6.919354838709677,124.0,11.283870967741937,20.68064516129032
1978-11-01,89.30000000000001,24.37,10.446666666666667,162.1,12.643333333333334,22.916666666666668
1978-12-01,37.0,26.44516129032258,11.203225806451613,213.1,13.064516129032258,25.916129032258063
1979-01-01,33.0,33.729032258064514,16.02258064516129,282.2,14.980645161290322,27.738709677419354
1979-02-01,0.0,31.12857142857143,15.053571428571429,211.7,14.317857142857141,23.59642857142857
1979-03-01,7.5,27.948387096774194,12.561290322580644,177.4,13.493548387096775,19.961290322580645
1979-04-01,40.5,19.996666666666666,7.53,84.4,11.213333333333333,13.113333333333333
1979-05-01,69.9,16.496774193548386,4.635483870967741,54.8,9.76774193548387,9.63225806451613
1979-06-01,36.4,14.793333333333333,4.986666666666666,32.3,9.870000000000001,6.636666666666667
1979-07-01,18.099999999999998,12.570967741935483,1.3193548387096774,31.1,8.006451612903225,7.861290322580645
1979-08-01,88.5,13.8,3.0806451612903225,48.0,8.783870967741937,10.616129032258065
1979-09-01,104.4,15.83,5.763333333333334,68.7,10.143333333333334,13.066666666666666
1979-10-01,77.2,19.809677419354838,7.841935483870968,104.6,12.029032258064515,18.812903225806455
1979-11-01,58.400000000000006,25.283333333333335,10.573333333333332,173.0,12.786666666666667,23.776666666666664
1979-12-01,0.2,29.23225806451613,11.887096774193548,268.6,11.85483870967742,27.293548387096774
1980-01-01,21.900000000000002,27.85483870967742,12.33548387096774,249.2,12.229032258064517,25.677419354838708
1980-02-01,0.4,30.20689655172414,12.955172413793104,237.4,12.337931034482759,25.103448275862068
1980-03-01,21.2,26.98709677419355,10.261290322580646,177.3,11.861290322580645,20.54516129032258
1980-04-01,68.1,22.346666666666668,8.860000000000001,100.7,11.6,14.06
1980-05-01,30.7,17.86774193548387,6.967741935483871,43.2,11.264516129032257,8.7
1980-06-01,54.5,13.046666666666665,2.8233333333333333,29.2,8.56,7.156666666666666
1980-07-01,61.7,12.87741935483871,2.8419354838709676,31.3,8.606451612903227,8.09032258064516
1980-08-01,36.9,14.887096774193548,3.667741935483871,55.9,9.09032258064516,11.261290322580646
1980-09-01,30.2,18.066666666666666,5.366666666666666,88.8,10.233333333333333,15.656666666666666
1980-10-01,47.3,22.01290322580645,7.558064516129033,128.8,11.374193548387098,21.238709677419354
1980-11-01,22.4,27.083333333333332,10.513333333333332,198.2,11.323333333333332,24.566666666666666
1980-12-01,89.6,29.84193548387097,13.596774193548388,251.4,13.516129032258064,26.674193548387095
1981-01-01,87.5,34.40967741935484,17.161290322580644,281.6,15.996774193548386,26.703225806451613
1981-02-01,15.6,31.914285714285715,16.164285714285715,210.1,16.307142857142857,23.72142857142857
1981-03-01,35.1,25.183870967741935,10.770967741935483,157.0,12.435483870967742,18.648387096774194
1981-04-01,13.3,22.986666666666668,8.46,101.8,12.43,15.17
1981-05-01,63.4,17.032258064516128,6.429032258064516,46.5,10.790322580645162,8.438709677419356
1981-06-01,145.7,12.6,4.703333333333333,30.1,9.4,6.326666666666667
1981-07-01,102.1,11.719354838709679,4.074193548387097,32.5,8.906451612903227,7.058064516129033
1981-08-01,150.2,12.964516129032257,4.341935483870968,49.2,9.074193548387097,10.16451612903226
1981-09-01,23.9,18.40666666666667,6.526666666666667,81.9,10.976666666666667,15.553333333333335
1981-10-01,1.7,21.845161290322583,7.638709677419355,146.6,11.22258064516129,21.796774193548387
1981-11-01,32.300000000000004,24.403333333333332,10.356666666666666,178.6,12.373333333333333,23.43
1981-12-01,16.6,27.883870967741935,12.0,244.4,12.261290322580646,25.880645161290325
1982-01-01,41.7,31.63225806451613,15.996774193548386,271.7,14.5,26.616129032258065
1982-02-01,0.0,30.97142857142857,14.803571428571429,228.5,14.135714285714286,25.12857142857143
1982-03-01,46.7,27.325806451612905,13.261290322580646,158.7,14.461290322580645,18.948387096774194
1982-04-01,15.200000000000001,21.990000000000002,8.233333333333333,94.7,11.553333333333335,15.266666666666667
1982-05-01,28.6,16.467741935483872,5.319354838709677,50.0,9.858064516129033,8.741935483870968
1982-06-01,27.8,12.76,0.7666666666666667,29.400000000000002,7.55,8.426666666666668
1982-07-01,10.2,12.496774193548386,-1.1548387096774193,32.4,6.632258064516129,9.638709677419355
1982-08-01,7.3,18.17096774193548,2.9419354838709677,65.1,8.596774193548388,13.393548387096773
1982-09-01,26.4,17.636666666666667,4.133333333333334,95.2,8.556666666666667,16.53666666666667
1982-10-01,7.0,21.41290322580645,6.229032258064516,166.8,8.880645161290323,21.848387096774193
1982-11-01,6.2,29.02,10.616666666666667,245.1,9.9,27.336666666666666
1982-12-01,5.4,29.187096774193545,13.332258064516129,270.5,12.325806451612904,26.041935483870965
1983-01-01,0.2,29.287096774193547,12.17741935483871,286.1,11.196774193548388,28.032258064516128
1983-02-01,6.4,33.675,16.414285714285715,252.9,13.985714285714286,24.13214285714286
1983-03-01,64.3,27.95483870967742,15.058064516129033,176.9,14.8,17.01290322580645
1983-04-01,65.2,19.083333333333332,7.683333333333334,78.4,11.22,13.053333333333335
1983-05-01,84.3,16.380645161290325,7.867741935483871,37.9,11.73225806451613,7.703225806451614
1983-06-01,40.0,12.346666666666666,3.35,23.3,9.18,6.413333333333333
1983-07-01,100.8,11.229032258064517,3.1451612903225805,27.6,8.670967741935485,6.793548387096774
1983-08-01,84.0,14.070967741935483,4.838709677419355,43.7,9.703225806451613,10.23225806451613
1983-09-01,101.30000000000001,16.51,6.043333333333334,69.3,10.69,13.853333333333333
1983-10-01,45.0,20.258064516129032,8.019354838709678,107.39999999999999,12.112903225806452,18.583870967741937
1983-11-01,22.599999999999998,23.55,9.943333333333333,150.4,12.516666666666667,20.61
1983-12-01,23.2,28.75483870967742,12.787096774193548,240.29999999999998,13.22258064516129,26.480645161290322
1984-01-01,107.0,26.9741935483871,13.203225806451613,211.6,14.59032258064516,23.906451612903226
1984-02-01,26.2,29.52758620689655,13.33448275862069,206.2,14.46896551724138,24.33103448275862
1984-03-01,28.299999999999997,24.496774193548386,9.541935483870969,152.1,12.05483870967742,19.532258064516128
1984-04-01,44.5,21.253333333333334,7.453333333333333,82.6,11.523333333333333,13.833333333333334
1984-05-01,6.6,17.593548387096774,3.729032258064516,49.5,9.370967741935484,10.516129032258064
1984-06-01,15.9,15.026666666666667,2.0233333333333334,33.199999999999996,8.22,8.406666666666666
1984-07-01,75.7,11.761290322580646,2.3483870967741933,30.7,8.270967741935483,6.880645161290323
1984-08-01,111.2,14.019354838709678,5.490322580645161,52.5,9.667741935483871,10.04516129032258
1984-09-01,50.5,15.376666666666667,5.180000000000001,68.9,9.496666666666666,13.866666666666667
1984-10-01,48.6,20.61935483870968,7.354838709677419,133.1,11.067741935483872,21.241935483870968
1984-11-01,18.0,25.35666666666667,10.636666666666667,190.1,12.146666666666667,24.296666666666667
1984-12-01,34.4,26.806451612903224,10.66451612903226,252.9,10.970967741935485,27.26774193548387
1985-01-01,9.0,29.5,12.383870967741935,276.9,11.880645161290323,27.47741935483871
1985-02-01,3.5999999999999996,29.942857142857143,13.24642857142857,227.4,12.903571428571428,24.157142857142855
1985-03-01,34.5,28.04516129032258,14.141935483870967,165.0,14.883870967741935,18.654838709677417
1985-04-01,30.6,22.353333333333335,9.386666666666667,82.7,12.996666666666666,13.74
1985-05-01,44.400000000000006,17.46451612903226,5.229032258064516,52.8,10.33548387096774,9.53225806451613
1985-06-01,29.2,12.123333333333333,2.1333333333333333,25.0,8.7,6.58
1985-07-01,17.9,13.048387096774194,0.8612903225806451,37.3,7.448387096774193,9.219354838709679
1985-08-01,113.8,13.338709677419354,4.287096774193548,43.6,9.151612903225805,9.629032258064516
1985-09-01,49.6,16.86,4.516666666666667,82.5,9.373333333333333,17.123333333333335
1985-10-01,76.0,21.177419354838708,7.996774193548387,127.3,11.325806451612904,20.177419354838708
1985-11-01,63.2,24.63,10.946666666666665,164.2,12.93,23.553333333333335
1985-12-01,54.8,24.635483870967743,12.558064516129033,183.1,13.912903225806453,22.496774193548386
1986-01-01,1.0,27.37741935483871,11.90967741935484,223.7,11.948387096774193,27.509677419354837
1986-02-01,14.200000000000001,28.175,12.757142857142856,189.8,12.471428571428572,25.04642857142857
1986-03-01,0.0,29.770967741935483,12.887096774193548,179.0,13.235483870967743,20.874193548387098
1986-04-01,59.5,21.436666666666667,8.603333333333333,97.4,10.783333333333333,13.95
1986-05-01,63.6,16.738709677419354,6.061290322580645,42.2,10.95483870967742,8.941935483870967
1986-06-01,24.599999999999998,12.43,1.9466666666666665,25.1,8.193333333333333,7.1033333333333335
1986-07-01,119.5,11.274193548387096,2.9741935483870967,29.4,8.77741935483871,6.890322580645161
1986-08-01,61.1,14.641935483870967,3.7,52.1,8.919354838709678,11.47741935483871
1986-09-01,75.0,16.426666666666666,5.863333333333333,66.0,10.139999999999999,13.463333333333333
1986-10-01,98.9,17.57741935483871,6.867741935483871,94.1,10.667741935483871,17.67096774193548
1986-11-01,13.9,23.746666666666666,9.436666666666667,160.0,11.716666666666667,25.16
1986-12-01,56.3,24.96451612903226,10.96774193548387,183.4,11.503225806451614,24.203225806451613
1987-01-01,17.0,27.690322580645162,11.506451612903225,239.6,12.406451612903227,26.77741935483871
1987-02-01,24.099999999999998,29.714285714285715,13.239285714285714,204.0,13.517857142857142,24.52857142857143
1987-03-01,20.3,24.24516129032258,9.816129032258065,148.7,11.316129032258065,20.032258064516128
1987-04-01,31.4,22.853333333333335,8.496666666666666,93.4,11.383333333333333,14.583333333333334
1987-05-01,27.5,16.306451612903224,6.006451612903226,45.2,10.583870967741936,8.36774193548387
1987-06-01,87.60000000000001,14.34,4.463333333333334,29.1,9.51,6.743333333333334
1987-07-01,58.2,12.16451612903226,1.7806451612903225,29.2,7.970967741935484,7.922580645161291
1987-08-01,30.7,14.548387096774194,4.841935483870968,46.1,9.464516129032257,10.7
1987-09-01,24.5,18.3,5.55,86.1,9.92,16.553333333333335
1987-10-01,29.900000000000002,20.548387096774192,6.806451612903226,128.3,10.506451612903225,21.40967741935484
1987-11-01,29.6,25.28666666666667,10.956666666666667,183.3,11.376666666666667,24.763333333333332
1987-12-01,29.5,27.87741935483871,11.890322580645162,236.6,12.238709677419354,26.635483870967743
1988-01-01,27.8,32.5258064516129,15.567741935483872,265.4,13.961290322580645,27.1
1988-02-01,9.6,29.50689655172414,12.241379310344827,215.5,12.03793103448276,25.520689655172415
1988-03-01,69.60000000000001,27.238709677419354,12.26774193548387,161.2,12.990322580645161,19.461290322580645
1988-04-01,57.1,23.476666666666667,10.129999999999999,96.4,12.67,15.05
1988-05-01,111.10000000000001,17.64516129032258,8.319354838709677,42.7,12.26774193548387,8.212903225806452
1988-06-01,72.2,13.826666666666666,4.416666666666667,27.6,9.566666666666666,7.21
1988-07-01,52.6,13.296774193548387,4.290322580645161,30.2,9.358064516129033,7.170967741935484
1988-08-01,23.1,14.525806451612903,4.303225806451613,50.5,9.2,11.55483870967742
1988-09-01,70.2,17.696666666666665,5.64,78.6,10.493333333333334,16.183333333333334
1988-10-01,23.400000000000002,20.700000000000003,7.554838709677419,137.3,10.612903225806452,20.838709677419356
1988-11-01,111.0,23.27,10.306666666666667,160.6,11.84,23.03666666666667
1988-12-01,133.6,27.770967741935483,13.980645161290322,187.5,15.370967741935484,23.82903225806452
1989-01-01,10.1,28.112903225806452,13.490322580645161,221.7,13.577419354838709,27.416129032258063
1989-02-01,18.7,29.942857142857143,14.225,200.4,14.085714285714285,24.974999999999998
1989-03-01,194.0,26.729032258064517,14.225806451612904,142.8,14.98709677419355,17.806451612903224
1989-04-01,128.6,21.513333333333332,10.823333333333332,63.4,14.206666666666667,12.8
1989-05-01,68.7,17.70967741935484,8.619354838709677,36.8,12.154838709677419,8.274193548387096
1989-06-01,60.9,12.286666666666667,3.5733333333333333,24.5,8.986666666666668,6.556666666666667
1989-07-01,50.6,11.751612903225807,2.583870967741935,28.5,8.345161290322581,7.374193548387097
1989-08-01,94.5,12.509677419354839,3.2161290322580647,40.3,8.641935483870967,9.658064516129032
1989-09-01,27.7,16.87666666666667,5.153333333333333,74.4,9.893333333333334,16.676666666666666
1989-10-01,47.6,19.848387096774193,6.764516129032257,117.2,10.380645161290323,20.23225806451613
1989-11-01,62.6,25.746666666666666,11.223333333333333,160.9,13.07,24.706666666666667
1989-12-01,15.2,28.4,12.16451612903226,227.1,12.709677419354838,26.77741935483871
1990-01-01,16.7,30.299999999999997,14.52258064516129,247.6,13.041935483870969,26.270967741935483
1990-02-01,56.900000000000006,28.303571428571427,14.307142857142859,161.4,14.903571428571428,21.807142857142857
1990-03-01,10.0,28.129032258064516,13.180645161290323,176.7,13.548387096774194,21.06451612903226
1990-04-01,77.5,21.803333333333335,10.796666666666665,83.0,13.223333333333333,12.433333333333334
1990-05-01,53.9,17.032258064516128,5.719354838709678,47.7,10.238709677419354,9.951612903225806
1990-06-01,53.4,12.583333333333334,3.4566666666666666,26.1,8.806666666666667,6.48
1990-07-01,99.1,12.141935483870967,5.119354838709677,27.5,9.47741935483871,6.361290322580645
1990-08-01,82.6,13.083870967741936,4.564516129032258,45.1,8.912903225806453,10.04516129032258
1990-09-01,32.5,17.07,5.5633333333333335,76.2,9.8,16.396666666666665
1990-10-01,30.4,21.33225806451613,8.280645161290321,126.7,11.45483870967742,20.651612903225807
1990-11-01,11.0,25.706666666666667,10.273333333333333,189.9,11.686666666666667,25.68
1990-12-01,7.8,29.374193548387098,13.416129032258064,246.4,12.82258064516129,25.625806451612902
1991-01-01,120.0,30.55483870967742,15.706451612903226,249.0,15.912903225806453,27.187096774193545
1991-02-01,1.4,31.02857142857143,13.342857142857143,220.3,13.4,27.614285714285717
1991-03-01,4.6,26.467741935483872,11.312903225806451,165.9,12.064516129032258,19.690322580645162
1991-04-01,17.8,21.39,7.316666666666666,90.7,10.976666666666667,14.47
1991-05-01,5.2,18.23548387096774,4.506451612903225,48.2,9.770967741935483,10.838709677419354
1991-06-01,137.9,14.76,7.556666666666667,29.5,11.366666666666667,5.236666666666666
1991-07-01,79.2,12.603225806451613,3.6516129032258067,30.7,9.135483870967741,7.47741935483871
1991-08-01,70.9,13.167741935483871,3.596774193548387,46.4,8.922580645161291,9.348387096774195
1991-09-01,72.0,15.93,5.373333333333333,70.8,10.09,14.516666666666667
1991-10-01,0.4,22.903225806451612,8.329032258064515,144.6,11.5,23.561290322580643
1991-11-01,9.5,24.363333333333333,8.693333333333333,190.1,10.42,25.233333333333334
1991-12-01,77.19999999999999,26.94516129032258,12.345161290322581,206.6,12.422580645161291,24.851612903225806
1992-01-01,11.8,26.94516129032258,12.329032258064515,234.9,12.061290322580644,29.693548387096776
1992-02-01,30.9,28.2448275862069,13.875862068965516,191.2,13.50344827586207,24.5
1992-03-01,44.6,27.55483870967742,13.80967741935484,151.1,14.69032258064516,19.258064516129032
1992-04-01,36.9,22.133333333333333,9.520000000000001,92.8,11.67,13.686666666666667
1992-05-01,105.1,16.441935483870967,6.183870967741935,40.2,11.067741935483872,9.193548387096774
1992-06-01,31.2,13.1,3.7,26.4,9.22,7.066666666666666
1992-07-01,39.3,12.274193548387096,2.5870967741935487,31.6,8.451612903225806,7.664516129032258
1992-08-01,93.3,12.570967741935483,2.6451612903225805,43.1,8.483870967741936,9.2
1992-09-01,135.4,14.546666666666665,5.116666666666666,59.6,9.65,12.82
1992-10-01,92.4,19.951612903225808,9.009677419354839,106.4,12.100000000000001,20.219354838709677
1992-11-01,99.3,21.023333333333333,9.253333333333334,130.2,12.053333333333335,23.38
1992-12-01,87.7,25.932258064516127,14.396774193548387,135.1,15.287096774193548,22.0258064516129
1993-01-01,114.6,29.074193548387097,14.896774193548387,192.2,16.932258064516127,25.125806451612902
1993-02-01,41.4,28.07857142857143,14.442857142857141,170.8,15.846428571428572,23.275000000000002
1993-03-01,84.7,24.690322580645162,11.903225806451612,116.1,14.758064516129032,18.02258064516129
1993-04-01,0.9,23.470000000000002,8.516666666666667,84.9,12.116666666666667,15.126666666666667
1993-05-01,39.2,17.080645161290324,4.987096774193549,40.7,10.529032258064515,9.106451612903227
1993-06-01,29.2,12.986666666666668,3.5733333333333333,28.9,8.870000000000001,7.21
1993-07-01,98.4,13.274193548387096,3.896774193548387,31.0,9.37741935483871,6.935483870967742
1993-08-01,36.6,15.438709677419356,4.219354838709678,48.800000000000004,9.548387096774194,9.996774193548386
1993-09-01,124.6,16.96333333333333,7.036666666666666,72.2,10.806666666666667,13.983333333333333
1993-10-01,158.4,18.774193548387096,7.119354838709678,104.2,11.261290322580646,19.190322580645162
1993-11-01,35.8,23.483333333333334,9.41,161.2,12.106666666666666,26.063333333333333
1993-12-01,60.2,25.72258064516129,11.819354838709677,183.70000000000002,13.351612903225806,24.538709677419355
1994-01-01,16.8,28.729032258064517,12.332258064516129,227.0,13.064516129032258,26.903225806451612
1994-02-01,69.0,29.55,16.092857142857145,167.6,16.825,21.95357142857143
1994-03-01,55.0,24.103225806451615,10.390322580645162,126.6,13.341935483870968,20.43548387096774
1994-04-01,12.0,22.08,8.12,93.6,11.4,14.78
1994-05-01,18.8,17.29032258064516,5.838709677419355,56.7,9.774193548387096,8.64516129032258
1994-06-01,43.5,14.116666666666667,4.503333333333333,29.8,9.44,6.609999999999999
1994-07-01,26.2,13.541935483870969,1.8967741935483873,32.300000000000004,8.1,9.0
1994-08-01,8.6,14.103225806451613,1.3806451612903226,54.199999999999996,7.82258064516129,13.948387096774193
1994-09-01,20.7,16.306666666666665,3.45,81.0,8.72,13.806666666666667
1994-10-01,19.7,21.41290322580645,7.02258064516129,143.3,10.238709677419354,20.425806451612903
1994-11-01,23.8,24.313333333333333,10.313333333333333,191.0,11.163333333333332,22.783333333333335
1994-12-01,3.8000000000000003,31.206451612903226,14.13225806451613,272.5,12.351612903225806,29.038709677419355
1995-01-01,166.4,29.55483870967742,16.206451612903226,220.0,15.964516129032257,24.648387096774194
1995-02-01,11.2,29.37857142857143,14.735714285714286,192.0,14.375,25.910714285714285
1995-03-01,0.0,24.72258064516129,10.935483870967742,173.7,12.035483870967743,20.980645161290322
1995-04-01,46.3,18.546666666666667,6.1433333333333335,81.3,10.266666666666667,13.306666666666667
1995-05-01,121.6,16.258064516129032,6.593548387096774,40.1,11.061290322580644,9.100000000000001
1995-06-01,89.6,13.123333333333333,4.59,34.8,9.33,7.303333333333333
1995-07-01,141.4,10.735483870967743,3.5806451612903225,29.5,8.841935483870968,7.04516129032258
1995-08-01,17.5,15.541935483870969,3.358064516129032,51.7,9.235483870967743,12.712903225806452
1995-09-01,47.1,16.473333333333333,4.27,70.0,9.889999999999999,15.49
1995-10-01,62.6,20.13225806451613,7.119354838709677,116.6,11.14516129032258,19.951612903225808
1995-11-01,39.9,23.516666666666666,10.726666666666667,149.4,12.59,20.69
1995-12-01,3.8,26.129032258064516,10.125806451612902,221.5,11.225806451612904,28.44193548387097
1996-01-01,51.6,28.98709677419355,14.251612903225807,231.5,15.209677419354838,27.47741935483871
1996-02-01,48.0,26.848275862068967,12.296551724137931,180.1,12.886206896551723,24.20344827586207
1996-03-01,26.2,25.36774193548387,11.503225806451614,150.4,13.303225806451612,20.5
1996-04-01,45.5,18.833333333333332,6.46,72.9,10.92,13.120000000000001
1996-05-01,28.6,17.348387096774193,5.187096774193549,43.6,10.858064516129033,9.641935483870967
1996-06-01,120.9,13.906666666666666,3.2333333333333334,30.3,9.44,6.953333333333333
1996-07-01,86.0,11.448387096774193,3.8741935483870966,25.2,9.203225806451613,6.532258064516129
1996-08-01,68.8,13.635483870967741,5.183870967741935,47.4,9.654838709677419,9.996774193548386
1996-09-01,73.2,16.026666666666667,5.223333333333333,78.0,9.836666666666668,14.676666666666668
1996-10-01,37.0,20.396774193548385,7.6,123.1,12.312903225806451,22.051612903225806
1996-11-01,19.2,22.006666666666668,8.043333333333333,168.6,10.71,26.043333333333333
1996-12-01,24.799999999999997,26.15806451612903,10.364516129032259,217.8,11.351612903225806,26.419354838709676
1997-01-01,29.2,30.88064516129032,14.87741935483871,247.2,13.44516129032258,28.95483870967742
1997-02-01,7.4,33.58571428571428,17.492857142857144,219.9,15.914285714285715,25.985714285714288
1997-03-01,12.399999999999999,25.283870967741933,10.55483870967742,157.8,12.36774193548387,20.864516129032257
1997-04-01,6.6,22.453333333333333,6.363333333333333,95.8,10.389999999999999,15.026666666666667
1997-05-01,74.0,16.80322580645161,6.129032258064516,49.8,10.40967741935484,9.0
1997-06-01,32.1,14.206666666666667,3.3233333333333333,34.2,8.746666666666666,8.206666666666667
1997-07-01,12.399999999999999,12.829032258064515,0.13548387096774195,35.5,7.464516129032258,8.783870967741937
1997-08-01,62.4,13.45483870967742,2.2129032258064516,48.5,8.36774193548387,10.551612903225807
1997-09-01,58.2,17.209999999999997,5.386666666666667,72.5,10.506666666666666,15.56
1997-10-01,21.4,21.82903225806452,6.967741935483871,145.5,10.441935483870967,21.835483870967742
1997-11-01,44.6,26.740000000000002,10.766666666666667,193.9,11.79,26.823333333333334
1997-12-01,7.4,29.509677419354837,12.87741935483871,264.8,11.845161290322581,29.716129032258067
1998-01-01,22.7,31.061290322580643,15.96774193548387,255.8,14.858064516129033,25.861290322580647
1998-02-01,28.0,30.603571428571428,13.117857142857144,221.3,12.671428571428573,26.292857142857144
1998-03-01,2.0,28.087096774193547,11.27741935483871,196.0,11.212903225806452,21.89032258064516
1998-04-01,71.6,20.80666666666667,7.516666666666667,91.5,10.896666666666667,14.29
1998-05-01,5.6000000000000005,17.212903225806453,5.554838709677419,49.8,10.441935483870967,10.119354838709677
1998-06-01,47.9,13.370000000000001,3.4833333333333334,34.3,8.993333333333334,7.1
1998-07-01,75.2,11.609677419354838,2.454838709677419,28.900000000000002,8.364516129032259,7.306451612903226
1998-08-01,20.9,15.393548387096773,4.5,50.2,9.7,11.32258064516129
1998-09-01,72.6,17.686666666666667,6.5,74.3,11.353333333333332,13.803333333333335
1998-10-01,47.8,18.858064516129033,6.819354838709677,123.3,10.606451612903227,20.33225806451613
1998-11-01,90.8,23.566666666666666,9.463333333333333,163.2,11.376666666666667,25.866666666666667
1998-12-01,4.8,29.154838709677417,12.896774193548387,234.6,12.983870967741936,29.93548387096774
1999-01-01,14.6,33.57096774193548,17.63225806451613,262.3,16.203225806451613,27.006451612903227
1999-02-01,4.8,30.164285714285715,15.25357142857143,194.0,13.825000000000001,23.967857142857145
1999-03-01,65.1,25.970967741935485,12.558064516129033,153.3,14.248387096774193,20.01290322580645
1999-04-01,50.0,20.77,6.016666666666667,84.3,10.653333333333334,16.48
1999-05-01,119.0,17.551612903225806,5.800000000000001,50.800000000000004,10.658064516129032,9.19032258064516
1999-06-01,45.2,13.83,3.7333333333333334,28.0,9.316666666666666,8.07
1999-07-01,36.2,13.890322580645162,3.4225806451612906,31.6,8.858064516129033,8.687096774193549
1999-08-01,84.60000000000001,14.996774193548386,4.096774193548387,51.6,9.761290322580646,11.212903225806452
1999-09-01,29.800000000000004,18.71333333333333,6.62,86.0,11.433333333333334,15.223333333333333
1999-10-01,31.3,21.009677419354837,8.464516129032258,114.7,12.396774193548387,19.603225806451615
1999-11-01,53.8,23.17,8.283333333333333,164.1,10.860000000000001,26.496666666666666
1999-12-01,76.2,26.81935483870968,12.516129032258064,205.4,13.02258064516129,26.683870967741935
2000-01-01,9.0,27.76451612903226,13.154838709677419,214.7,12.948387096774193,27.529032258064515
2000-02-01,34.6,32.12758620689655,16.631034482758622,207.9,15.382758620689655,23.637931034482758
2000-03-01,18.8,27.261290322580646,13.76774193548387,150.1,14.680645161290323,18.799999999999997
2000-04-01,32.800000000000004,22.05,8.903333333333334,84.1,13.013333333333332,14.42
2000-05-01,70.0,15.374193548387098,5.212903225806452,38.0,10.609677419354838,9.109677419354838
2000-06-01,67.4,12.520000000000001,3.2233333333333336,25.3,9.1,6.5633333333333335
2000-07-01,55.0,12.583870967741936,2.92258064516129,33.6,8.812903225806451,7.696774193548387
2000-08-01,66.6,13.861290322580645,3.0999999999999996,44.1,9.23225806451613,10.335483870967742
2000-09-01,60.6,16.84,6.2,72.4,11.139999999999999,13.69
2000-10-01,44.4,19.14516129032258,7.187096774193549,105.2,11.37741935483871,19.796774193548387
2000-11-01,72.2,25.85666666666667,12.933333333333334,163.5,15.020000000000001,25.11
2000-12-01,9.0,29.190322580645162,11.948387096774193,243.7,12.306451612903226,29.483870967741936
2001-01-01,45.4,33.599999999999994,17.348387096774193,248.8,15.296774193548387,25.683870967741935
2001-02-01,45.4,31.089285714285715,16.45357142857143,183.7,16.557142857142857,24.182142857142857
2001-03-01,29.6,25.822580645161292,11.290322580645162,149.8,12.993548387096775,19.983870967741936
2001-04-01,38.2,22.276666666666664,7.836666666666667,92.9,11.04,14.833333333333334
2001-05-01,13.6,17.43548387096774,4.603225806451612,47.0,10.161290322580646,10.374193548387098
2001-06-01,46.800000000000004,14.326666666666666,4.373333333333333,30.5,9.666666666666666,7.4
2001-07-01,39.6,14.01290322580645,3.193548387096774,34.5,9.296774193548387,8.041935483870969
2001-08-01,38.0,14.696774193548388,3.9096774193548387,59.5,9.003225806451614,10.993548387096775
2001-09-01,43.0,19.6,6.836666666666667,86.1,11.816666666666666,15.133333333333333
2001-10-01,89.0,18.932258064516127,6.983870967741935,106.9,11.251612903225807,19.14516129032258
2001-11-01,19.0,23.736666666666668,9.076666666666666,168.3,11.35,26.83
2001-12-01,11.2,25.761290322580646,10.058064516129033,222.4,10.72258064516129,26.967741935483872
2002-01-01,8.4,29.541935483870965,13.30967741935484,243.7,12.629032258064516,28.529032258064515
2002-02-01,43.800000000000004,27.553571428571427,13.764285714285714,174.1,14.37142857142857,23.532142857142855
2002-03-01,34.8,27.32903225806452,11.658064516129032,175.79999999999998,12.212903225806452,22.106451612903225
2002-04-01,10.799999999999999,24.173333333333336,9.766666666666667,93.9,13.086666666666668,14.686666666666667
2002-05-01,19.400000000000002,18.583870967741937,5.061290322580645,53.2,10.161290322580646,10.425806451612903
2002-06-01,42.8,14.216666666666667,4.09,36.4,9.186666666666667,7.616666666666666
2002-07-01,18.8,13.816129032258065,3.0161290322580645,42.8,8.432258064516128,8.52258064516129
2002-08-01,33.4,15.490322580645161,2.638709677419355,60.6,8.474193548387097,12.193548387096774
2002-09-01,38.199999999999996,18.703333333333333,4.913333333333333,104.7,9.326666666666666,16.87333333333333
2002-10-01,14.600000000000001,22.15806451612903,7.080645161290323,160.1,9.174193548387096,22.73225806451613
2002-11-01,17.6,28.236666666666668,10.533333333333333,208.8,10.826666666666666,25.146666666666665
2002-12-01,5.6,29.870967741935484,12.67741935483871,262.6,11.241935483870968,27.738709677419354
2003-01-01,33.4,32.00967741935484,14.803225806451612,285.1,11.990322580645161,29.374193548387098
2003-02-01,35.199999999999996,31.271428571428572,15.571428571428571,204.0,14.442857142857141,24.760714285714283
2003-03-01,1.4,26.861290322580647,11.338709677419354,170.3,12.041935483870969,21.177419354838708
2003-04-01,39.2,21.77,9.473333333333333,90.0,12.04,14.126666666666667
2003-05-01,102.2,17.519354838709678,5.758064516129032,48.2,10.712903225806452,10.406451612903227
2003-06-01,45.4,13.276666666666667,4.97,31.8,9.846666666666666,6.286666666666666
2003-07-01,96.0,12.758064516129032,3.4225806451612906,33.6,8.961290322580645,8.59032258064516
2003-08-01,69.5,12.825806451612904,3.193548387096774,46.4,8.970967741935485,10.577419354838709
2003-09-01,32.3,15.546666666666665,4.093333333333333,73.1,9.816666666666666,15.773333333333333
2003-10-01,68.8,17.66774193548387,5.361290322580645,100.0,10.361290322580645,19.77741935483871
2003-11-01,40.9,25.673333333333336,9.270000000000001,171.4,11.603333333333333,26.186666666666667
2003-12-01,80.5,29.716129032258067,13.73225806451613,211.4,14.509677419354839,27.79032258064516
2004-01-01,6.6,28.996774193548386,11.932258064516128,230.8,12.883870967741935,28.88064516129032
2004-02-01,4.199999999999999,32.07241379310345,14.244827586206897,214.9,13.313793103448276,24.224137931034484
2004-03-01,4.6,28.074193548387097,10.751612903225807,177.9,11.703225806451613,21.393548387096775
2004-04-01,13.8,22.573333333333334,8.703333333333335,98.0,11.110000000000001,13.983333333333333
2004-05-01,31.6,16.380645161290325,3.9612903225806453,47.8,9.90967741935484,10.067741935483872
2004-06-01,53.800000000000004,13.006666666666666,4.489999999999999,31.6,9.57,6.816666666666666
2004-07-01,51.6,12.096774193548388,2.925806451612903,34.6,8.819354838709677,7.958064516129033
2004-08-01,49.6,14.509677419354839,3.8129032258064517,52.6,9.290322580645162,11.503225806451614
2004-09-01,60.0,16.646666666666665,5.34,66.4,10.966666666666667,15.053333333333335
2004-10-01,14.8,22.403225806451612,6.461290322580646,131.8,10.787096774193548,22.206451612903226
2004-11-01,61.199999999999996,25.123333333333335,10.026666666666667,161.2,11.486666666666668,23.75
2004-12-01,48.4,27.60967741935484,12.370967741935484,204.2,13.148387096774194,27.23548387096774
2005-01-01,33.4,29.94516129032258,14.419354838709678,224.70000000000002,13.606451612903227,26.641935483870967
2005-02-01,227.6,26.196428571428573,12.346428571428572,146.1,13.903571428571428,22.803571428571427
2005-03-01,6.3999999999999995,26.05483870967742,9.974193548387097,160.1,11.761290322580646,22.038709677419355
2005-04-01,11.8,25.2,9.623333333333333,105.9,12.620000000000001,15.33
2005-05-01,5.0,19.151612903225807,4.048387096774194,58.7,9.903225806451612,11.038709677419355
2005-06-01,109.8,15.616666666666667,4.79,35.9,9.81,7.8100000000000005
2005-07-01,43.6,13.038709677419355,4.016129032258065,30.900000000000002,9.564516129032258,7.758064516129032
2005-08-01,74.19999999999999,14.458064516129031,3.470967741935484,55.1,9.180645161290323,11.683870967741935
2005-09-01,73.8,16.906666666666666,5.293333333333334,68.7,10.753333333333334,15.21
2005-10-01,102.6,20.212903225806453,7.951612903225806,100.7,12.26774193548387,19.0
2005-11-01,61.800000000000004,24.673333333333336,11.093333333333334,167.6,13.56,26.603333333333335
2005-12-01,39.4,28.66774193548387,12.03225806451613,227.8,11.577419354838709,27.700000000000003
2006-01-01,13.2,33.748387096774195,17.048387096774192,258.8,15.72258064516129,26.69677419354839
2006-02-01,21.8,30.714285714285715,13.75357142857143,206.0,13.700000000000001,25.435714285714287
2006-03-01,11.2,28.80322580645161,12.541935483870969,168.6,13.490322580645161,21.583870967741937
2006-04-01,19.6,19.03666666666667,6.29,80.8,10.379999999999999,12.853333333333333
2006-05-01,17.0,16.538709677419355,3.929032258064516,45.6,9.993548387096775,10.109677419354838
2006-06-01,28.4,14.103333333333333,0.08000000000000008,33.6,7.54,8.053333333333333
2006-07-01,43.6,13.719354838709679,3.9322580645161294,37.9,9.2,7.393548387096774
2006-08-01,19.2,16.116129032258065,1.6806451612903226,55.8,8.816129032258065,12.425806451612903
2006-09-01,16.8,20.026666666666664,4.333333333333333,102.9,9.16,17.209999999999997
2006-10-01,0.4,24.1,6.825806451612903,185.5,7.935483870967742,24.64516129032258
2006-11-01,7.0,27.586666666666666,10.066666666666666,219.3,9.376666666666667,26.34
2006-12-01,1.6,29.5258064516129,12.229032258064517,260.7,9.845161290322581,28.848387096774193
2007-01-01,11.8,31.787096774193547,15.832258064516129,270.7,12.970967741935485,27.335483870967742
2007-02-01,16.3,33.221428571428575,16.65357142857143,223.4,14.971428571428572,25.29642857142857
2007-03-01,37.6,27.69677419354839,13.03225806451613,179.5,12.980645161290322,20.1
2007-04-01,25.200000000000003,23.726666666666667,9.243333333333334,100.3,11.143333333333334,14.813333333333333
2007-05-01,80.6,18.141935483870967,8.419354838709678,51.4,12.04516129032258,8.600000000000001
2007-06-01,33.2,13.073333333333332,2.606666666666667,35.9,8.31,8.106666666666667
2007-07-01,78.6,12.02258064516129,2.4387096774193546,32.1,8.451612903225806,7.848387096774194
2007-08-01,14.4,16.083870967741937,3.435483870967742,58.8,9.09032258064516,11.519354838709678
2007-09-01,9.0,18.14,3.4833333333333334,90.3,8.676666666666668,15.386666666666667
2007-10-01,18.8,23.161290322580644,7.064516129032258,160.4,9.338709677419354,21.835483870967742
2007-11-01,72.5,28.043333333333333,12.4,186.79999999999998,12.866666666666667,25.11
2007-12-01,85.0,28.816129032258065,14.287096774193548,219.9,12.783870967741937,27.125806451612902
2008-01-01,69.19999999999999,32.44516129032258,16.90967741935484,254.70000000000002,13.983870967741936,28.361290322580647
2008-02-01,10.6,27.96551724137931,13.889655172413793,180.0,12.993103448275862,23.92413793103448
2008-03-01,43.8,28.94193548387097,12.432258064516128,170.8,11.37741935483871,18.538709677419355
2008-04-01,11.200000000000001,21.0,6.373333333333333,85.8,10.203333333333335,13.8
2008-05-01,36.1,16.612903225806452,4.548387096774194,42.1,10.312903225806451,9.380645161290323
2008-06-01,19.0,15.353333333333333,5.71,35.1,10.116666666666667,6.8933333333333335
2008-07-01,71.2,12.461290322580645,3.0161290322580645,35.2,8.703225806451613,7.241935483870968
2008-08-01,42.8,13.12258064516129,2.7548387096774194,46.6,8.338709677419354,10.393548387096773
2008-09-01,8.6,18.89333333333333,3.6533333333333338,102.6,8.770000000000001,17.43
2008-10-01,12.2,23.932258064516127,6.703225806451614,160.1,8.874193548387098,21.929032258064513
2008-11-01,85.8,24.459999999999997,10.426666666666668,157.9,11.476666666666667,22.973333333333336
2008-12-01,42.8,25.951612903225808,11.816129032258065,203.0,11.619354838709677,27.770967741935483
2009-01-01,9.0,33.438709677419354,13.899999999999999,303.6,11.548387096774194,30.870967741935484
2009-02-01,2.8,32.18928571428571,15.146428571428572,234.6,12.196428571428571,24.821428571428573
2009-03-01,41.8,26.993548387096773,11.616129032258065,159.6,11.951612903225806,17.13225806451613
2009-04-01,36.5,21.61,7.54,101.2,10.493333333333334,14.06
2009-05-01,16.0,18.374193548387098,5.174193548387097,54.8,9.919354838709678,10.14516129032258
2009-06-01,64.6,13.389999999999999,4.41,27.4,9.753333333333334,6.483333333333333
2009-07-01,35.3,12.670967741935485,3.270967741935484,34.3,8.716129032258063,7.72258064516129
2009-08-01,26.6,14.890322580645162,4.341935483870968,53.8,9.583870967741936,10.348387096774195
2009-09-01,39.4,17.740000000000002,4.443333333333333,84.1,9.24,14.586666666666668
2009-10-01,21.4,21.44516129032258,6.583870967741936,127.7,10.30967741935484,21.05806451612903
2009-11-01,58.199999999999996,30.470000000000002,13.816666666666666,198.4,12.6,24.033333333333335
2009-12-01,14.799999999999999,29.94516129032258,12.422580645161291,234.3,11.316129032258065,29.809677419354838
2010-01-01,39.6,32.729032258064514,14.274193548387096,273.7,13.061290322580644,30.419354838709676
2010-02-01,99.60000000000001,30.807142857142857,17.060714285714287,181.3,16.33214285714286,22.224999999999998
2010-03-01,76.5,26.54516129032258,13.264516129032257,132.1,14.493548387096775,18.883870967741935
2010-04-01,37.2,22.206666666666667,10.213333333333333,73.8,13.413333333333332,12.42
2010-05-01,65.3,17.55483870967742,5.1,45.8,10.803225806451612,9.435483870967742
2010-06-01,44.2,13.126666666666667,2.9566666666666666,29.2,9.043333333333333,7.04
2010-07-01,45.4,12.580645161290322,2.061290322580645,26.4,8.59032258064516,7.65483870967742
2010-08-01,86.5,12.396774193548387,3.3129032258064517,42.4,9.006451612903225,9.490322580645161
2010-09-01,60.4,15.556666666666667,4.506666666666666,66.7,9.836666666666668,14.746666666666668
2010-10-01,115.80000000000001,20.154838709677417,7.690322580645161,109.1,12.006451612903225,18.358064516129033
2010-11-01,54.2,24.9,11.393333333333334,141.6,13.67,20.990000000000002
2010-12-01,112.2,26.174193548387095,12.654838709677419,170.5,14.283870967741937,25.980645161290322
2011-01-01,96.2,30.296774193548387,15.919354838709678,200.4,17.0258064516129,26.374193548387098
2011-02-01,154.5,27.489285714285717,15.139285714285714,137.5,17.45357142857143,21.45
2011-03-01,53.8,24.664516129032258,12.138709677419355,120.0,14.296774193548387,18.299999999999997
2011-04-01,36.0,20.44,7.19,65.4,12.036666666666667,13.653333333333334
2011-05-01,34.0,15.858064516129033,4.112903225806452,39.9,9.687096774193549,8.648387096774194
2011-06-01,25.6,14.486666666666668,2.6366666666666663,31.0,9.126666666666667,7.843333333333334
2011-07-01,49.1,13.006451612903225,3.274193548387097,33.5,8.658064516129032,7.535483870967742
2011-08-01,74.0,15.919354838709678,4.064516129032258,52.8,9.651612903225805,11.245161290322581
2011-09-01,38.8,18.166666666666668,4.52,82.6,9.479999999999999,14.883333333333333
2011-10-01,23.6,21.596774193548388,8.051612903225806,114.8,11.387096774193548,19.796774193548387
2011-11-01,63.9,26.273333333333333,12.229999999999999,156.9,13.763333333333332,21.476666666666667
2011-12-01,30.8,27.603225806451615,12.770967741935483,209.6,12.48709677419355,28.06451612903226
2012-01-01,51.0,30.825806451612905,15.212903225806452,236.4,14.116129032258065,28.009677419354837
2012-02-01,107.19999999999999,29.00344827586207,14.431034482758621,161.8,15.437931034482759,22.03793103448276
2012-03-01,182.8,23.580645161290324,12.038709677419355,118.5,14.100000000000001,18.26774193548387
2012-04-01,19.2,21.779999999999998,8.043333333333333,75.3,12.69,14.283333333333333
2012-05-01,19.6,16.116129032258065,3.729032258064516,44.1,9.62258064516129,9.32258064516129
2012-06-01,28.9,13.466666666666667,2.316666666666667,30.0,8.639999999999999,6.75
2012-07-01,62.4,12.935483870967742,2.896774193548387,29.6,8.893548387096773,7.4
2012-08-01,46.300000000000004,13.461290322580645,3.164516129032258,48.4,8.570967741935483,10.541935483870969
2012-09-01,8.4,17.8,4.636666666666667,80.4,9.876666666666667,14.646666666666667
2012-10-01,38.4,21.174193548387095,5.906451612903226,128.6,10.080645161290322,19.87741935483871
2012-11-01,17.2,27.14,11.163333333333332,177.6,11.93,24.08
2012-12-01,25.799999999999997,28.85483870967742,13.02258064516129,224.7,12.067741935483872,27.04516129032258
2013-01-01,3.6,33.00645161290323,14.54516129032258,275.9,12.387096774193548,28.01290322580645
2013-02-01,57.2,31.803571428571427,16.035714285714285,207.6,14.403571428571428,24.114285714285717
2013-03-01,20.4,27.345161290322583,12.851612903225806,160.7,13.609677419354838,20.125806451612902
2013-04-01,7.1,22.59,8.666666666666666,83.3,11.566666666666666,14.120000000000001
2013-05-01,41.0,16.97741935483871,4.558064516129033,46.4,10.051612903225807,9.419354838709678
2013-06-01,65.6,14.5,3.1599999999999997,30.400000000000002,9.226666666666667,7.8533333333333335
2013-07-01,64.3,13.516129032258064,4.406451612903226,33.8,9.832258064516129,7.412903225806452
2013-08-01,58.2,14.206451612903226,4.590322580645162,48.5,10.083870967741936,9.848387096774195
2013-09-01,46.2,18.91,6.8133333333333335,78.9,11.403333333333334,15.206666666666667
2013-10-01,15.6,21.41290322580645,5.935483870967742,128.1,9.890322580645162,21.30322580645161
2013-11-01,16.8,24.856666666666666,8.573333333333332,159.8,10.69,23.126666666666665
2013-12-01,50.6,29.54516129032258,12.548387096774194,214.1,12.303225806451612,25.919354838709676
2014-01-01,21.4,32.99032258064516,15.225806451612904,263.6,12.83548387096774,28.990322580645163
2014-02-01,31.0,32.221428571428575,14.692857142857141,206.8,12.985714285714286,24.967857142857145
2014-03-01,25.6,27.700000000000003,12.848387096774195,141.1,14.48709677419355,18.04516129032258
2014-04-01,100.0,21.173333333333336,9.53,70.8,13.296666666666665,12.17
2014-05-01,75.4,17.52258064516129,7.283870967741936,41.7,11.838709677419354,8.370967741935484
2014-06-01,71.1,13.673333333333334,5.459999999999999,26.3,10.516666666666667,6.34
2014-07-01,29.0,12.464516129032257,3.106451612903226,28.8,8.974193548387097,7.4
2014-08-01,3.0,15.341935483870968,2.0806451612903225,48.5,9.067741935483872,12.061290322580644
2014-09-01,56.2,18.383333333333333,4.78,86.7,10.456666666666667,15.986666666666668
2014-10-01,12.600000000000001,24.364516129032257,7.138709677419355,145.6,11.070967741935483,21.04516129032258
2014-11-01,38.8,27.576666666666664,10.466666666666667,187.0,11.3,22.586666666666666
2014-12-01,36.6,29.741935483870968,13.077419354838709,225.2,13.116129032258065,27.38064516129032
