date,rainfall_mm,TMax,TMin,Evap,VP,Rad
1889-01-01,108.5,27.274193548387096,11.80967741935484,210.5,13.635483870967741,23.10967741935484
1889-02-01,44.3,26.814285714285713,11.674999999999999,180.8,13.950000000000001,20.87142857142857
1889-03-01,9.299999999999999,25.216129032258067,10.241935483870968,141.0,12.829032258064515,16.393548387096775
1889-04-01,88.1,19.65666666666667,8.596666666666666,79.8,12.496666666666666,11.253333333333334
1889-05-01,86.6,15.619354838709677,6.916129032258064,48.0,11.180645161290323,7.670967741935484
1889-06-01,179.8,12.53,5.16,32.5,9.729999999999999,6.3
1889-07-01,42.7,12.02258064516129,3.351612903225807,37.7,9.041935483870969,6.97741935483871
1889-08-01,77.1,13.129032258064516,4.567741935483871,52.5,9.425806451612903,9.951612903225806
1889-09-01,53.4,14.91,4.963333333333334,72.3,10.18,13.72
1889-10-01,116.5,19.16774193548387,7.216129032258064,107.5,11.503225806451614,17.506451612903227
1889-11-01,73.4,21.790000000000003,8.7,137.9,12.666666666666666,20.55666666666667
1889-12-01,11.6,25.016129032258064,10.12258064516129,179.6,13.074193548387097,22.68064516129032
1890-01-01,21.9,28.94193548387097,13.125806451612902,210.5,14.564516129032258,23.4741935483871
1890-02-01,3.9000000000000004,27.964285714285715,12.87142857142857,180.8,15.103571428571428,20.985714285714288
1890-03-01,35.4,24.738709677419354,10.870967741935484,141.0,14.238709677419354,16.335483870967742
1890-04-01,49.0,20.5,7.71,79.8,12.076666666666666,11.623333333333333
1890-05-01,37.0,16.193548387096776,6.425806451612903,48.0,10.961290322580645,7.725806451612903
1890-06-01,59.9,13.15,5.786666666666666,32.5,10.33,6.326666666666667
1890-07-01,62.0,11.493548387096775,3.541935483870968,37.7,8.974193548387097,7.074193548387097
1890-08-01,98.0,12.812903225806451,4.232258064516128,52.5,9.364516129032259,9.80967741935484
1890-09-01,64.4,15.65,5.766666666666667,72.3,10.479999999999999,13.43
1890-10-01,88.7,18.251612903225805,6.22258064516129,107.5,10.67741935483871,17.706451612903226
1890-11-01,81.2,20.71333333333333,7.533333333333333,137.9,11.75,20.84333333333333
1890-12-01,37.4,23.82903225806452,9.212903225806452,179.6,12.54516129032258,22.751612903225805
1891-01-01,18.0,26.219354838709677,10.332258064516129,210.5,13.629032258064516,23.758064516129032
1891-02-01,3.2,26.575,10.303571428571429,180.8,13.353571428571428,21.560714285714287
1891-03-01,16.900000000000002,24.983870967741936,10.33548387096774,141.0,13.490322580645161,16.638709677419353
1891-04-01,21.0,19.266666666666666,7.59,79.8,12.183333333333334,11.46
1891-05-01,34.9,16.24838709677419,5.670967741935484,48.0,10.64516129032258,8.038709677419355
1891-06-01,111.1,12.816666666666666,4.926666666666667,32.5,10.143333333333334,6.433333333333334
1891-07-01,56.1,11.858064516129033,4.051612903225807,37.7,9.13225806451613,7.164516129032258
1891-08-01,31.0,13.583870967741936,4.293548387096774,52.5,9.577419354838709,10.07741935483871
1891-09-01,48.5,15.95,5.303333333333333,72.3,10.313333333333333,14.01
1891-10-01,91.60000000000001,18.4,6.483870967741935,107.5,11.035483870967743,17.716129032258067
1891-11-01,38.7,21.32,7.930000000000001,137.9,12.186666666666667,20.959999999999997
1891-12-01,74.2,24.25483870967742,9.370967741935484,179.6,12.351612903225806,22.929032258064513
1892-01-01,6.1,26.48709677419355,10.27741935483871,210.5,13.280645161290321,23.216129032258067
1892-02-01,0.4,27.92413793103448,11.458620689655174,186.0,14.444827586206896,21.32758620689655
1892-03-01,41.4,25.59032258064516,10.783870967741937,141.0,13.858064516129033,15.880645161290323
1892-04-01,102.2,19.279999999999998,6.676666666666667,79.8,11.129999999999999,11.243333333333334
1892-05-01,83.7,15.264516129032257,5.738709677419355,48.0,10.741935483870968,7.761290322580645
1892-06-01,83.3,12.66,4.406666666666666,32.5,9.453333333333335,6.41
1892-07-01,75.1,12.02258064516129,3.4129032258064513,37.7,8.816129032258065,7.119354838709677
1892-08-01,58.199999999999996,13.229032258064517,4.480645161290322,52.5,9.483870967741936,10.029032258064515
1892-09-01,56.0,14.866666666666667,5.256666666666666,72.3,10.443333333333333,13.95
1892-10-01,40.6,17.816129032258065,6.622580645161291,107.5,11.383870967741935,17.729032258064517
1892-11-01,73.4,21.813333333333333,8.416666666666666,137.9,12.833333333333334,21.336666666666666
1892-12-01,62.6,23.19677419354839,8.841935483870968,179.6,12.32258064516129,22.95483870967742
1893-01-01,28.2,26.20967741935484,10.62258064516129,210.5,12.974193548387097,23.358064516129033
1893-02-01,8.0,27.982142857142858,11.042857142857143,180.8,13.589285714285714,21.164285714285715
1893-03-01,30.0,25.22258064516129,10.17741935483871,141.0,13.135483870967741,16.403225806451612
1893-04-01,102.1,18.916666666666668,7.666666666666667,79.8,11.856666666666666,11.546666666666665
1893-05-01,129.9,15.583870967741934,6.819354838709677,48.0,11.0,7.725806451612903
1893-06-01,75.0,12.106666666666666,4.566666666666666,32.5,9.58,6.433333333333334
1893-07-01,65.2,11.654838709677419,3.9129032258064513,37.7,9.009677419354839,7.180645161290323
1893-08-01,82.7,13.387096774193548,4.361290322580645,52.5,9.325806451612904,10.106451612903227
1893-09-01,124.5,15.006666666666666,5.5633333333333335,72.3,10.066666666666666,13.896666666666667
1893-10-01,83.0,18.916129032258063,6.893548387096774,107.5,11.077419354838709,18.519354838709678
1893-11-01,44.1,20.423333333333336,8.073333333333332,137.9,12.18,20.983333333333334
1893-12-01,23.3,24.503225806451614,9.932258064516128,179.6,12.564516129032258,23.164516129032258
1894-01-01,21.900000000000002,26.929032258064513,11.748387096774193,210.5,13.970967741935485,23.677419354838708
1894-02-01,22.0,26.25,11.060714285714285,180.8,13.517857142857142,21.407142857142855
1894-03-01,62.699999999999996,23.719354838709677,10.832258064516129,141.0,13.896774193548387,16.380645161290325
1894-04-01,83.7,19.616666666666667,8.256666666666666,79.8,12.360000000000001,11.466666666666667
1894-05-01,77.8,14.958064516129031,5.66774193548387,48.0,10.345161290322581,8.0
1894-06-01,49.7,13.123333333333333,5.113333333333333,32.5,9.836666666666668,6.806666666666667
1894-07-01,137.9,11.26774193548387,3.9322580645161294,37.7,8.593548387096773,6.958064516129032
1894-08-01,68.6,12.851612903225806,4.935483870967742,52.5,9.258064516129032,10.238709677419354
1894-09-01,79.6,14.666666666666666,4.79,72.3,9.95,13.973333333333333
1894-10-01,140.2,18.967741935483872,7.348387096774194,107.5,11.651612903225805,17.625806451612902
1894-11-01,16.400000000000002,22.756666666666668,8.33,137.9,11.91,21.076666666666664
1894-12-01,78.2,23.845161290322583,10.974193548387097,179.6,13.80967741935484,22.770967741935483
1895-01-01,41.199999999999996,25.97741935483871,11.706451612903225,210.5,13.716129032258063,23.79032258064516
1895-02-01,5.8,28.014285714285712,12.314285714285715,180.8,14.082142857142857,21.896428571428572
1895-03-01,58.8,23.88064516129032,10.16451612903226,141.0,13.038709677419355,16.412903225806453
1895-04-01,71.2,20.06,8.193333333333333,79.8,11.47,11.683333333333334
1895-05-01,41.4,14.990322580645161,5.82258064516129,48.0,10.216129032258063,7.82258064516129
1895-06-01,52.9,12.946666666666665,4.336666666666667,32.5,9.266666666666667,6.48
1895-07-01,78.6,11.370967741935484,3.2580645161290325,37.7,8.251612903225807,7.199999999999999
1895-08-01,98.0,13.812903225806451,5.196774193548387,52.5,9.348387096774195,9.941935483870967
1895-09-01,61.5,15.43,5.17,72.3,9.636666666666667,14.05
1895-10-01,47.1,20.06451612903226,7.090322580645162,107.5,11.419354838709678,18.793548387096774
1895-11-01,8.5,21.75,7.873333333333333,137.9,11.729999999999999,22.27
1895-12-01,55.7,24.53548387096774,10.206451612903225,179.6,13.435483870967742,23.76774193548387
1896-01-01,57.0,27.216129032258067,11.916129032258064,210.5,14.196774193548388,22.44193548387097
1896-02-01,29.2,26.25172413793103,12.33448275862069,186.0,14.751724137931035,19.96206896551724
1896-03-01,48.0,23.61935483870968,9.932258064516128,141.0,12.629032258064516,16.229032258064517
1896-04-01,106.9,19.03666666666667,7.363333333333333,79.8,11.53,11.946666666666665
1896-05-01,63.7,14.793548387096775,6.058064516129033,48.0,10.425806451612903,7.941935483870967
1896-06-01,52.9,12.163333333333332,3.7666666666666666,32.5,9.08,6.8133333333333335
1896-07-01,82.2,11.112903225806452,3.3096774193548386,37.7,8.345161290322581,7.467741935483871
1896-08-01,48.4,12.709677419354838,3.990322580645161,52.5,8.919354838709678,10.170967741935485
1896-09-01,43.8,15.08,4.666666666666667,72.3,9.743333333333334,14.626666666666667
1896-10-01,15.5,20.074193548387097,6.693548387096774,107.5,10.874193548387098,18.80322580645161
1896-11-01,33.800000000000004,23.196666666666665,8.413333333333334,137.9,12.406666666666666,22.646666666666665
1896-12-01,32.2,25.387096774193548,10.641935483870967,179.6,12.938709677419356,23.706451612903226
1897-01-01,47.2,25.5258064516129,10.725806451612904,210.5,13.516129032258064,22.94193548387097
1897-02-01,26.7,26.375,12.146428571428572,180.8,13.775,20.235714285714288
1897-03-01,44.7,21.993548387096773,9.041935483870969,141.0,11.832258064516129,16.287096774193547
1897-04-01,36.3,20.066666666666666,7.753333333333333,79.8,11.473333333333333,11.08
1897-05-01,66.5,14.958064516129031,5.17741935483871,48.0,9.345161290322581,7.890322580645161
1897-06-01,29.7,13.3,4.88,32.5,9.433333333333334,6.053333333333333
1897-07-01,42.8,12.183870967741935,5.161290322580645,37.7,9.332258064516129,7.190322580645161
1897-08-01,91.3,12.490322580645161,3.8419354838709676,52.5,9.112903225806452,10.235483870967743
1897-09-01,58.3,15.923333333333334,5.34,72.3,10.146666666666667,14.223333333333333
1897-10-01,52.4,17.76451612903226,6.241935483870968,107.5,10.141935483870967,18.712903225806453
1897-11-01,23.7,23.023333333333333,9.076666666666666,137.9,11.983333333333333,21.493333333333332
1897-12-01,10.7,26.98709677419355,12.193548387096774,179.6,12.922580645161291,23.416129032258063
1898-01-01,6.1,28.05483870967742,12.290322580645162,210.5,13.290322580645162,25.080645161290324
1898-02-01,14.4,29.45357142857143,14.25357142857143,180.8,14.307142857142859,22.460714285714285
1898-03-01,11.6,24.66774193548387,10.37741935483871,141.0,12.125806451612902,17.33225806451613
1898-04-01,53.3,18.87,7.739999999999999,79.8,10.983333333333333,11.746666666666666
1898-05-01,34.5,14.2,5.090322580645162,48.0,9.187096774193549,8.07741935483871
1898-06-01,72.4,12.42,5.003333333333333,32.5,9.370000000000001,6.6066666666666665
1898-07-01,85.6,11.745161290322581,4.587096774193549,37.7,8.558064516129033,7.193548387096774
1898-08-01,39.6,13.745161290322581,5.425806451612903,52.5,9.351612903225806,10.161290322580646
1898-09-01,85.89999999999999,15.426666666666668,6.206666666666666,72.3,10.183333333333334,14.073333333333332
1898-10-01,70.2,19.458064516129035,7.209677419354839,107.5,10.616129032258065,18.44193548387097
1898-11-01,44.699999999999996,20.63,8.203333333333333,137.9,11.206666666666667,21.009999999999998
1898-12-01,11.200000000000001,25.606451612903225,10.761290322580646,179.6,12.380645161290323,24.14516129032258
1899-01-01,63.6,23.0,10.2,210.5,11.864516129032259,23.516129032258064
1899-02-01,44.7,28.239285714285717,13.110714285714286,180.8,13.903571428571428,21.832142857142856
1899-03-01,93.1,24.345161290322583,11.161290322580646,141.0,12.919354838709678,16.36774193548387
1899-04-01,33.0,19.833333333333332,8.59,79.8,11.936666666666667,11.683333333333334
1899-05-01,71.2,14.861290322580645,5.751612903225807,48.0,10.058064516129033,8.029032258064516
1899-06-01,134.3,12.2,4.486666666666666,32.5,9.436666666666667,6.5
1899-07-01,21.1,11.667741935483871,2.7548387096774194,37.7,8.283870967741937,7.529032258064516
1899-08-01,65.4,13.229032258064517,4.380645161290323,52.5,9.035483870967743,10.416129032258064
1899-09-01,51.199999999999996,16.493333333333332,6.096666666666667,72.3,10.396666666666667,13.84
1899-10-01,66.3,17.725806451612904,5.793548387096774,107.5,9.845161290322581,18.461290322580645
1899-11-01,50.2,20.766666666666666,8.313333333333334,137.9,11.946666666666665,21.18
1899-12-01,56.9,25.651612903225807,10.46774193548387,179.6,12.04516129032258,23.370967741935484
1900-01-01,33.0,28.041935483870965,12.80967741935484,210.5,12.85483870967742,23.84193548387097
1900-02-01,11.200000000000001,27.521428571428572,11.571428571428571,180.8,13.35,21.864285714285717
1900-03-01,108.0,22.861290322580647,10.019354838709678,141.0,12.870967741935484,16.403225806451612
1900-04-01,81.3,16.916666666666668,7.706666666666666,79.8,11.67,11.4
1900-05-01,89.0,14.390322580645162,6.280645161290322,48.0,10.435483870967742,7.774193548387097
1900-06-01,77.7,12.463333333333333,4.6066666666666665,32.5,9.566666666666666,6.64
1900-07-01,28.799999999999997,11.22258064516129,4.051612903225807,37.7,8.651612903225805,7.187096774193549
1900-08-01,88.8,12.158064516129032,3.967741935483871,52.5,8.845161290322581,9.983870967741936
1900-09-01,65.0,14.183333333333334,5.133333333333334,72.3,10.04,13.726666666666667
1900-10-01,50.0,18.54516129032258,6.035483870967742,107.5,10.680645161290323,18.190322580645162
1900-11-01,15.799999999999999,22.053333333333335,7.756666666666666,137.9,11.953333333333335,21.753333333333334
1900-12-01,33.6,24.532258064516128,9.951612903225806,179.6,13.096774193548388,23.106451612903225
1901-01-01,62.8,25.006451612903227,10.46774193548387,210.5,12.509677419354839,24.17096774193548
1901-02-01,5.6,27.917857142857144,12.696428571428571,180.8,13.639285714285714,21.625
1901-03-01,38.400000000000006,23.787096774193547,9.790322580645162,141.0,12.241935483870968,16.94516129032258
1901-04-01,57.4,18.313333333333333,7.406666666666666,79.8,10.826666666666666,11.91
1901-05-01,51.4,16.33225806451613,6.141935483870968,48.0,9.970967741935485,8.174193548387096
1901-06-01,109.39999999999999,11.56,3.0633333333333335,32.5,7.876666666666667,6.67
1901-07-01,64.6,10.870967741935484,3.2161290322580647,37.7,8.106451612903227,7.319354838709677
1901-08-01,44.6,12.509677419354839,4.093548387096774,52.5,8.76774193548387,10.151612903225805
1901-09-01,110.1,15.946666666666665,6.233333333333333,72.3,10.2,14.223333333333333
1901-10-01,69.8,17.925806451612903,6.474193548387096,107.5,10.570967741935483,18.903225806451612
1901-11-01,29.5,23.77,9.496666666666666,137.9,12.270000000000001,21.836666666666666
1901-12-01,38.599999999999994,25.503225806451614,10.258064516129032,179.6,12.358064516129033,24.26451612903226
1902-01-01,38.0,25.664516129032258,10.696774193548388,210.5,13.058064516129033,24.296774193548387
1902-02-01,35.1,25.085714285714285,10.114285714285714,180.8,12.417857142857143,21.853571428571428
1902-03-01,38.2,22.677419354838708,9.238709677419354,141.0,11.419354838709678,17.406451612903226
1902-04-01,8.6,20.37,7.376666666666667,79.8,11.003333333333334,12.379999999999999
1902-05-01,39.3,16.70967741935484,5.974193548387096,48.0,10.067741935483872,8.548387096774194
1902-06-01,96.6,12.656666666666666,3.8699999999999997,32.5,8.996666666666666,6.9366666666666665
1902-07-01,39.2,12.667741935483871,3.561290322580645,37.7,8.306451612903226,7.641935483870968
1902-08-01,35.699999999999996,12.990322580645161,3.306451612903226,52.5,8.480645161290322,10.606451612903227
1902-09-01,40.8,15.553333333333335,5.5233333333333325,72.3,9.770000000000001,14.533333333333333
1902-10-01,48.3,19.39032258064516,7.467741935483871,107.5,10.667741935483871,18.932258064516127
1902-11-01,18.2,24.3,9.82,137.9,12.093333333333334,22.296666666666667
1902-12-01,113.7,23.416129032258063,9.97741935483871,179.6,12.916129032258064,23.532258064516128
1903-01-01,37.6,25.283870967741933,10.548387096774194,210.5,12.716129032258063,23.76451612903226
1903-02-01,39.3,25.289285714285715,10.742857142857144,180.8,12.814285714285715,21.224999999999998
1903-03-01,64.3,24.0258064516129,10.116129032258065,141.0,13.45483870967742,17.383870967741935
1903-04-01,97.6,18.983333333333334,7.803333333333333,79.8,11.59,11.483333333333333
1903-05-01,38.6,14.709677419354838,5.183870967741935,48.0,10.061290322580644,7.741935483870968
1903-06-01,85.8,11.983333333333333,3.816666666666667,32.5,9.020000000000001,6.433333333333334
1903-07-01,122.89999999999999,11.519354838709678,3.332258064516129,37.7,8.69032258064516,7.32258064516129
1903-08-01,58.3,13.006451612903225,3.519354838709677,52.5,8.693548387096774,10.029032258064515
1903-09-01,112.2,15.136666666666667,5.47,72.3,9.963333333333333,14.03
1903-10-01,48.4,19.43548387096774,7.145161290322581,107.5,11.325806451612904,18.322580645161292
1903-11-01,79.0,22.09333333333333,8.593333333333334,137.9,12.453333333333335,21.459999999999997
1903-12-01,28.0,23.37741935483871,9.958064516129031,179.6,12.774193548387096,23.551612903225806
1904-01-01,65.8,25.919354838709676,11.496774193548386,210.5,13.112903225806452,23.76451612903226
1904-02-01,72.80000000000001,25.33103448275862,10.93448275862069,186.0,12.806896551724137,21.07586206896552
1904-03-01,16.5,22.596774193548388,8.793548387096775,141.0,12.096774193548388,16.338709677419356
1904-04-01,28.000000000000004,21.65,8.236666666666666,79.8,12.2,12.093333333333334
1904-05-01,100.0,16.674193548387095,5.877419354838709,48.0,10.86774193548387,8.006451612903225
1904-06-01,66.0,12.833333333333334,3.7633333333333336,32.5,9.003333333333334,6.533333333333333
1904-07-01,71.3,11.935483870967742,3.4387096774193546,37.7,8.887096774193548,7.183870967741935
1904-08-01,81.4,13.319354838709677,3.7419354838709675,52.5,9.003225806451614,10.17741935483871
1904-09-01,56.1,14.6,3.5300000000000002,72.3,9.436666666666667,14.436666666666667
1904-10-01,65.1,18.822580645161292,6.138709677419355,107.5,11.270967741935483,18.654838709677417
1904-11-01,45.3,21.513333333333332,7.413333333333333,137.9,11.9,22.17
1904-12-01,1.8,25.16774193548387,9.719354838709679,179.6,12.787096774193548,24.106451612903225
1905-01-01,26.2,27.835483870967742,12.30967741935484,210.5,13.780645161290321,23.39032258064516
1905-02-01,30.300000000000004,25.789285714285715,10.35,180.8,13.135714285714286,21.092857142857145
1905-03-01,5.8,24.074193548387097,9.093548387096773,141.0,12.093548387096773,16.119354838709675
1905-04-01,80.3,19.766666666666666,7.916666666666667,79.8,12.703333333333335,11.606666666666666
1905-05-01,84.9,16.074193548387097,5.996774193548387,48.0,10.641935483870967,7.732258064516128
1905-06-01,89.8,12.573333333333332,4.593333333333334,32.5,9.446666666666665,6.323333333333333
1905-07-01,112.0,11.7,3.5064516129032257,37.7,8.638709677419355,7.074193548387096
1905-08-01,38.699999999999996,13.12258064516129,3.2161290322580647,52.5,8.629032258064516,10.04516129032258
1905-09-01,61.0,13.55,2.996666666666667,72.3,8.793333333333333,13.629999999999999
1905-10-01,83.3,16.274193548387096,3.925806451612903,107.5,9.658064516129032,17.36774193548387
1905-11-01,21.1,21.376666666666665,6.583333333333333,137.9,11.28,20.94333333333333
1905-12-01,43.7,23.93548387096774,8.758064516129032,179.6,12.69032258064516,23.493548387096773
1906-01-01,0.8,28.796774193548387,12.100000000000001,210.5,13.525806451612903,23.76451612903226
1906-02-01,14.3,28.771428571428572,12.75357142857143,180.8,14.389285714285714,21.196428571428573
1906-03-01,107.5,22.958064516129035,10.119354838709677,141.0,13.170967741935485,16.232258064516127
1906-04-01,34.5,19.553333333333335,8.713333333333333,79.8,12.166666666666666,11.479999999999999
1906-05-01,78.3,15.464516129032258,7.003225806451613,48.0,10.903225806451612,7.767741935483872
1906-06-01,89.2,13.303333333333335,5.503333333333333,32.5,9.766666666666667,6.426666666666667
1906-07-01,108.0,11.96774193548387,4.474193548387096,37.7,8.851612903225806,7.083870967741936
1906-08-01,81.1,12.64516129032258,4.316129032258065,52.5,8.903225806451612,9.77741935483871
1906-09-01,48.3,14.863333333333333,5.493333333333334,72.3,9.97,13.556666666666667
1906-10-01,96.3,17.799999999999997,6.706451612903226,107.5,10.80967741935484,17.580645161290324
1906-11-01,121.4,19.259999999999998,7.11,137.9,11.236666666666668,19.98
1906-12-01,8.4,24.1,9.69032258064516,179.6,12.72258064516129,22.858064516129033
1907-01-01,22.3,25.29032258064516,10.948387096774193,210.5,13.251612903225807,24.258064516129032
1907-02-01,24.1,26.353571428571428,10.5,180.8,12.585714285714285,21.84642857142857
1907-03-01,16.3,22.129032258064516,8.845161290322581,141.0,11.741935483870968,17.093548387096774
1907-04-01,124.9,18.073333333333334,7.1899999999999995,79.8,10.94,11.846666666666666
1907-05-01,99.7,16.016129032258064,5.990322580645161,48.0,10.303225806451612,8.40967741935484
1907-06-01,35.3,12.263333333333332,3.5633333333333335,32.5,8.923333333333334,6.72
1907-07-01,87.3,11.616129032258065,3.4516129032258065,37.7,8.399999999999999,7.396774193548388
1907-08-01,114.2,13.419354838709678,4.964516129032258,52.5,9.125806451612902,10.438709677419356
1907-09-01,37.2,16.443333333333335,5.416666666666667,72.3,9.639999999999999,14.536666666666667
1907-10-01,43.7,18.532258064516128,5.97741935483871,107.5,9.719354838709679,18.73225806451613
1907-11-01,74.8,22.346666666666668,8.546666666666665,137.9,11.860000000000001,21.423333333333336
1907-12-01,43.0,23.23225806451613,9.316129032258065,179.6,11.980645161290322,24.03548387096774
1908-01-01,18.0,31.596774193548388,14.209677419354838,210.5,14.212903225806452,24.97741935483871
1908-02-01,18.9,27.46551724137931,12.441379310344828,186.0,13.913793103448276,20.93448275862069
1908-03-01,93.9,22.51290322580645,9.980645161290322,141.0,12.525806451612903,15.890322580645162
1908-04-01,10.0,19.386666666666667,8.056666666666667,79.8,11.263333333333332,11.443333333333333
1908-05-01,65.3,14.13225806451613,6.232258064516128,48.0,10.125806451612902,7.854838709677419
1908-06-01,78.3,10.71,3.42,32.5,8.51,6.5233333333333325
1908-07-01,27.5,10.938709677419356,3.629032258064516,37.7,8.62258064516129,7.390322580645161
1908-08-01,56.0,12.116129032258065,3.9387096774193546,52.5,8.832258064516129,10.161290322580646
1908-09-01,158.7,13.713333333333333,5.04,72.3,9.346666666666666,13.826666666666666
1908-10-01,93.7,18.296774193548387,6.403225806451613,107.5,10.570967741935483,18.05806451612903
1908-11-01,40.1,22.45,9.31,137.9,12.24,21.913333333333334
1908-12-01,22.0,24.648387096774194,10.76774193548387,179.6,12.038709677419355,23.33225806451613
1909-01-01,48.699999999999996,24.625806451612902,11.248387096774193,210.5,12.035483870967743,22.26774193548387
1909-02-01,21.099999999999998,24.842857142857145,10.839285714285714,180.8,12.764285714285714,21.310714285714287
1909-03-01,67.6,22.80322580645161,10.306451612903226,141.0,12.76774193548387,16.10967741935484
1909-04-01,78.1,16.74,6.263333333333334,79.8,10.216666666666667,11.456666666666667
1909-05-01,66.2,14.038709677419355,6.587096774193548,48.0,10.596774193548388,7.248387096774193
1909-06-01,182.8,11.479999999999999,4.776666666666667,32.5,9.583333333333334,5.8933333333333335
1909-07-01,127.0,10.735483870967743,3.770967741935484,37.7,8.738709677419354,7.041935483870968
1909-08-01,166.3,11.780645161290321,4.819354838709677,52.5,9.312903225806451,9.125806451612902
1909-09-01,78.1,14.366666666666667,5.180000000000001,72.3,10.05,14.620000000000001
1909-10-01,100.39999999999999,17.948387096774194,6.635483870967741,107.5,10.725806451612904,18.90967741935484
1909-11-01,48.5,20.936666666666667,7.8566666666666665,137.9,10.836666666666666,21.226666666666667
1909-12-01,28.2,21.62258064516129,8.483870967741936,179.6,10.783870967741937,22.980645161290322
1910-01-01,61.5,26.26451612903226,12.406451612903227,210.5,13.441935483870967,22.26774193548387
1910-02-01,20.1,27.189285714285713,12.060714285714285,180.8,13.1,22.067857142857143
1910-03-01,121.2,23.27741935483871,10.551612903225807,141.0,12.741935483870968,16.825806451612905
1910-04-01,52.0,19.55,7.83,79.8,11.363333333333333,12.453333333333335
1910-05-01,87.3,15.248387096774193,7.34516129032258,48.0,11.05483870967742,7.567741935483871
1910-06-01,69.39999999999999,12.643333333333334,5.533333333333333,32.5,9.676666666666668,6.296666666666667
1910-07-01,92.7,11.345161290322581,4.593548387096774,37.7,9.135483870967741,7.119354838709677
1910-08-01,62.0,13.719354838709679,5.719354838709678,52.5,9.55483870967742,10.235483870967743
1910-09-01,135.0,14.853333333333333,6.206666666666666,72.3,10.49,13.82
1910-10-01,65.1,16.038709677419355,6.248387096774193,107.5,9.658064516129032,17.951612903225808
1910-11-01,60.3,20.8,8.76,137.9,11.193333333333333,21.063333333333333
1910-12-01,51.3,21.229032258064517,8.474193548387097,179.6,11.293548387096775,22.81935483870968
1911-01-01,0.0,25.164516129032258,11.790322580645162,210.5,13.338709677419354,22.758064516129032
1911-02-01,195.9,24.110714285714288,12.489285714285714,180.8,14.935714285714285,18.564285714285713
1911-03-01,68.7,21.625806451612902,10.66451612903226,141.0,13.14516129032258,15.048387096774194
1911-04-01,35.0,17.44333333333333,6.819999999999999,79.8,10.713333333333333,11.673333333333334
1911-05-01,96.0,15.016129032258064,7.261290322580645,48.0,10.83548387096774,7.496774193548387
1911-06-01,109.2,11.226666666666667,4.03,32.5,8.623333333333333,6.006666666666666
1911-07-01,42.9,11.412903225806453,3.4838709677419355,37.7,8.40967741935484,7.132258064516129
1911-08-01,29.0,14.3,6.048387096774194,52.5,9.587096774193547,9.729032258064517
1911-09-01,90.8,15.18,6.416666666666667,72.3,10.396666666666667,12.71
1911-10-01,47.1,17.212903225806453,6.45483870967742,107.5,10.067741935483872,18.448387096774194
1911-11-01,5.7,22.82,9.15,137.9,11.963333333333333,22.263333333333332
1911-12-01,93.1,21.567741935483873,9.764516129032257,179.6,11.351612903225806,22.07741935483871
1912-01-01,5.6,25.63225806451613,11.19032258064516,210.5,11.990322580645161,24.72258064516129
1912-02-01,4.8,27.855172413793102,13.53793103448276,186.0,13.33448275862069,20.693103448275863
1912-03-01,47.6,23.787096774193547,11.151612903225805,141.0,13.051612903225807,16.493548387096773
1912-04-01,74.8,17.373333333333335,7.52,79.8,10.706666666666667,11.523333333333333
1912-05-01,37.9,15.858064516129033,5.416129032258064,48.0,9.399999999999999,8.703225806451613
1912-06-01,54.9,12.393333333333334,5.25,32.5,9.486666666666668,6.48
1912-07-01,42.3,11.235483870967743,3.9387096774193546,37.7,8.596774193548388,7.15483870967742
1912-08-01,66.69999999999999,13.125806451612902,5.403225806451613,52.5,9.174193548387096,10.151612903225805
1912-09-01,106.9,14.526666666666667,5.963333333333334,72.3,9.58,13.816666666666666
1912-10-01,48.2,18.02258064516129,6.509677419354839,107.5,10.370967741935484,18.425806451612903
1912-11-01,52.199999999999996,19.146666666666665,8.213333333333333,137.9,11.513333333333332,20.113333333333333
1912-12-01,64.0,22.687096774193545,9.980645161290322,179.6,12.483870967741936,23.961290322580645
1913-01-01,14.2,24.31935483870968,10.67741935483871,210.5,12.148387096774194,24.0
1913-02-01,33.6,26.103571428571428,12.189285714285715,180.8,13.685714285714285,21.54642857142857
1913-03-01,89.3,20.883870967741935,10.203225806451613,141.0,12.774193548387096,15.48709677419355
1913-04-01,36.4,19.96333333333333,8.879999999999999,79.8,12.44,11.826666666666666
1913-05-01,67.8,13.738709677419354,6.151612903225806,48.0,10.119354838709677,7.683870967741935
1913-06-01,35.5,12.26,3.546666666666667,32.5,8.65,6.986666666666666
1913-07-01,52.1,12.141935483870967,4.683870967741935,37.7,8.787096774193548,7.412903225806452
1913-08-01,90.6,12.932258064516128,4.990322580645161,52.5,8.703225806451613,10.570967741935483
1913-09-01,131.79999999999998,14.25,6.036666666666666,72.3,9.91,13.463333333333333
1913-10-01,41.4,18.364516129032257,7.451612903225806,107.5,11.206451612903225,17.816129032258065
1913-11-01,61.2,19.233333333333334,7.233333333333333,137.9,10.723333333333333,21.423333333333336
1913-12-01,42.7,25.383870967741935,10.97741935483871,179.6,12.13225806451613,24.203225806451613
1914-01-01,15.799999999999999,25.190322580645162,10.951612903225806,210.5,12.341935483870968,23.98709677419355
1914-02-01,35.8,28.224999999999998,12.842857142857143,180.8,13.635714285714286,21.467857142857145
1914-03-01,20.099999999999998,24.364516129032257,11.870967741935484,141.0,13.758064516129032,16.07741935483871
1914-04-01,59.5,18.78666666666667,8.556666666666667,79.8,11.83,10.926666666666668
1914-05-01,59.0,15.264516129032257,6.445161290322581,48.0,10.45483870967742,7.935483870967742
1914-06-01,28.099999999999998,13.353333333333333,4.123333333333333,32.5,8.973333333333333,6.666666666666667
1914-07-01,55.2,11.59032258064516,3.083870967741935,37.7,8.22258064516129,7.319354838709677
1914-08-01,20.9,14.696774193548388,4.835483870967742,52.5,8.870967741935484,10.774193548387096
1914-09-01,24.900000000000002,15.716666666666667,4.803333333333333,72.3,9.243333333333334,14.336666666666668
1914-10-01,8.0,22.02258064516129,8.280645161290321,107.5,10.741935483870968,19.548387096774192
1914-11-01,46.4,23.006666666666668,10.453333333333335,137.9,13.413333333333332,20.80666666666667
1914-12-01,62.3,23.519354838709678,11.996774193548386,179.6,14.187096774193549,21.34193548387097
1915-01-01,37.6,25.30322580645161,11.193548387096774,210.5,11.90967741935484,24.52258064516129
1915-02-01,10.5,26.50357142857143,12.414285714285713,180.8,13.575000000000001,21.192857142857143
1915-03-01,18.9,22.125806451612902,9.73225806451613,141.0,11.609677419354838,16.335483870967742
1915-04-01,40.3,18.066666666666666,8.01,79.8,11.46,11.916666666666666
1915-05-01,72.8,13.76774193548387,6.080645161290323,48.0,9.941935483870967,7.800000000000001
1915-06-01,142.5,12.229999999999999,5.9366666666666665,32.5,9.633333333333333,6.266666666666667
1915-07-01,46.4,12.158064516129032,5.496774193548387,37.7,9.345161290322581,7.15483870967742
1915-08-01,99.8,12.703225806451613,5.474193548387096,52.5,9.448387096774193,9.98709677419355
1915-09-01,104.8,14.773333333333333,6.3533333333333335,72.3,9.886666666666667,14.49
1915-10-01,53.199999999999996,16.338709677419356,6.47741935483871,107.5,10.025806451612903,18.212903225806453
1915-11-01,25.3,18.68,7.053333333333333,137.9,10.403333333333334,21.75
1915-12-01,1.1,23.44193548387097,9.76774193548387,179.6,12.419354838709678,23.925806451612903
1916-01-01,55.5,25.874193548387098,11.8,210.5,13.548387096774194,22.993548387096773
1916-02-01,17.9,25.63448275862069,11.924137931034483,186.0,13.53448275862069,21.78965517241379
1916-03-01,5.4,23.606451612903225,9.600000000000001,141.0,12.009677419354839,17.838709677419356
1916-04-01,65.3,17.686666666666667,7.593333333333334,79.8,11.04,10.866666666666667
1916-05-01,32.1,15.493548387096775,5.890322580645161,48.0,9.712903225806452,8.006451612903225
1916-06-01,68.5,11.476666666666667,4.823333333333333,32.5,9.153333333333334,5.91
1916-07-01,75.5,11.312903225806451,4.5,37.7,8.919354838709678,6.712903225806452
1916-08-01,72.7,12.070967741935483,4.612903225806452,52.5,9.087096774193547,9.861290322580645
1916-09-01,135.5,15.026666666666667,6.8566666666666665,72.3,10.06,13.103333333333333
1916-10-01,92.5,16.60967741935484,6.787096774193548,107.5,10.896774193548387,17.1
1916-11-01,107.89999999999999,17.586666666666666,7.6433333333333335,137.9,11.243333333333334,19.596666666666668
1916-12-01,83.8,23.061290322580643,10.351612903225806,179.6,12.993548387096775,22.448387096774194
1917-01-01,18.5,24.88064516129032,11.316129032258065,210.5,13.05483870967742,22.938709677419357
1917-02-01,24.0,23.77857142857143,11.614285714285714,180.8,13.721428571428572,20.160714285714285
1917-03-01,46.7,21.74516129032258,10.325806451612904,141.0,12.935483870967742,15.819354838709677
1917-04-01,50.1,17.14333333333333,6.79,79.8,10.866666666666667,11.576666666666666
1917-05-01,120.3,13.53225806451613,6.364516129032259,48.0,10.161290322580646,7.532258064516129
1917-06-01,65.5,11.973333333333333,4.736666666666666,32.5,9.376666666666667,6.21
1917-07-01,132.8,11.635483870967741,5.567741935483871,37.7,9.461290322580645,6.758064516129032
1917-08-01,87.4,12.887096774193548,5.067741935483871,52.5,9.383870967741935,10.238709677419354
1917-09-01,94.2,14.883333333333333,5.986666666666666,72.3,10.133333333333333,14.156666666666666
1917-10-01,90.7,16.75483870967742,6.95483870967742,107.5,11.148387096774194,16.796774193548387
1917-11-01,48.5,19.493333333333332,8.2,137.9,12.213333333333333,20.456666666666667
1917-12-01,32.400000000000006,25.361290322580647,11.654838709677419,179.6,13.751612903225807,23.18064516129032
1918-01-01,34.199999999999996,26.870967741935484,12.85483870967742,210.5,15.148387096774194,23.783870967741933
1918-02-01,15.6,25.99642857142857,12.164285714285715,180.8,14.292857142857143,20.92142857142857
1918-03-01,35.4,22.90967741935484,10.345161290322581,141.0,13.003225806451614,16.470967741935485
1918-04-01,44.2,18.33,8.17,79.8,11.856666666666666,11.353333333333333
1918-05-01,98.2,15.838709677419354,7.796774193548386,48.0,11.064516129032258,7.558064516129033
1918-06-01,72.3,13.0,5.7266666666666675,32.5,9.803333333333335,6.553333333333333
1918-07-01,90.3,11.064516129032258,3.916129032258065,37.7,8.696774193548388,7.093548387096774
1918-08-01,68.9,13.148387096774194,5.509677419354839,52.5,9.76774193548387,9.451612903225806
1918-09-01,53.9,16.046666666666667,5.73,72.3,9.823333333333332,15.536666666666667
1918-10-01,94.5,16.393548387096775,6.670967741935484,107.5,10.341935483870968,17.741935483870968
1918-11-01,18.7,20.279999999999998,7.8,137.9,11.156666666666666,21.543333333333333
1918-12-01,25.599999999999998,23.574193548387097,9.72258064516129,179.6,11.793548387096775,23.92258064516129
1919-01-01,12.0,25.53548387096774,10.706451612903225,210.5,12.119354838709677,24.79032258064516
1919-02-01,94.4,27.00357142857143,13.525,180.8,15.275,20.014285714285712
1919-03-01,82.3,20.809677419354838,9.570967741935483,141.0,12.338709677419354,15.103225806451613
1919-04-01,9.1,21.453333333333333,8.870000000000001,79.8,12.303333333333335,12.0
1919-05-01,71.6,15.403225806451612,6.935483870967742,48.0,11.103225806451613,7.751612903225807
1919-06-01,62.6,12.953333333333335,5.42,32.5,9.3,6.926666666666667
1919-07-01,64.5,11.516129032258064,3.858064516129032,37.7,7.803225806451613,7.838709677419355
1919-08-01,73.4,13.748387096774193,4.66774193548387,52.5,8.919354838709678,10.235483870967743
1919-09-01,98.6,15.946666666666665,6.206666666666666,72.3,10.013333333333332,14.016666666666667
1919-10-01,46.7,18.64516129032258,7.174193548387097,107.5,10.193548387096774,18.516129032258064
1919-11-01,19.2,22.323333333333334,9.633333333333333,137.9,11.763333333333332,21.470000000000002
1919-12-01,45.7,24.770967741935483,11.238709677419354,179.6,13.174193548387096,23.187096774193545
1920-01-01,11.7,24.47741935483871,11.083870967741936,210.5,13.264516129032257,23.041935483870965
1920-02-01,9.4,26.69655172413793,12.151724137931033,186.0,12.986206896551725,21.675862068965518
1920-03-01,67.8,22.906451612903226,9.470967741935485,141.0,11.870967741935484,16.42258064516129
1920-04-01,30.3,18.276666666666664,7.886666666666667,79.8,11.229999999999999,11.123333333333333
1920-05-01,70.2,13.76774193548387,5.325806451612903,48.0,9.46774193548387,8.348387096774195
1920-06-01,107.0,12.063333333333333,5.489999999999999,32.5,9.75,6.043333333333334
1920-07-01,52.4,11.648387096774194,4.187096774193549,37.7,8.958064516129031,7.503225806451613
1920-08-01,120.6,11.958064516129031,4.709677419354839,52.5,9.59032258064516,9.706451612903225
1920-09-01,75.7,14.22,6.256666666666666,72.3,10.866666666666667,12.91
1920-10-01,33.9,18.712903225806453,7.303225806451613,107.5,12.19032258064516,18.338709677419356
1920-11-01,78.5,20.290000000000003,8.853333333333333,137.9,12.6,19.653333333333332
1920-12-01,40.3,24.48709677419355,10.82258064516129,179.6,12.66451612903226,23.674193548387095
1921-01-01,44.5,27.241935483870968,12.983870967741936,210.5,13.596774193548388,24.238709677419354
1921-02-01,13.7,27.439285714285713,13.846428571428572,180.8,15.185714285714285,21.175
1921-03-01,26.4,23.993548387096773,10.238709677419354,141.0,12.832258064516129,17.38064516129032
1921-04-01,30.200000000000003,19.236666666666668,8.59,79.8,12.073333333333332,11.796666666666665
1921-05-01,72.39999999999999,16.593548387096774,7.97741935483871,48.0,11.95483870967742,7.812903225806451
1921-06-01,51.8,12.91,5.6899999999999995,32.5,10.106666666666666,6.3966666666666665
1921-07-01,104.7,12.648387096774194,5.119354838709677,37.7,9.503225806451614,7.251612903225807
1921-08-01,106.4,12.53225806451613,4.5,52.5,8.983870967741936,10.141935483870967
1921-09-01,82.3,15.826666666666666,6.58,72.3,11.023333333333333,14.533333333333333
1921-10-01,48.199999999999996,17.635483870967743,6.712903225806452,107.5,10.82258064516129,18.77741935483871
1921-11-01,65.4,21.916666666666668,9.556666666666667,137.9,12.81,21.253333333333334
1921-12-01,22.4,22.24516129032258,10.280645161290321,179.6,12.848387096774195,21.73548387096774
1922-01-01,22.2,24.758064516129032,10.870967741935484,210.5,12.383870967741935,23.12258064516129
1922-02-01,34.4,26.79642857142857,12.778571428571428,180.8,14.096428571428572,21.035714285714285
1922-03-01,13.799999999999999,22.6,9.30967741935484,141.0,11.36774193548387,17.33225806451613
1922-04-01,53.8,19.243333333333332,9.05,79.8,11.703333333333335,11.24
1922-05-01,76.4,15.22258064516129,7.335483870967742,48.0,11.129032258064516,7.932258064516129
1922-06-01,43.3,12.266666666666667,4.4399999999999995,32.5,9.343333333333334,6.4399999999999995
1922-07-01,71.4,11.829032258064515,4.393548387096774,37.7,9.225806451612904,7.180645161290323
1922-08-01,82.3,12.325806451612904,4.158064516129032,52.5,8.958064516129031,9.761290322580646
1922-09-01,100.1,14.53,5.3566666666666665,72.3,10.013333333333332,14.513333333333334
1922-10-01,144.8,17.97741935483871,7.006451612903225,107.5,10.46774193548387,17.799999999999997
1922-11-01,24.9,21.426666666666666,7.6466666666666665,137.9,10.606666666666666,23.446666666666665
1922-12-01,104.4,23.141935483870967,10.712903225806452,179.6,12.52258064516129,21.82903225806452
1923-01-01,22.5,24.38064516129032,10.674193548387096,210.5,12.245161290322581,22.322580645161292
1923-02-01,8.3,26.342857142857145,11.107142857142858,180.8,12.985714285714286,22.974999999999998
1923-03-01,3.4000000000000004,23.093548387096774,9.596774193548388,141.0,12.306451612903226,17.216129032258067
1923-04-01,0.3,21.973333333333336,8.416666666666666,79.8,11.543333333333333,13.146666666666667
1923-05-01,127.8,15.896774193548387,7.780645161290322,48.0,11.40967741935484,7.619354838709677
1923-06-01,118.2,12.013333333333332,6.006666666666666,32.5,10.276666666666667,5.709999999999999
1923-07-01,139.9,11.603225806451613,5.403225806451613,37.7,9.72258064516129,6.938709677419355
1923-08-01,81.7,12.493548387096775,4.770967741935484,52.5,9.135483870967741,10.729032258064517
1923-09-01,88.5,14.016666666666667,5.596666666666667,72.3,9.883333333333333,13.610000000000001
1923-10-01,123.6,16.74516129032258,6.890322580645161,107.5,10.480645161290322,16.996774193548386
1923-11-01,65.9,19.126666666666665,6.883333333333334,137.9,10.34,23.040000000000003
1923-12-01,66.0,22.96451612903226,10.45483870967742,179.6,13.029032258064515,21.883870967741935
1924-01-01,43.2,23.09032258064516,10.23225806451613,210.5,12.167741935483871,22.22258064516129
1924-02-01,120.5,23.67241379310345,10.913793103448276,186.0,13.39310344827586,19.696551724137933
1924-03-01,64.3,21.838709677419356,10.02258064516129,141.0,12.693548387096774,15.548387096774194
1924-04-01,56.6,16.55,7.11,79.8,10.85,10.856666666666666
1924-05-01,66.8,14.587096774193547,5.5,48.0,9.82258064516129,8.396774193548387
1924-06-01,72.5,11.34,4.1033333333333335,32.5,9.389999999999999,6.510000000000001
1924-07-01,30.599999999999998,12.067741935483872,4.064516129032258,37.7,8.803225806451612,8.141935483870968
1924-08-01,90.3,13.245161290322581,4.716129032258064,52.5,9.670967741935485,10.738709677419354
1924-09-01,98.0,14.206666666666667,6.473333333333333,72.3,10.446666666666665,12.99
1924-10-01,61.5,17.761290322580646,6.938709677419355,107.5,10.348387096774195,18.238709677419354
1924-11-01,123.0,19.60666666666667,8.84,137.9,12.113333333333333,20.63
1924-12-01,10.0,22.338709677419356,8.783870967741937,179.6,11.670967741935485,24.693548387096776
1925-01-01,35.8,24.903225806451612,11.206451612903225,210.5,13.30967741935484,23.458064516129035
1925-02-01,20.1,24.107142857142858,11.625,180.8,13.896428571428572,20.192857142857143
1925-03-01,10.4,23.23548387096774,9.825806451612904,141.0,12.183870967741935,16.441935483870967
1925-04-01,30.4,19.84333333333333,8.386666666666667,79.8,11.59,12.229999999999999
1925-05-01,137.2,14.861290322580645,7.093548387096774,48.0,11.399999999999999,7.354838709677419
1925-06-01,44.4,13.053333333333335,4.823333333333333,32.5,9.870000000000001,7.17
1925-07-01,73.1,11.13225806451613,4.448387096774193,37.7,8.770967741935483,7.409677419354838
1925-08-01,44.5,12.387096774193548,3.7580645161290325,52.5,8.77741935483871,10.922580645161291
1925-09-01,83.8,13.686666666666667,4.756666666666666,72.3,9.166666666666666,14.413333333333334
1925-10-01,30.0,18.393548387096775,6.432258064516129,107.5,10.064516129032258,19.848387096774193
1925-11-01,57.6,20.573333333333334,8.24,137.9,12.093333333333334,22.17
1925-12-01,13.6,23.496774193548386,9.683870967741935,179.6,11.90967741935484,24.80322580645161
1926-01-01,18.7,24.11935483870968,9.848387096774195,210.5,12.238709677419354,24.845161290322583
1926-02-01,14.3,26.517857142857142,11.460714285714285,180.8,13.200000000000001,22.22142857142857
1926-03-01,8.1,23.674193548387095,11.241935483870968,141.0,12.761290322580646,15.993548387096775
1926-04-01,70.4,18.936666666666667,8.983333333333333,79.8,12.33,12.016666666666667
1926-05-01,93.1,13.45483870967742,6.270967741935484,48.0,10.306451612903226,8.041935483870969
1926-06-01,63.199999999999996,12.513333333333332,5.553333333333333,32.5,9.95,6.816666666666666
1926-07-01,66.0,12.529032258064515,5.006451612903225,37.7,9.345161290322581,7.980645161290322
1926-08-01,78.89999999999999,12.658064516129032,4.874193548387097,52.5,9.306451612903226,10.832258064516129
1926-09-01,71.3,16.253333333333334,6.67,72.3,10.863333333333333,14.763333333333332
1926-10-01,64.5,17.903225806451612,7.412903225806452,107.5,11.064516129032258,19.69677419354839
1926-11-01,40.8,20.696666666666665,7.86,137.9,10.873333333333333,23.493333333333332
1926-12-01,34.599999999999994,23.05806451612903,10.13225806451613,179.6,11.941935483870967,23.693548387096776
1927-01-01,19.0,26.009677419354837,11.493548387096775,210.5,12.812903225806451,24.370967741935484
1927-02-01,30.0,24.553571428571427,10.632142857142856,180.8,12.424999999999999,22.339285714285715
1927-03-01,30.799999999999997,22.07741935483871,9.519354838709678,141.0,11.416129032258064,16.55483870967742
1927-04-01,15.9,17.743333333333332,7.3533333333333335,79.8,10.893333333333334,12.003333333333334
1927-05-01,91.19999999999999,14.574193548387097,6.02258064516129,48.0,9.845161290322581,8.641935483870967
1927-06-01,29.6,11.956666666666667,3.1333333333333333,32.5,8.41,7.5633333333333335
1927-07-01,49.9,11.258064516129032,4.429032258064517,37.7,8.983870967741936,7.612903225806452
1927-08-01,100.69999999999999,12.374193548387098,4.706451612903226,52.5,8.858064516129033,10.703225806451613
1927-09-01,36.0,15.206666666666667,4.783333333333333,72.3,9.59,15.639999999999999
1927-10-01,23.599999999999998,19.35483870967742,7.34516129032258,107.5,10.922580645161291,19.187096774193545
1927-11-01,43.1,22.40666666666667,9.003333333333334,137.9,11.803333333333335,23.30666666666667
1927-12-01,69.9,23.79032258064516,10.841935483870968,179.6,13.361290322580645,24.003225806451614
1928-01-01,91.2,24.92258064516129,12.22258064516129,210.5,13.335483870967742,24.261290322580646
1928-02-01,151.8,24.627586206896552,12.458620689655174,186.0,14.713793103448275,20.50344827586207
1928-03-01,48.8,23.725806451612904,11.748387096774193,141.0,14.216129032258063,16.641935483870967
1928-04-01,45.1,20.166666666666668,9.379999999999999,79.8,12.729999999999999,12.663333333333332
1928-05-01,59.9,14.483870967741936,5.941935483870967,48.0,9.825806451612904,8.393548387096773
1928-06-01,59.9,12.156666666666666,4.386666666666667,32.5,9.19,6.906666666666666
1928-07-01,43.1,12.358064516129033,4.354838709677419,37.7,8.806451612903226,7.845161290322581
1928-08-01,23.5,14.403225806451612,4.325806451612903,52.5,9.419354838709678,11.312903225806451
1928-09-01,101.5,16.426666666666666,6.58,72.3,10.04,14.986666666666668
1928-10-01,134.5,15.870967741935484,5.983870967741935,107.5,10.006451612903225,18.067741935483873
1928-11-01,35.3,20.603333333333335,7.583333333333333,137.9,11.16,23.323333333333334
1928-12-01,9.2,24.332258064516132,10.254838709677419,179.6,12.32258064516129,25.219354838709677
1929-01-01,38.3,24.683870967741935,10.248387096774193,210.5,12.051612903225807,24.97741935483871
1929-02-01,8.9,27.88214285714286,13.428571428571429,180.8,16.52857142857143,21.539285714285715
1929-03-01,58.1,22.122580645161293,9.906451612903227,141.0,12.85483870967742,16.283870967741937
1929-04-01,68.9,18.186666666666667,7.846666666666667,79.8,11.053333333333335,12.323333333333332
1929-05-01,41.3,14.95483870967742,5.948387096774193,48.0,9.596774193548388,9.05483870967742
1929-06-01,86.5,12.063333333333333,4.093333333333333,32.5,8.603333333333333,7.383333333333334
1929-07-01,52.099999999999994,10.529032258064515,3.0129032258064514,37.7,7.941935483870967,7.632258064516129
1929-08-01,51.0,12.261290322580646,3.767741935483871,52.5,8.348387096774195,10.851612903225806
1929-09-01,71.4,14.453333333333335,4.253333333333333,72.3,9.026666666666667,15.113333333333333
1929-10-01,53.7,16.91290322580645,6.551612903225807,107.5,10.55483870967742,18.338709677419356
1929-11-01,40.5,18.926666666666666,7.6066666666666665,137.9,10.983333333333333,20.82
1929-12-01,65.4,20.57741935483871,9.077419354838709,179.6,11.73225806451613,22.33225806451613
1930-01-01,3.9,24.92258064516129,10.451612903225806,210.5,11.76774193548387,26.46451612903226
1930-02-01,85.4,27.560714285714287,13.317857142857141,180.8,14.307142857142859,21.657142857142855
1930-03-01,8.7,24.0,11.016129032258064,141.0,12.993548387096775,17.87741935483871
1930-04-01,43.9,18.9,7.756666666666666,79.8,11.026666666666667,12.773333333333333
1930-05-01,32.9,15.87741935483871,6.570967741935483,48.0,10.441935483870967,8.780645161290321
1930-06-01,32.1,12.843333333333334,3.8699999999999997,32.5,9.106666666666666,7.343333333333334
1930-07-01,65.5,12.738709677419354,5.625806451612903,37.7,9.748387096774193,7.367741935483871
1930-08-01,121.2,12.509677419354839,4.941935483870967,52.5,9.558064516129033,10.16451612903226
1930-09-01,73.8,15.129999999999999,5.696666666666667,72.3,9.993333333333334,14.846666666666666
1930-10-01,72.8,19.01290322580645,8.229032258064516,107.5,12.370967741935484,17.970967741935485
1930-11-01,54.099999999999994,20.596666666666668,8.23,137.9,11.453333333333335,22.1
1930-12-01,87.4,23.43548387096774,10.983870967741936,179.6,13.741935483870968,22.683870967741935
1931-01-01,57.599999999999994,22.806451612903224,10.151612903225805,210.5,11.980645161290322,24.387096774193548
1931-02-01,16.0,24.74642857142857,10.189285714285715,180.8,11.585714285714285,23.54642857142857
1931-03-01,70.5,21.751612903225805,9.648387096774194,141.0,12.770967741935483,16.25483870967742
1931-04-01,87.0,17.92,7.556666666666667,79.8,11.6,12.223333333333333
1931-05-01,102.7,14.951612903225806,8.070967741935483,48.0,11.948387096774193,7.593548387096774
1931-06-01,71.89999999999999,11.616666666666667,5.036666666666666,32.5,9.786666666666667,6.1433333333333335
1931-07-01,73.0,11.187096774193549,4.690322580645161,37.7,9.338709677419354,7.558064516129032
1931-08-01,90.7,12.229032258064517,4.9,52.5,9.187096774193549,10.429032258064517
1931-09-01,53.800000000000004,14.71,5.886666666666667,72.3,10.056666666666667,14.553333333333335
1931-10-01,26.599999999999998,16.912903225806453,6.245161290322581,107.5,9.570967741935483,19.283870967741933
1931-11-01,55.5,19.696666666666665,8.143333333333334,137.9,11.53,20.913333333333334
1931-12-01,18.0,24.238709677419354,10.135483870967741,179.6,12.758064516129032,26.396774193548385
1932-01-01,2.0,27.01290322580645,12.103225806451613,210.5,13.154838709677419,25.0258064516129
1932-02-01,90.5,22.551724137931036,10.924137931034483,186.0,13.53793103448276,19.03448275862069
1932-03-01,114.2,22.225806451612904,10.006451612903225,141.0,12.996774193548386,15.864516129032259
1932-04-01,103.39999999999999,17.64333333333333,8.979999999999999,79.8,12.95,11.066666666666666
1932-05-01,17.6,16.032258064516128,7.161290322580645,48.0,11.264516129032257,8.341935483870968
1932-06-01,79.2,12.133333333333333,4.833333333333333,32.5,9.403333333333334,6.9766666666666675
1932-07-01,57.699999999999996,11.422580645161291,4.487096774193549,37.7,9.025806451612903,7.645161290322581
1932-08-01,80.7,12.51290322580645,4.658064516129032,52.5,9.438709677419356,10.119354838709677
1932-09-01,43.6,15.319999999999999,6.343333333333334,72.3,10.68,14.22
1932-10-01,66.89999999999999,15.735483870967743,5.535483870967742,107.5,9.86774193548387,17.683870967741935
1932-11-01,35.8,20.953333333333333,8.526666666666667,137.9,12.07,21.826666666666664
1932-12-01,59.1,21.74516129032258,8.935483870967742,179.6,11.461290322580645,24.361290322580647
1933-01-01,35.6,23.480645161290322,10.567741935483872,210.5,12.683870967741935,23.348387096774193
1933-02-01,5.8999999999999995,25.335714285714285,10.485714285714286,180.8,11.760714285714286,22.839285714285715
1933-03-01,47.6,22.76451612903226,9.970967741935485,141.0,12.383870967741935,16.677419354838708
1933-04-01,41.199999999999996,18.516666666666666,7.73,79.8,11.479999999999999,11.776666666666667
1933-05-01,64.3,14.73225806451613,6.377419354838709,48.0,10.596774193548388,7.929032258064517
1933-06-01,58.1,13.21,5.343333333333334,32.5,9.526666666666667,6.45
1933-07-01,50.9,12.035483870967743,3.8741935483870966,37.7,8.874193548387098,7.525806451612904
1933-08-01,71.5,12.006451612903225,3.8193548387096774,52.5,8.461290322580645,10.019354838709678
1933-09-01,65.3,14.43,5.763333333333334,72.3,10.2,13.566666666666666
1933-10-01,53.699999999999996,19.312903225806455,7.316129032258065,107.5,11.116129032258065,18.58709677419355
1933-11-01,53.1,20.55,8.393333333333334,137.9,12.313333333333333,21.303333333333335
1933-12-01,60.0,22.416129032258063,10.36774193548387,179.6,13.009677419354839,22.87741935483871
1934-01-01,27.599999999999998,26.519354838709678,12.083870967741936,210.5,12.790322580645162,24.980645161290322
1934-02-01,14.0,26.060714285714287,12.25,180.8,13.321428571428571,21.860714285714288
1934-03-01,24.7,26.60967741935484,12.983870967741936,141.0,14.238709677419354,17.029032258064515
1934-04-01,112.0,17.45,8.323333333333332,79.8,11.593333333333334,10.833333333333334
1934-05-01,6.1000000000000005,17.041935483870965,6.135483870967742,48.0,10.509677419354839,9.387096774193548
1934-06-01,28.9,12.913333333333332,3.6866666666666665,32.5,8.41,7.42
1934-07-01,54.4,12.880645161290323,4.97741935483871,37.7,9.235483870967743,7.270967741935484
1934-08-01,77.2,13.016129032258064,5.025806451612904,52.5,9.306451612903226,9.916129032258064
1934-09-01,106.8,15.65,5.9,72.3,9.58,15.106666666666666
1934-10-01,84.9,17.112903225806452,6.812903225806451,107.5,11.116129032258065,17.4
1934-11-01,131.6,19.759999999999998,9.206666666666667,137.9,13.106666666666666,20.220000000000002
1934-12-01,24.799999999999997,22.5,9.929032258064517,179.6,12.361290322580645,23.648387096774194
1935-01-01,43.0,24.374193548387098,10.44516129032258,210.5,12.661290322580646,23.4
1935-02-01,28.599999999999998,24.646428571428572,11.485714285714286,180.8,13.564285714285715,20.77857142857143
1935-03-01,64.3,22.445161290322584,9.729032258064517,141.0,12.183870967741935,16.53548387096774
1935-04-01,84.2,18.19333333333333,8.746666666666666,79.8,12.646666666666667,10.053333333333335
1935-05-01,63.4,14.296774193548387,5.567741935483871,48.0,10.23225806451613,8.216129032258065
1935-06-01,62.1,12.126666666666667,4.52,32.5,9.536666666666667,6.04
1935-07-01,57.3,12.254838709677419,4.038709677419355,37.7,9.151612903225805,7.251612903225807
1935-08-01,101.9,14.119354838709677,5.329032258064516,52.5,9.712903225806452,10.351612903225806
1935-09-01,71.39999999999999,15.233333333333333,5.459999999999999,72.3,10.263333333333332,15.066666666666666
1935-10-01,47.1,17.796774193548387,6.896774193548388,107.5,10.983870967741936,17.73225806451613
1935-11-01,34.4,20.65,7.48,137.9,10.99,21.553333333333335
1935-12-01,23.1,23.73225806451613,9.941935483870967,179.6,11.738709677419354,23.0
1936-01-01,31.7,24.993548387096773,11.97741935483871,210.5,13.577419354838709,22.40967741935484
1936-02-01,4.3,25.910344827586208,11.772413793103448,186.0,13.296551724137931,21.20689655172414
1936-03-01,14.5,24.858064516129033,11.245161290322581,141.0,12.916129032258064,17.01290322580645
1936-04-01,47.4,17.95,7.326666666666667,79.8,11.046666666666665,11.79
1936-05-01,61.0,16.461290322580645,5.896774193548388,48.0,9.98709677419355,9.070967741935483
1936-06-01,81.0,11.616666666666667,4.486666666666666,32.5,9.120000000000001,6.52
1936-07-01,109.3,11.587096774193547,4.880645161290323,37.7,9.429032258064517,7.035483870967742
1936-08-01,99.7,13.058064516129033,5.587096774193548,52.5,9.796774193548387,10.33548387096774
1936-09-01,46.7,13.873333333333333,4.826666666666667,72.3,9.673333333333334,14.58
1936-10-01,87.5,17.019354838709678,6.65483870967742,107.5,10.474193548387097,17.44516129032258
1936-11-01,23.7,20.14,7.446666666666667,137.9,10.466666666666667,22.386666666666667
1936-12-01,64.4,22.716129032258067,11.151612903225805,179.6,13.993548387096775,20.822580645161292
1937-01-01,70.4,22.95483870967742,10.109677419354838,210.5,12.541935483870969,22.59032258064516
1937-02-01,46.0,25.803571428571427,12.346428571428572,180.8,13.74642857142857,20.917857142857144
1937-03-01,27.0,24.1,10.961290322580645,141.0,12.848387096774195,17.225806451612904
1937-04-01,25.2,18.026666666666664,7.44,79.8,10.620000000000001,12.133333333333333
1937-05-01,67.0,15.319354838709677,7.196774193548387,48.0,10.416129032258064,8.23225806451613
1937-06-01,20.599999999999998,11.983333333333333,3.2333333333333334,32.5,8.393333333333334,7.286666666666666
1937-07-01,47.4,11.87741935483871,3.732258064516129,37.7,8.093548387096774,7.767741935483872
1937-08-01,83.3,14.316129032258065,5.645161290322581,52.5,9.564516129032258,10.845161290322581
1937-09-01,73.0,15.473333333333333,6.21,72.3,10.03,14.5
1937-10-01,82.2,18.641935483870967,7.967741935483871,107.5,11.293548387096775,18.4
1937-11-01,31.4,22.18,9.783333333333333,137.9,11.953333333333335,21.44
1937-12-01,83.0,22.38064516129032,10.45483870967742,179.6,13.329032258064515,21.638709677419353
1938-01-01,27.799999999999997,25.23225806451613,11.441935483870967,210.5,12.712903225806452,24.29032258064516
1938-02-01,71.4,24.87142857142857,11.910714285714286,180.8,13.214285714285714,20.782142857142855
1938-03-01,30.1,23.509677419354837,11.248387096774193,141.0,12.961290322580645,17.16774193548387
1938-04-01,87.19999999999999,20.336666666666666,8.836666666666668,79.8,11.946666666666665,12.593333333333334
1938-05-01,32.3,16.825806451612905,7.196774193548387,48.0,10.793548387096775,8.664516129032258
1938-06-01,105.8,11.873333333333333,4.463333333333334,32.5,8.756666666666666,6.493333333333334
1938-07-01,40.0,11.864516129032259,3.851612903225807,37.7,8.612903225806452,7.825806451612903
1938-08-01,39.9,12.97741935483871,4.270967741935484,52.5,8.83548387096774,11.387096774193548
1938-09-01,46.099999999999994,15.47,5.53,72.3,9.643333333333334,15.17
1938-10-01,25.4,19.364516129032257,7.048387096774194,107.5,10.725806451612904,19.725806451612904
1938-11-01,44.6,22.553333333333335,9.033333333333333,137.9,12.293333333333333,22.61
1938-12-01,21.4,23.138709677419353,9.54516129032258,179.6,11.451612903225806,23.864516129032257
1939-01-01,11.7,27.883870967741935,12.85483870967742,210.5,13.038709677419355,24.79032258064516
1939-02-01,41.3,26.464285714285715,12.085714285714285,180.8,13.25357142857143,21.37857142857143
1939-03-01,11.299999999999999,22.91290322580645,10.870967741935484,141.0,12.932258064516128,17.248387096774195
1939-04-01,80.9,19.096666666666668,9.55,79.8,13.306666666666667,11.576666666666666
1939-05-01,58.5,16.5258064516129,7.703225806451614,48.0,11.280645161290321,8.200000000000001
1939-06-01,103.4,12.193333333333333,5.323333333333333,32.5,9.886666666666667,6.3533333333333335
1939-07-01,45.2,11.077419354838709,3.1774193548387095,37.7,8.996774193548386,7.432258064516129
1939-08-01,178.3,12.093548387096773,5.17741935483871,52.5,9.754838709677419,9.87741935483871
1939-09-01,73.39999999999999,14.643333333333334,5.446666666666667,72.3,10.139999999999999,14.139999999999999
1939-10-01,94.8,17.83225806451613,6.329032258064516,107.5,10.832258064516129,18.312903225806455
1939-11-01,94.4,18.956666666666667,8.226666666666667,137.9,12.006666666666666,20.303333333333335
1939-12-01,33.8,21.419354838709676,8.135483870967741,179.6,11.341935483870968,23.47741935483871
1940-01-01,43.1,24.161290322580644,10.580645161290322,210.5,13.183870967741935,23.95483870967742
1940-02-01,20.7,23.855172413793102,9.758620689655173,186.0,11.931034482758621,22.53103448275862
1940-03-01,16.9,27.24516129032258,11.196774193548388,141.0,12.606451612903227,18.003225806451614
1940-04-01,89.0,18.083333333333332,7.05,79.8,10.966666666666667,11.596666666666666
1940-05-01,41.1,14.261290322580646,5.138709677419355,48.0,9.8,8.44516129032258
1940-06-01,51.1,12.53,4.510000000000001,32.5,8.716666666666667,6.516666666666667
1940-07-01,73.7,11.51290322580645,4.72258064516129,37.7,9.051612903225807,6.612903225806452
1940-08-01,41.099999999999994,14.038709677419355,4.12258064516129,52.5,8.46774193548387,11.425806451612903
1940-09-01,35.3,15.563333333333333,5.5633333333333335,72.3,9.713333333333333,14.833333333333334
1940-10-01,23.299999999999997,20.396774193548385,7.603225806451612,107.5,10.7,19.041935483870965
1940-11-01,89.7,18.970000000000002,7.213333333333334,137.9,11.043333333333333,20.456666666666667
1940-12-01,59.9,23.970967741935485,9.64516129032258,179.6,12.94516129032258,22.748387096774195
1941-01-01,121.19999999999999,23.5741935483871,11.16451612903226,210.5,13.422580645161291,22.783870967741933
1941-02-01,28.2,25.053571428571427,11.117857142857144,180.8,12.921428571428573,21.97142857142857
1941-03-01,60.199999999999996,20.84193548387097,9.725806451612904,141.0,12.851612903225806,14.98709677419355
1941-04-01,64.5,20.353333333333335,9.413333333333332,79.8,12.303333333333335,11.476666666666667
1941-05-01,37.6,15.074193548387097,6.164516129032258,48.0,10.235483870967743,8.306451612903226
1941-06-01,59.6,12.646666666666667,5.08,32.5,9.456666666666667,6.416666666666667
1941-07-01,85.89999999999999,11.529032258064515,5.016129032258065,37.7,9.351612903225806,7.04516129032258
1941-08-01,68.4,13.396774193548387,4.554838709677419,52.5,8.851612903225806,10.503225806451614
1941-09-01,123.0,14.53,5.426666666666667,72.3,9.99,14.206666666666667
1941-10-01,59.099999999999994,15.580645161290322,5.958064516129032,107.5,10.2,18.32903225806452
1941-11-01,35.0,21.243333333333332,8.266666666666667,137.9,11.683333333333334,20.826666666666664
1941-12-01,43.099999999999994,24.506451612903227,10.541935483870969,179.6,13.148387096774194,23.461290322580645
1942-01-01,35.0,25.848387096774193,11.216129032258063,210.5,13.029032258064515,23.848387096774193
1942-02-01,16.5,24.82857142857143,11.442857142857141,180.8,13.796428571428573,20.72142857142857
1942-03-01,31.099999999999998,24.29032258064516,10.667741935483871,141.0,12.245161290322581,16.683870967741935
1942-04-01,64.7,18.123333333333335,7.876666666666667,79.8,11.626666666666667,11.67
1942-05-01,142.4,14.64516129032258,8.183870967741935,48.0,11.574193548387097,6.551612903225807
1942-06-01,77.8,12.633333333333333,5.42,32.5,9.32,6.286666666666666
1942-07-01,88.9,11.46774193548387,4.12258064516129,37.7,8.77741935483871,7.380645161290323
1942-08-01,119.6,13.080645161290322,5.512903225806451,52.5,9.851612903225806,9.341935483870968
1942-09-01,112.10000000000001,15.526666666666667,5.989999999999999,72.3,10.07,13.94
1942-10-01,41.9,18.42258064516129,6.929032258064517,107.5,11.274193548387096,19.219354838709677
1942-11-01,81.5,20.39,8.563333333333333,137.9,12.356666666666666,19.89
1942-12-01,24.8,24.083870967741937,10.787096774193548,179.6,13.529032258064515,23.4
1943-01-01,19.7,26.374193548387098,11.596774193548388,210.5,13.196774193548388,23.416129032258063
1943-02-01,50.7,24.939285714285713,10.678571428571429,180.8,13.232142857142858,19.842857142857145
1943-03-01,9.6,23.81935483870968,9.574193548387097,141.0,12.12258064516129,17.538709677419355
1943-04-01,68.0,16.63,6.803333333333333,79.8,10.866666666666667,10.833333333333334
1943-05-01,43.699999999999996,14.048387096774194,5.274193548387097,48.0,9.738709677419354,8.148387096774194
1943-06-01,59.699999999999996,11.726666666666667,4.196666666666667,32.5,9.196666666666665,6.0
1943-07-01,86.5,11.219354838709679,4.0677419354838715,37.7,8.480645161290322,7.709677419354839
1943-08-01,95.3,11.577419354838709,2.703225806451613,52.5,8.264516129032257,10.370967741935484
1943-09-01,87.0,13.973333333333333,5.236666666666666,72.3,10.246666666666666,13.67
1943-10-01,48.800000000000004,16.206451612903226,5.690322580645161,107.5,10.435483870967742,17.687096774193545
1943-11-01,36.3,19.583333333333332,7.573333333333333,137.9,11.673333333333334,20.98
1943-12-01,12.3,21.5258064516129,8.841935483870968,179.6,11.980645161290322,23.200000000000003
1944-01-01,20.9,26.796774193548387,10.574193548387097,210.5,12.258064516129032,23.925806451612903
1944-02-01,31.7,24.96551724137931,10.786206896551725,186.0,12.289655172413791,21.551724137931036
1944-03-01,15.6,23.75483870967742,10.161290322580646,141.0,12.490322580645161,16.348387096774193
1944-04-01,70.39999999999999,16.529999999999998,6.963333333333334,79.8,10.313333333333333,9.94
1944-05-01,102.2,13.603225806451613,6.248387096774193,48.0,10.529032258064515,6.567741935483871
1944-06-01,30.0,11.7,3.43,32.5,8.446666666666667,6.383333333333334
1944-07-01,66.8,11.32258064516129,3.6838709677419357,37.7,8.290322580645162,7.119354838709677
1944-08-01,22.3,12.509677419354839,2.693548387096774,52.5,8.325806451612904,11.248387096774193
1944-09-01,50.8,16.62666666666667,5.876666666666667,72.3,10.156666666666666,13.976666666666667
1944-10-01,60.4,17.75483870967742,6.151612903225806,107.5,10.425806451612903,17.141935483870967
1944-11-01,57.6,20.720000000000002,8.28,137.9,11.74,18.46333333333333
1944-12-01,77.69999999999999,22.806451612903224,9.416129032258064,179.6,12.05483870967742,22.19677419354839
1945-01-01,24.0,24.838709677419356,10.425806451612903,210.5,12.864516129032259,21.664516129032258
1945-02-01,67.5,22.614285714285717,10.478571428571428,180.8,13.178571428571429,19.510714285714283
1945-03-01,7.9,20.125806451612902,8.016129032258064,141.0,11.338709677419354,15.003225806451614
1945-04-01,15.1,18.913333333333334,6.533333333333333,79.8,10.746666666666666,11.603333333333333
1945-05-01,60.4,15.006451612903225,5.5,48.0,10.119354838709677,8.138709677419355
1945-06-01,51.9,13.806666666666667,5.23,32.5,9.893333333333334,6.423333333333333
1945-07-01,53.5,10.958064516129031,2.8419354838709676,37.7,8.412903225806453,7.254838709677419
1945-08-01,92.8,13.019354838709678,5.767741935483872,52.5,10.112903225806452,9.548387096774194
1945-09-01,43.0,14.563333333333333,4.803333333333333,72.3,9.8,13.92
1945-10-01,97.4,17.141935483870967,6.748387096774193,107.5,10.848387096774195,15.16451612903226
1945-11-01,64.8,20.88,8.543333333333333,137.9,11.99,19.19
1945-12-01,36.5,24.858064516129033,9.861290322580645,179.6,12.948387096774194,24.76774193548387
1946-01-01,89.3,25.63548387096774,11.04516129032258,210.5,13.774193548387096,22.40967741935484
1946-02-01,128.9,23.489285714285717,10.971428571428572,180.8,13.728571428571428,17.853571428571428
1946-03-01,251.39999999999998,20.438709677419357,9.7,141.0,13.01290322580645,15.196774193548388
1946-04-01,45.4,16.173333333333332,6.6066666666666665,79.8,11.26,10.92
1946-05-01,32.1,14.87741935483871,6.009677419354839,48.0,10.151612903225805,8.406451612903227
1946-06-01,72.2,11.06,3.8433333333333333,32.5,8.566666666666666,5.673333333333333
1946-07-01,122.6,12.087096774193547,5.406451612903226,37.7,9.329032258064515,7.019354838709678
1946-08-01,75.39999999999999,12.19032258064516,4.619354838709677,52.5,9.106451612903227,9.358064516129033
1946-09-01,93.89999999999999,13.583333333333334,4.8100000000000005,72.3,9.316666666666666,13.05
1946-10-01,47.199999999999996,15.341935483870968,4.699999999999999,107.5,9.819354838709677,16.480645161290322
1946-11-01,26.3,19.61,7.3933333333333335,137.9,11.379999999999999,19.433333333333334
1946-12-01,37.4,22.94193548387097,9.816129032258065,179.6,12.922580645161291,21.874193548387098
1947-01-01,23.1,26.358064516129033,10.696774193548388,210.5,12.990322580645161,24.183870967741935
1947-02-01,21.2,27.32857142857143,13.721428571428572,180.8,15.450000000000001,19.63214285714286
1947-03-01,126.6,22.883870967741935,10.906451612903227,141.0,13.39032258064516,14.364516129032259
1947-04-01,42.199999999999996,19.086666666666666,8.31,79.8,12.363333333333333,11.49
1947-05-01,34.6,17.687096774193545,6.748387096774193,48.0,11.070967741935483,8.490322580645161
1947-06-01,110.8,12.996666666666666,5.02,32.5,9.413333333333332,6.256666666666666
1947-07-01,130.1,11.05483870967742,5.019354838709678,37.7,9.135483870967741,6.393548387096774
1947-08-01,76.7,11.796774193548387,4.280645161290322,52.5,8.803225806451612,9.396774193548387
1947-09-01,48.4,14.656666666666666,5.3,72.3,10.129999999999999,13.79
1947-10-01,83.0,16.82903225806452,6.603225806451612,107.5,11.009677419354839,15.893548387096773
1947-11-01,62.599999999999994,18.636666666666667,7.426666666666667,137.9,11.46,18.186666666666667
1947-12-01,91.60000000000001,22.72258064516129,10.016129032258064,179.6,13.593548387096773,21.370967741935484
1948-01-01,48.599999999999994,24.925806451612903,10.219354838709679,210.5,12.27741935483871,25.712903225806453
1948-02-01,7.7,25.06551724137931,11.89655172413793,186.0,14.048275862068964,18.155172413793103
1948-03-01,14.9,21.029032258064515,7.609677419354839,141.0,11.129032258064516,16.751612903225805
1948-04-01,112.3,17.709999999999997,7.803333333333333,79.8,11.620000000000001,10.71
1948-05-01,79.8,13.67741935483871,6.532258064516129,48.0,10.85483870967742,6.52258064516129
1948-06-01,54.0,12.103333333333333,3.8266666666666667,32.5,9.1,6.430000000000001
1948-07-01,59.9,10.883870967741935,3.764516129032258,37.7,8.270967741935483,6.990322580645161
1948-08-01,55.199999999999996,14.009677419354839,4.867741935483871,52.5,9.44516129032258,10.51290322580645
1948-09-01,56.1,15.71,5.683333333333334,72.3,10.483333333333333,14.116666666666667
1948-10-01,131.5,15.94516129032258,5.5,107.5,10.496774193548386,16.532258064516128
1948-11-01,64.4,18.876666666666665,7.073333333333333,137.9,11.643333333333334,19.623333333333335
1948-12-01,62.39999999999999,23.07741935483871,9.648387096774194,179.6,12.570967741935483,19.551612903225806
1949-01-01,29.799999999999997,24.283870967741933,10.880645161290323,210.5,13.312903225806451,20.90967741935484
1949-02-01,93.8,21.42142857142857,9.146428571428572,180.8,12.807142857142859,18.37142857142857
1949-03-01,31.700000000000003,21.538709677419355,9.616129032258065,141.0,13.254838709677419,14.596774193548388
1949-04-01,23.5,17.226666666666667,6.47,79.8,10.963333333333333,10.443333333333333
1949-05-01,76.1,13.570967741935483,5.480645161290322,48.0,10.13225806451613,6.674193548387097
1949-06-01,59.4,11.213333333333333,2.65,32.5,8.533333333333333,6.1066666666666665
1949-07-01,53.0,11.751612903225807,4.47741935483871,37.7,9.338709677419354,6.432258064516129
1949-08-01,32.4,13.283870967741937,4.087096774193548,52.5,8.77741935483871,9.606451612903227
1949-09-01,50.0,15.003333333333334,4.430000000000001,72.3,9.736666666666668,14.116666666666667
1949-10-01,137.6,16.44516129032258,6.629032258064516,107.5,11.55483870967742,13.716129032258063
1949-11-01,117.3,18.740000000000002,8.433333333333334,137.9,12.79,15.506666666666666
1949-12-01,23.7,21.664516129032258,8.22258064516129,179.6,11.738709677419354,21.074193548387097
1950-01-01,21.8,24.603225806451615,9.603225806451613,210.5,12.26774193548387,21.419354838709676
1950-02-01,78.0,23.814285714285713,11.549999999999999,180.8,14.196428571428571,18.63214285714286
1950-03-01,35.8,22.0258064516129,10.32258064516129,141.0,13.993548387096775,15.141935483870967
1950-04-01,50.9,18.983333333333334,7.503333333333333,79.8,11.976666666666667,11.806666666666667
1950-05-01,54.3,14.774193548387096,5.709677419354839,48.0,10.538709677419355,7.367741935483871
1950-06-01,25.7,11.84,3.35,32.5,8.816666666666666,6.33
1950-07-01,45.6,12.319354838709677,4.138709677419355,37.7,9.138709677419355,7.038709677419354
1950-08-01,70.8,13.051612903225807,4.080645161290323,52.5,9.203225806451613,9.858064516129033
1950-09-01,90.5,16.4,5.510000000000001,72.3,10.603333333333333,14.786666666666667
1950-10-01,49.4,17.77741935483871,6.958064516129032,107.5,11.167741935483871,16.916129032258063
1950-11-01,34.5,21.33,7.9766666666666675,137.9,12.06,20.163333333333334
1950-12-01,35.9,26.41290322580645,11.04516129032258,179.6,12.996774193548386,25.33225806451613
1951-01-01,20.7,29.09032258064516,13.403225806451612,210.5,14.680645161290323,24.061290322580643
1951-02-01,69.2,26.42142857142857,12.542857142857143,180.8,14.339285714285714,19.928571428571427
1951-03-01,11.5,24.61935483870968,10.848387096774195,141.0,13.658064516129032,16.57741935483871
1951-04-01,129.0,16.029999999999998,7.22,79.8,11.086666666666668,9.16
1951-05-01,107.0,14.312903225806451,6.538709677419354,48.0,11.087096774193547,6.458064516129032
1951-06-01,35.0,12.873333333333333,5.239999999999999,32.5,10.126666666666667,5.62
1951-07-01,107.1,11.27741935483871,4.490322580645161,37.7,9.016129032258064,6.47741935483871
1951-08-01,115.5,11.19032258064516,4.009677419354839,52.5,8.858064516129033,8.829032258064515
1951-09-01,38.9,15.213333333333333,6.033333333333333,72.3,10.286666666666667,12.546666666666665
1951-10-01,103.89999999999999,17.383870967741935,6.6,107.5,10.941935483870967,17.5258064516129
1951-11-01,43.3,20.116666666666667,6.886666666666667,137.9,10.056666666666667,20.083333333333332
1951-12-01,61.6,23.45483870967742,9.170967741935485,179.6,12.080645161290322,20.9
1952-01-01,110.1,25.58709677419355,9.916129032258064,210.5,12.087096774193547,22.809677419354838
1952-02-01,48.6,22.879310344827587,9.806896551724137,186.0,12.03103448275862,18.406896551724138
1952-03-01,19.7,23.79032258064516,10.306451612903226,141.0,13.058064516129033,14.67741935483871
1952-04-01,76.9,16.613333333333333,6.87,79.8,11.056666666666667,9.7
1952-05-01,98.6,14.035483870967743,5.809677419354839,48.0,10.425806451612903,6.800000000000001
1952-06-01,136.6,12.283333333333333,5.72,32.5,10.16,5.416666666666667
1952-07-01,75.4,10.816129032258065,3.103225806451613,37.7,8.26774193548387,6.82258064516129
1952-08-01,89.3,12.53225806451613,4.025806451612903,52.5,9.048387096774194,10.17741935483871
1952-09-01,89.3,15.066666666666666,5.343333333333334,72.3,9.766666666666667,13.286666666666667
1952-10-01,94.0,16.325806451612905,6.303225806451613,107.5,10.741935483870968,14.364516129032259
1952-11-01,140.5,18.7,7.03,137.9,11.7,19.053333333333335
1952-12-01,59.0,21.616129032258065,9.3,179.6,11.719354838709679,20.33225806451613
1953-01-01,24.499999999999996,25.40967741935484,10.793548387096775,210.5,13.009677419354839,22.703225806451613
1953-02-01,10.0,25.560714285714287,11.039285714285715,180.8,13.414285714285715,20.75714285714286
1953-03-01,9.7,24.990322580645163,9.916129032258064,141.0,11.887096774193548,17.96451612903226
1953-04-01,45.800000000000004,19.60666666666667,8.426666666666668,79.8,12.383333333333333,10.93
1953-05-01,50.6,15.958064516129031,6.112903225806452,48.0,10.625806451612902,7.554838709677419
1953-06-01,95.6,11.886666666666667,4.83,32.5,9.173333333333334,5.753333333333333
1953-07-01,118.1,11.648387096774194,4.003225806451613,37.7,8.716129032258063,7.087096774193548
1953-08-01,109.5,11.941935483870967,4.422580645161291,52.5,9.2,8.825806451612904
1953-09-01,88.1,14.513333333333332,4.63,72.3,9.483333333333333,13.51
1953-10-01,75.6,17.56451612903226,5.787096774193548,107.5,10.26774193548387,17.93548387096774
1953-11-01,110.6,18.646666666666665,6.8533333333333335,137.9,10.573333333333332,20.146666666666665
1953-12-01,34.300000000000004,22.419354838709676,8.596774193548388,179.6,10.77741935483871,21.270967741935483
1954-01-01,44.599999999999994,26.86774193548387,12.074193548387097,210.5,13.44516129032258,23.293548387096774
1954-02-01,15.9,22.407142857142855,9.914285714285715,180.8,12.635714285714286,19.717857142857145
1954-03-01,22.0,22.27741935483871,7.864516129032259,141.0,11.087096774193547,16.625806451612902
1954-04-01,104.3,18.903333333333332,8.026666666666667,79.8,11.946666666666665,10.013333333333332
1954-05-01,43.5,14.87741935483871,6.367741935483871,48.0,10.648387096774194,7.34516129032258
1954-06-01,61.8,12.136666666666667,4.4366666666666665,32.5,9.016666666666667,5.626666666666667
1954-07-01,48.5,11.77741935483871,3.429032258064516,37.7,8.83548387096774,7.206451612903226
1954-08-01,64.6,13.070967741935483,4.158064516129032,52.5,9.103225806451613,9.616129032258065
1954-09-01,52.699999999999996,15.28,4.506666666666666,72.3,9.566666666666666,14.393333333333334
1954-10-01,70.6,17.493548387096773,6.532258064516129,107.5,10.580645161290322,15.683870967741935
1954-11-01,92.0,19.85,7.056666666666667,137.9,11.129999999999999,19.763333333333332
1954-12-01,46.7,24.070967741935487,10.519354838709678,179.6,12.912903225806453,22.729032258064517
1955-01-01,18.4,26.419354838709676,11.425806451612903,210.5,13.077419354838709,23.299999999999997
1955-02-01,20.599999999999998,25.439285714285713,12.87857142857143,180.8,15.960714285714285,17.54642857142857
1955-03-01,15.3,23.15806451612903,9.94516129032258,141.0,12.796774193548387,15.203225806451613
1955-04-01,73.1,19.06,7.4,79.8,11.123333333333333,11.373333333333333
1955-05-01,75.5,13.754838709677419,5.574193548387097,48.0,10.3,6.987096774193549
1955-06-01,95.1,11.84,4.21,32.5,9.703333333333335,5.77
1955-07-01,43.699999999999996,11.33548387096774,4.483870967741935,37.7,9.067741935483872,6.483870967741935
1955-08-01,122.8,12.912903225806453,5.483870967741935,52.5,9.619354838709677,9.55483870967742
1955-09-01,46.5,15.22,5.873333333333333,72.3,10.906666666666666,13.243333333333334
1955-10-01,76.4,17.4,6.854838709677419,107.5,10.951612903225806,16.43548387096774
1955-11-01,64.9,18.246666666666666,6.286666666666666,137.9,10.06,18.876666666666665
1955-12-01,71.4,21.925806451612903,9.254838709677419,179.6,11.825806451612904,20.951612903225808
1956-01-01,51.3,24.70967741935484,10.048387096774194,210.5,12.974193548387097,21.374193548387098
1956-02-01,2.3,28.675862068965518,13.53103448275862,186.0,15.489655172413793,22.055172413793105
1956-03-01,105.8,24.370967741935484,12.225806451612904,141.0,15.893548387096773,13.938709677419356
1956-04-01,106.3,18.38,8.503333333333334,79.8,12.986666666666668,10.81
1956-05-01,91.4,14.332258064516129,6.1,48.0,11.274193548387096,7.087096774193548
1956-06-01,102.4,11.523333333333333,3.8766666666666665,32.5,9.056666666666667,6.34
1956-07-01,58.699999999999996,11.341935483870968,4.52258064516129,37.7,9.296774193548387,6.738709677419355
1956-08-01,88.39999999999999,11.761290322580646,3.8096774193548386,52.5,9.087096774193547,10.087096774193547
1956-09-01,65.7,14.053333333333335,4.923333333333333,72.3,9.97,13.093333333333334
1956-10-01,79.7,15.019354838709676,5.470967741935484,107.5,10.390322580645162,15.59032258064516
1956-11-01,49.9,17.986666666666668,6.413333333333333,137.9,10.563333333333333,19.16
1956-12-01,35.5,20.716129032258067,7.52258064516129,179.6,10.319354838709677,21.490322580645163
1957-01-01,2.9000000000000004,25.387096774193548,8.577419354838709,210.5,10.119354838709677,27.14516129032258
1957-02-01,139.5,25.267857142857142,10.882142857142856,180.8,12.742857142857144,22.25714285714286
1957-03-01,41.800000000000004,22.112903225806452,9.129032258064516,141.0,11.693548387096774,15.919354838709678
1957-04-01,43.9,18.709999999999997,7.8,79.8,10.41,11.293333333333333
1957-05-01,55.199999999999996,14.94516129032258,6.090322580645162,48.0,9.525806451612903,7.66774193548387
1957-06-01,38.5,16.113333333333333,7.426666666666667,32.5,10.06,6.546666666666667
1957-07-01,30.8,11.829032258064515,3.0999999999999996,37.7,7.883870967741935,6.970967741935484
1957-08-01,48.5,13.996774193548386,4.309677419354839,52.5,8.658064516129032,10.674193548387096
1957-09-01,97.0,15.21,4.883333333333334,72.3,9.156666666666666,13.283333333333333
1957-10-01,75.8,17.393548387096775,6.548387096774194,107.5,9.951612903225806,15.470967741935485
1957-11-01,44.5,19.503333333333334,7.983333333333333,137.9,10.33,19.80666666666667
1957-12-01,58.3,23.496774193548386,10.148387096774194,179.6,11.37741935483871,21.20967741935484
1958-01-01,26.4,23.983870967741936,9.925806451612903,210.5,11.612903225806452,23.23548387096774
1958-02-01,43.3,25.36785714285714,11.789285714285715,180.8,13.37857142857143,20.478571428571428
1958-03-01,18.7,22.5,10.612903225806452,141.0,12.141935483870967,15.035483870967743
1958-04-01,32.8,21.103333333333335,7.306666666666667,79.8,10.306666666666667,13.946666666666665
1958-05-01,130.2,15.558064516129033,8.51290322580645,48.0,11.167741935483871,6.429032258064517
1958-06-01,37.7,12.583333333333334,3.8866666666666663,32.5,8.25,6.8100000000000005
1958-07-01,77.6,11.30967741935484,3.574193548387097,37.7,8.125806451612904,6.909677419354839
1958-08-01,118.8,12.27741935483871,5.493548387096775,52.5,9.119354838709677,8.325806451612904
1958-09-01,75.3,14.333333333333334,4.930000000000001,72.3,9.360000000000001,12.753333333333334
1958-10-01,92.5,16.570967741935487,7.238709677419355,107.5,10.603225806451613,15.319354838709677
1958-11-01,53.4,21.19333333333333,9.66,137.9,12.496666666666666,18.53666666666667
1958-12-01,24.4,20.883870967741935,8.903225806451612,179.6,11.148387096774194,21.37741935483871
1959-01-01,38.199999999999996,29.174193548387095,13.509677419354839,210.5,13.383870967741935,26.183870967741935
1959-02-01,67.5,24.585714285714285,12.060714285714285,180.8,13.264285714285714,20.160714285714285
1959-03-01,85.3,22.94516129032258,11.706451612903225,141.0,13.861290322580645,15.125806451612902
1959-04-01,15.6,20.033333333333335,8.463333333333333,79.8,11.606666666666666,11.896666666666668
1959-05-01,23.6,15.925806451612903,5.535483870967742,48.0,9.416129032258064,8.480645161290322
1959-06-01,52.0,13.296666666666665,4.98,32.5,8.973333333333333,6.21
1959-07-01,45.5,12.125806451612902,4.348387096774194,37.7,8.738709677419354,5.883870967741935
1959-08-01,82.89999999999999,14.493548387096775,4.932258064516129,52.5,9.17741935483871,10.974193548387097
1959-09-01,54.1,15.04,4.626666666666667,72.3,9.293333333333333,13.923333333333334
1959-10-01,53.5,17.938709677419357,7.035483870967742,107.5,10.651612903225805,16.87741935483871
1959-11-01,20.3,24.283333333333335,10.433333333333334,137.9,11.856666666666666,20.43
1959-12-01,119.8,21.406451612903226,9.3,179.6,11.26774193548387,22.041935483870965
1960-01-01,40.1,28.080645161290324,13.19032258064516,210.5,13.387096774193548,22.44193548387097
1960-02-01,109.6,23.50344827586207,11.117241379310345,186.0,12.193103448275863,19.410344827586208
1960-03-01,57.1,23.406451612903226,11.12258064516129,141.0,12.564516129032258,15.19032258064516
1960-04-01,107.89999999999999,17.279999999999998,8.556666666666667,79.8,10.74,9.08
1960-05-01,119.8,12.661290322580646,6.070967741935483,48.0,9.59032258064516,6.22258064516129
1960-06-01,45.4,11.796666666666665,4.04,32.5,8.856666666666666,7.0
1960-07-01,82.7,11.293548387096775,3.796774193548387,37.7,8.387096774193548,6.606451612903225
1960-08-01,75.6,11.912903225806453,3.4064516129032256,52.5,8.416129032258064,10.0
1960-09-01,151.2,14.05,6.4399999999999995,72.3,10.446666666666665,10.05
1960-10-01,44.5,18.26774193548387,7.206451612903226,107.5,10.36774193548387,19.32903225806452
1960-11-01,91.9,18.05666666666667,6.6,137.9,9.933333333333334,19.453333333333333
1960-12-01,22.599999999999998,26.283870967741937,11.648387096774194,179.6,12.47741935483871,24.75483870967742
1961-01-01,9.5,30.070967741935487,13.896774193548387,210.5,13.341935483870968,26.374193548387098
1961-02-01,16.5,27.021428571428572,12.185714285714285,180.8,12.857142857142858,21.821428571428573
1961-03-01,30.700000000000003,24.03548387096774,10.861290322580645,141.0,13.180645161290323,16.62258064516129
1961-04-01,128.0,19.34333333333333,10.389999999999999,79.8,12.873333333333333,9.626666666666667
1961-05-01,44.1,15.66451612903226,5.861290322580645,48.0,10.058064516129033,8.064516129032258
1961-06-01,48.2,13.726666666666667,5.760000000000001,32.5,9.78,6.47
1961-07-01,85.3,11.864516129032259,4.406451612903226,37.7,9.183870967741935,6.309677419354839
1961-08-01,68.7,13.670967741935485,4.793548387096774,52.5,9.32258064516129,9.851612903225806
1961-09-01,53.300000000000004,17.456666666666667,5.66,72.3,9.776666666666667,15.506666666666666
1961-10-01,96.3,19.84193548387097,7.925806451612903,107.5,11.16451612903226,16.98709677419355
1961-11-01,34.9,22.46333333333333,9.53,137.9,11.576666666666666,20.913333333333334
1961-12-01,49.5,25.19677419354839,10.654838709677419,179.6,12.264516129032257,23.809677419354838
1962-01-01,16.7,27.374193548387098,12.541935483870969,210.5,12.980645161290324,24.548387096774192
1962-02-01,32.6,25.114285714285717,10.896428571428572,180.8,11.971428571428572,22.092857142857145
1962-03-01,41.1,24.17096774193548,11.329032258064515,141.0,12.670967741935485,16.948387096774194
1962-04-01,11.5,20.46333333333333,8.556666666666667,79.8,10.416666666666666,12.013333333333332
1962-05-01,81.7,14.319354838709677,6.025806451612904,48.0,9.748387096774193,7.148387096774194
1962-06-01,112.2,13.723333333333333,7.003333333333333,32.5,9.716666666666667,6.6033333333333335
1962-07-01,33.4,13.12258064516129,5.238709677419355,37.7,8.848387096774195,7.316129032258065
1962-08-01,86.7,13.01290322580645,5.47741935483871,52.5,8.890322580645162,9.229032258064517
1962-09-01,96.8,15.366666666666667,5.993333333333334,72.3,9.270000000000001,14.639999999999999
1962-10-01,105.2,15.887096774193548,6.180645161290323,107.5,9.422580645161291,16.929032258064513
1962-11-01,31.9,21.14,8.126666666666667,137.9,10.423333333333334,20.563333333333333
1962-12-01,33.0,23.151612903225807,10.603225806451613,179.6,12.125806451612902,21.480645161290322
1963-01-01,136.3,25.274193548387096,12.187096774193549,210.5,13.451612903225806,21.816129032258065
1963-02-01,21.3,23.682142857142857,11.153571428571428,180.8,12.75,20.49642857142857
1963-03-01,32.0,22.719354838709677,10.629032258064516,141.0,12.83548387096774,16.329032258064515
1963-04-01,4.2,18.916666666666668,7.223333333333333,79.8,10.53,11.976666666666667
1963-05-01,94.3,14.764516129032257,8.14516129032258,48.0,10.825806451612904,5.496774193548387
1963-06-01,51.8,12.683333333333334,5.92,32.5,9.666666666666666,5.823333333333333
1963-07-01,105.19999999999999,11.425806451612903,4.287096774193548,37.7,8.390322580645162,6.774193548387097
1963-08-01,61.3,13.42258064516129,4.970967741935484,52.5,8.66451612903226,9.612903225806452
1963-09-01,86.7,15.706666666666667,6.703333333333333,72.3,9.853333333333333,13.263333333333332
1963-10-01,21.400000000000002,20.29032258064516,9.041935483870969,107.5,11.964516129032257,17.951612903225808
1963-11-01,21.3,21.84333333333333,8.653333333333334,137.9,10.456666666666667,22.05666666666667
1963-12-01,11.2,24.19677419354839,10.625806451612902,179.6,11.696774193548388,24.51290322580645
1964-01-01,16.0,24.9741935483871,10.612903225806452,210.5,11.47741935483871,23.94193548387097
1964-02-01,70.7,23.282758620689656,11.386206896551723,186.0,12.524137931034483,18.586206896551722
1964-03-01,40.1,22.77741935483871,9.438709677419356,141.0,10.832258064516129,17.47741935483871
1964-04-01,65.0,18.816666666666666,8.933333333333334,79.8,11.976666666666667,9.683333333333334
1964-05-01,55.699999999999996,15.187096774193549,6.719354838709678,48.0,9.790322580645162,8.612903225806452
1964-06-01,81.5,12.76,5.86,32.5,9.456666666666667,6.453333333333333
1964-07-01,169.6,11.5,4.945161290322581,37.7,8.729032258064517,7.1
1964-08-01,78.0,12.899999999999999,5.803225806451613,52.5,9.651612903225805,8.745161290322581
1964-09-01,88.3,15.006666666666666,6.14,72.3,9.726666666666667,14.486666666666668
1964-10-01,71.9,16.09032258064516,6.754838709677419,107.5,10.374193548387098,16.083870967741934
1964-11-01,106.3,19.82,8.653333333333334,137.9,11.129999999999999,20.02
1964-12-01,124.8,18.758064516129032,8.654838709677419,179.6,11.064516129032258,18.932258064516127
1965-01-01,2.3,23.812903225806455,10.058064516129033,210.5,11.761290322580646,23.98709677419355
1965-02-01,5.8,26.70714285714286,11.521428571428572,180.8,12.789285714285715,21.99285714285714
1965-03-01,27.8,23.690322580645162,9.290322580645162,141.0,10.993548387096775,17.26451612903226
1965-04-01,85.1,17.376666666666665,6.33,79.8,10.693333333333333,11.646666666666667
1965-05-01,69.4,15.251612903225807,6.729032258064516,48.0,10.69032258064516,6.958064516129032
1965-06-01,47.0,12.91,4.376666666666667,32.5,8.873333333333333,6.709999999999999
1965-07-01,73.6,11.112903225806452,2.8677419354838714,37.7,8.548387096774194,6.432258064516129
1965-08-01,62.599999999999994,13.283870967741937,4.877419354838709,52.5,9.703225806451613,8.912903225806453
1965-09-01,53.0,16.18,6.21,72.3,10.57,13.686666666666667
1965-10-01,22.7,19.648387096774194,7.687096774193549,107.5,10.422580645161291,17.91290322580645
1965-11-01,81.0,19.726666666666667,7.226666666666666,137.9,10.336666666666668,19.040000000000003
1965-12-01,43.3,25.141935483870967,11.906451612903227,179.6,13.216129032258063,23.29032258064516
1966-01-01,13.5,27.0258064516129,11.932258064516128,210.5,12.841935483870968,23.322580645161292
1966-02-01,46.199999999999996,24.37857142857143,11.096428571428572,180.8,13.332142857142857,20.99285714285714
1966-03-01,85.4,23.216129032258067,10.761290322580646,141.0,12.36774193548387,15.529032258064515
1966-04-01,41.4,18.183333333333334,7.176666666666667,79.8,10.753333333333334,11.806666666666667
1966-05-01,34.6,14.893548387096773,6.538709677419354,48.0,9.948387096774193,7.270967741935484
1966-06-01,35.9,11.966666666666667,3.0133333333333336,32.5,8.49,6.36
1966-07-01,108.89999999999999,10.82258064516129,3.8,37.7,8.529032258064515,6.551612903225807
1966-08-01,83.9,12.641935483870967,3.787096774193548,52.5,8.741935483870968,9.85483870967742
1966-09-01,70.1,14.706666666666667,6.430000000000001,72.3,10.01,12.336666666666668
1966-10-01,42.4,17.493548387096773,6.687096774193549,107.5,10.32258064516129,16.161290322580644
1966-11-01,44.5,21.936666666666667,9.386666666666667,137.9,11.81,19.706666666666667
1966-12-01,98.1,22.23225806451613,10.035483870967743,179.6,12.135483870967741,20.677419354838708
1967-01-01,28.2,24.758064516129032,9.770967741935483,210.5,11.996774193548386,23.032258064516128
1967-02-01,35.099999999999994,27.825,12.553571428571429,180.8,12.353571428571428,22.107142857142858
1967-03-01,18.2,23.116129032258065,9.925806451612903,141.0,12.383870967741935,17.296774193548387
1967-04-01,13.799999999999999,21.09,8.45,79.8,11.53,11.59
1967-05-01,19.9,16.70967741935484,5.848387096774194,48.0,9.587096774193547,8.17741935483871
1967-06-01,9.4,15.03,3.753333333333333,32.5,9.01,7.316666666666666
1967-07-01,54.699999999999996,12.245161290322581,4.096774193548387,37.7,8.787096774193548,6.364516129032259
1967-08-01,62.8,13.141935483870967,3.835483870967742,52.5,8.474193548387097,10.112903225806452
1967-09-01,37.8,15.386666666666667,5.21,72.3,9.57,14.04
1967-10-01,16.2,20.09032258064516,6.583870967741936,107.5,9.916129032258064,19.190322580645162
1967-11-01,16.8,22.123333333333335,8.17,137.9,9.26,21.493333333333332
1967-12-01,66.8,22.506451612903227,9.593548387096773,179.6,10.296774193548387,22.22258064516129
1968-01-01,14.2,29.432258064516127,11.90967741935484,210.5,11.98709677419355,26.59032258064516
1968-02-01,21.900000000000002,28.482758620689655,13.572413793103449,186.0,13.162068965517241,21.872413793103448
1968-03-01,40.3,24.983870967741936,12.577419354838709,141.0,13.36774193548387,14.680645161290323
1968-04-01,98.1,19.903333333333332,10.716666666666667,79.8,12.746666666666666,9.143333333333334
1968-05-01,108.9,13.074193548387097,6.780645161290322,48.0,10.55483870967742,5.890322580645161
1968-06-01,84.8,11.29,4.786666666666666,32.5,9.03,5.319999999999999
1968-07-01,61.5,10.54516129032258,3.454838709677419,37.7,8.441935483870967,6.245161290322581
1968-08-01,89.3,12.325806451612904,3.8870967741935485,52.5,8.625806451612902,9.635483870967741
1968-09-01,45.3,14.07,4.946666666666667,72.3,9.1,13.25
1968-10-01,87.89999999999999,17.345161290322583,7.035483870967742,107.5,10.619354838709677,16.177419354838708
1968-11-01,86.3,18.23,7.716666666666667,137.9,10.973333333333333,18.063333333333333
1968-12-01,27.7,22.23225806451613,9.235483870967743,179.6,11.667741935483871,21.793548387096774
1969-01-01,28.7,28.480645161290322,11.825806451612904,210.5,12.864516129032259,24.574193548387097
1969-02-01,92.3,25.303571428571427,14.382142857142856,180.8,15.87857142857143,16.567857142857143
1969-03-01,52.199999999999996,22.61935483870968,10.741935483870968,141.0,13.861290322580645,15.719354838709679
1969-04-01,45.8,19.053333333333335,8.503333333333334,79.8,11.45,10.916666666666666
1969-05-01,73.1,14.46774193548387,5.280645161290322,48.0,9.629032258064516,6.970967741935484
1969-06-01,11.299999999999999,12.433333333333334,3.1300000000000003,32.5,8.35,6.7266666666666675
1969-07-01,63.3,12.703225806451613,3.958064516129032,37.7,9.370967741935484,6.622580645161291
1969-08-01,83.8,13.596774193548388,4.580645161290323,52.5,9.296774193548387,9.561290322580644
1969-09-01,88.89999999999999,12.456666666666667,4.033333333333333,72.3,9.183333333333334,12.086666666666668
1969-10-01,37.300000000000004,18.13225806451613,6.080645161290323,107.5,10.741935483870968,18.64516129032258
1969-11-01,55.1,18.796666666666667,8.093333333333334,137.9,11.55,18.84
1969-12-01,54.7,20.561290322580643,8.338709677419354,178.2,11.37741935483871,20.14516129032258
1970-01-01,65.10000000000001,24.1,10.674193548387096,209.4,13.312903225806451,21.516129032258064
1970-02-01,6.1,26.70357142857143,10.632142857142856,210.7,12.967857142857143,22.474999999999998
1970-03-01,102.6,22.380645161290325,9.535483870967743,145.1,12.812903225806451,16.04193548387097
1970-04-01,99.2,19.44333333333333,8.466666666666667,94.9,12.29,11.263333333333332
1970-05-01,52.099999999999994,13.458064516129031,5.893548387096774,42.1,10.203225806451613,7.116129032258065
1970-06-01,54.4,12.656666666666666,4.633333333333334,32.9,9.336666666666668,6.196666666666667
1970-07-01,76.1,11.880645161290323,4.761290322580645,38.4,9.161290322580646,6.638709677419354
1970-08-01,123.39999999999999,11.929032258064517,3.161290322580645,47.3,8.561290322580644,9.40967741935484
1970-09-01,50.4,13.08,4.58,69.0,8.8,11.436666666666667
1970-10-01,46.8,16.712903225806453,5.387096774193548,106.7,9.774193548387096,17.325806451612905
1970-11-01,139.0,20.073333333333334,7.963333333333334,147.8,11.566666666666666,19.663333333333334
1970-12-01,81.7,22.47741935483871,9.51290322580645,206.2,12.303225806451612,22.883870967741935
1971-01-01,28.2,25.22258064516129,11.806451612903226,239.9,13.770967741935483,22.870967741935484
1971-02-01,17.299999999999997,27.103571428571428,13.87142857142857,197.4,14.567857142857141,20.896428571428572
1971-03-01,35.6,25.34193548387097,12.048387096774194,179.9,13.92258064516129,16.958064516129035
1971-04-01,107.8,21.256666666666668,9.35,103.8,12.443333333333333,11.576666666666666
1971-05-01,98.19999999999999,14.974193548387097,5.393548387096774,49.7,9.896774193548387,7.890322580645161
1971-06-01,77.7,11.993333333333334,5.27,32.2,9.493333333333334,5.583333333333333
1971-07-01,47.6,11.77741935483871,4.135483870967741,31.2,8.764516129032257,6.34516129032258
1971-08-01,75.0,12.058064516129033,4.180645161290323,50.9,8.803225806451612,9.619354838709677
1971-09-01,63.5,13.926666666666668,5.316666666666666,68.6,9.32,12.143333333333334
1971-10-01,97.2,15.858064516129032,6.451612903225806,109.5,9.86774193548387,16.112903225806452
1971-11-01,129.8,18.05,7.513333333333334,123.6,11.32,17.766666666666666
1971-12-01,59.49999999999999,21.258064516129032,9.480645161290322,173.7,11.941935483870967,20.509677419354837
1972-01-01,28.2,24.187096774193545,11.841935483870968,189.3,14.206451612903225,20.73548387096774
1972-02-01,79.5,26.620689655172413,12.26551724137931,182.3,14.362068965517242,19.862068965517242
1972-03-01,11.2,22.461290322580645,8.458064516129031,146.0,12.006451612903225,17.690322580645162
1972-04-01,71.6,20.09,7.673333333333333,95.7,11.389999999999999,12.583333333333334
1972-05-01,30.7,16.596774193548388,5.067741935483871,49.7,10.0,8.52258064516129
1972-06-01,33.9,13.08,1.4733333333333332,37.1,7.78,7.55
1972-07-01,103.5,11.54516129032258,4.232258064516128,42.9,8.66451612903226,5.925806451612903
1972-08-01,81.3,13.55483870967742,5.270967741935484,55.2,9.303225806451614,9.69032258064516
1972-09-01,36.8,16.706666666666667,5.816666666666666,92.5,9.476666666666667,14.770000000000001
1972-10-01,43.5,18.187096774193545,6.470967741935484,126.5,10.393548387096773,18.664516129032258
1972-11-01,68.3,20.313333333333333,7.33,153.3,11.07,21.103333333333335
1972-12-01,7.7,25.606451612903225,10.074193548387097,242.4,11.696774193548388,24.96451612903226
1973-01-01,24.299999999999997,27.816129032258065,12.509677419354839,254.3,12.993548387096775,22.516129032258064
1973-02-01,74.4,25.657142857142855,12.410714285714286,158.8,14.842857142857143,21.989285714285717
1973-03-01,49.2,21.212903225806453,9.33548387096774,116.0,12.138709677419355,15.583870967741936
1973-04-01,39.4,19.446666666666665,9.163333333333332,83.5,11.91,11.356666666666666
1973-05-01,77.2,14.964516129032257,6.180645161290323,41.2,10.735483870967743,7.45483870967742
1973-06-01,60.4,11.466666666666667,3.4766666666666666,27.0,8.676666666666668,6.326666666666667
1973-07-01,42.1,12.87741935483871,3.4387096774193546,33.0,8.780645161290321,8.006451612903225
1973-08-01,72.8,13.203225806451613,4.419354838709677,44.2,9.251612903225807,9.625806451612902
1973-09-01,75.8,15.606666666666666,6.596666666666667,75.2,10.31,13.44
1973-10-01,111.2,18.26774193548387,7.764516129032257,97.2,12.196774193548388,15.932258064516128
1973-11-01,59.5,18.956666666666667,8.18,121.4,11.33,19.53666666666667
1973-12-01,54.0,24.870967741935484,10.964516129032257,188.9,13.170967741935485,23.57741935483871
1974-01-01,59.7,28.28064516129032,14.148387096774194,239.0,15.47741935483871,25.283870967741933
1974-02-01,17.599999999999998,25.482142857142858,12.185714285714285,172.0,14.075000000000001,21.517857142857142
1974-03-01,34.1,26.280645161290323,13.658064516129032,161.6,15.36774193548387,16.53548387096774
1974-04-01,93.6,17.293333333333333,10.226666666666667,55.2,13.043333333333333,8.16
1974-05-01,96.3,15.983870967741936,7.300000000000001,43.8,11.383870967741935,7.941935483870967
1974-06-01,28.9,12.83,4.406666666666666,29.7,9.229999999999999,6.67
1974-07-01,97.0,11.741935483870968,3.609677419354839,36.6,8.880645161290323,6.496774193548387
1974-08-01,90.3,12.770967741935483,5.070967741935483,47.7,9.47741935483871,9.258064516129032
1974-09-01,88.7,13.5,5.14,63.6,9.57,12.563333333333333
1974-10-01,75.6,16.825806451612905,6.919354838709677,89.8,11.23225806451613,16.361290322580643
1974-11-01,34.699999999999996,18.55,6.923333333333333,123.2,10.81,20.69333333333333
1974-12-01,20.599999999999998,22.429032258064513,8.541935483870969,166.6,11.441935483870967,22.541935483870965
1975-01-01,29.9,23.883870967741935,8.951612903225806,196.6,11.670967741935485,24.874193548387098
1975-02-01,7.8,27.62142857142857,11.775,190.7,13.471428571428572,21.139285714285712
1975-03-01,70.7,21.822580645161292,9.296774193548387,128.4,12.106451612903227,15.793548387096775
1975-04-01,23.3,18.376666666666665,7.3533333333333335,76.0,10.97,10.903333333333334
1975-05-01,65.4,16.13225806451613,8.151612903225805,52.3,11.196774193548388,6.990322580645161
1975-06-01,33.4,12.776666666666667,3.8233333333333333,33.0,8.9,6.85
1975-07-01,107.0,13.32258064516129,5.245161290322581,51.1,9.216129032258063,7.461290322580646
1975-08-01,83.3,12.535483870967743,5.225806451612903,48.1,8.990322580645161,8.470967741935485
1975-09-01,89.6,15.896666666666667,6.636666666666667,74.7,10.336666666666666,13.32
1975-10-01,135.6,16.603225806451615,8.338709677419354,84.5,11.364516129032259,14.716129032258063
1975-11-01,57.199999999999996,20.89,9.633333333333333,124.2,12.396666666666667,19.766666666666666
1975-12-01,25.5,24.451612903225808,11.154838709677419,193.0,13.106451612903227,23.864516129032257
1976-01-01,15.9,25.625806451612902,11.167741935483871,217.4,12.441935483870967,23.19677419354839
1976-02-01,56.0,26.903448275862072,12.824137931034484,194.4,14.982758620689655,22.420689655172417
1976-03-01,15.600000000000001,23.032258064516128,10.587096774193547,143.0,12.754838709677419,17.080645161290324
1976-04-01,23.3,18.65666666666667,8.276666666666667,86.8,11.056666666666667,11.073333333333332
1976-05-01,28.7,15.01290322580645,6.16774193548387,55.7,9.59032258064516,7.364516129032259
1976-06-01,70.0,12.646666666666667,5.733333333333333,33.6,9.356666666666666,5.89
1976-07-01,38.1,11.990322580645161,3.3548387096774195,33.8,8.258064516129032,6.583870967741936
1976-08-01,103.4,12.951612903225806,4.116129032258065,51.7,8.087096774193547,9.490322580645161
1976-09-01,73.1,14.263333333333332,4.989999999999999,68.4,9.28,12.610000000000001
1976-10-01,75.3,15.506451612903225,6.158064516129032,89.6,10.280645161290321,17.083870967741937
1976-11-01,69.6,19.866666666666667,8.436666666666666,118.3,11.523333333333333,18.67
1976-12-01,53.3,23.45806451612903,9.96774193548387,188.7,11.341935483870968,22.596774193548388
1977-01-01,24.2,25.606451612903225,10.709677419354838,209.2,12.787096774193548,24.248387096774195
1977-02-01,23.0,27.196428571428573,12.049999999999999,193.3,13.364285714285714,21.460714285714285
1977-03-01,43.7,22.961290322580645,10.212903225806452,141.20000000000002,12.838709677419354,16.216129032258063
1977-04-01,36.6,17.203333333333333,7.493333333333334,60.6,11.466666666666667,9.743333333333334
1977-05-01,84.6,14.509677419354839,6.125806451612903,51.0,10.006451612903225,7.406451612903226
1977-06-01,104.7,11.803333333333335,5.37,29.3,9.566666666666666,5.386666666666667
1977-07-01,66.3,11.225806451612904,2.9516129032258065,39.1,8.119354838709677,7.541935483870968
1977-08-01,34.2,14.764516129032257,5.158064516129032,67.4,8.561290322580644,10.112903225806452
1977-09-01,36.4,14.26,4.22,70.0,8.806666666666667,13.129999999999999
1977-10-01,35.7,19.561290322580643,7.232258064516128,121.7,10.12258064516129,17.938709677419357
1977-11-01,125.10000000000001,20.796666666666667,7.416666666666667,153.9,10.68,21.08
1977-12-01,22.4,24.219354838709677,10.196774193548388,196.7,11.825806451612904,22.89032258064516
1978-01-01,23.4,24.383870967741935,10.83548387096774,210.8,12.258064516129032,22.203225806451613
1978-02-01,15.7,25.460714285714285,10.632142857142856,186.8,12.521428571428572,21.832142857142856
1978-03-01,29.1,23.280645161290323,11.248387096774193,148.6,12.741935483870968,14.529032258064515
1978-04-01,49.2,19.116666666666667,7.88,79.5,11.303333333333335,11.673333333333334
1978-05-01,101.8,15.883870967741935,8.02258064516129,55.7,10.76774193548387,7.077419354838709
1978-06-01,48.9,12.229999999999999,4.89,27.0,9.403333333333334,5.453333333333333
1978-07-01,92.7,11.061290322580644,4.196774193548387,39.0,8.661290322580646,6.580645161290323
1978-08-01,102.4,12.19032258064516,4.138709677419355,45.5,8.880645161290323,9.04516129032258
1978-09-01,82.1,14.96,6.3,64.8,10.493333333333334,12.263333333333332
1978-10-01,68.10000000000001,18.248387096774195,6.761290322580645,108.2,10.380645161290323,17.40967741935484
1978-11-01,65.3,20.05,9.110000000000001,130.3,11.783333333333333,19.4
1978-12-01,58.1,21.558064516129033,9.97741935483871,151.4,12.458064516129031,20.47741935483871
1979-01-01,68.4,27.90967741935484,12.429032258064517,222.1,13.774193548387096,25.383870967741935
1979-02-01,13.700000000000001,26.071428571428573,12.4,165.9,13.892857142857142,19.942857142857143
1979-03-01,19.2,23.996774193548386,10.412903225806453,142.9,13.106451612903227,16.751612903225805
1979-04-01,41.8,17.71333333333333,7.27,72.9,10.966666666666667,10.276666666666667
1979-05-01,43.0,14.558064516129033,6.093548387096774,50.1,9.935483870967742,7.025806451612904
1979-06-01,30.400000000000002,13.51,5.569999999999999,41.2,9.773333333333333,6.416666666666667
1979-07-01,47.6,12.064516129032258,3.4000000000000004,35.9,8.325806451612904,7.254838709677419
1979-08-01,86.7,12.287096774193548,4.390322580645161,43.4,8.651612903225805,8.95483870967742
1979-09-01,85.2,14.616666666666667,6.1,65.5,9.726666666666667,12.08
1979-10-01,104.7,17.654838709677417,7.33225806451613,96.2,10.796774193548387,17.970967741935485
1979-11-01,70.5,21.053333333333335,8.906666666666666,129.5,11.856666666666666,20.233333333333334
1979-12-01,13.7,24.238709677419354,10.399999999999999,181.3,12.074193548387097,21.51290322580645
1980-01-01,56.1,23.345161290322583,10.30967741935484,188.9,12.3,22.24516129032258
1980-02-01,2.0,25.903448275862072,10.03448275862069,200.4,11.279310344827588,22.013793103448275
1980-03-01,8.9,22.858064516129033,9.574193548387097,148.6,11.432258064516128,16.34516129032258
1980-04-01,94.2,21.246666666666666,9.986666666666668,103.0,11.996666666666666,11.229999999999999
1980-05-01,46.0,17.08709677419355,7.687096774193549,49.5,11.358064516129033,8.319354838709677
1980-06-01,62.6,12.396666666666667,5.05,33.0,9.343333333333334,5.633333333333334
1980-07-01,64.4,11.874193548387098,4.729032258064516,35.4,9.125806451612902,6.687096774193549
1980-08-01,57.5,13.83548387096774,5.141935483870968,59.7,9.245161290322581,10.448387096774193
1980-09-01,62.3,15.69,6.816666666666666,77.5,10.043333333333333,13.623333333333333
1980-10-01,87.6,17.68064516129032,6.535483870967742,101.5,10.780645161290321,18.219354838709677
1980-11-01,40.7,21.416666666666668,7.923333333333334,128.1,11.2,21.363333333333333
1980-12-01,27.9,25.79032258064516,10.203225806451613,204.7,12.01290322580645,24.306451612903224
1981-01-01,52.0,28.848387096774193,13.62258064516129,234.1,14.203225806451613,23.419354838709676
1981-02-01,19.0,27.310714285714287,13.542857142857143,190.1,14.435714285714285,20.717857142857145
1981-03-01,23.7,21.46451612903226,9.141935483870967,117.2,12.30967741935484,14.480645161290322
1981-04-01,9.8,20.98,7.89,98.2,11.843333333333334,12.136666666666667
1981-05-01,54.9,15.600000000000001,6.687096774193549,55.9,10.22258064516129,7.270967741935484
1981-06-01,72.3,11.843333333333334,4.406666666666666,38.0,9.143333333333334,6.1066666666666665
1981-07-01,109.1,11.825806451612904,4.974193548387096,45.300000000000004,9.109677419354838,7.070967741935483
1981-08-01,123.9,11.880645161290323,4.748387096774193,54.0,8.890322580645162,9.706451612903225
1981-09-01,40.300000000000004,16.296666666666667,6.8566666666666665,81.0,10.1,14.18
1981-10-01,62.7,18.083870967741937,6.212903225806452,115.8,10.216129032258063,18.32903225806452
1981-11-01,29.400000000000002,20.756666666666668,8.18,133.4,11.393333333333334,21.27
1981-12-01,13.5,23.774193548387096,9.825806451612904,196.5,10.941935483870967,23.86774193548387
1982-01-01,40.5,27.75483870967742,12.887096774193548,235.2,13.003225806451614,23.780645161290323
1982-02-01,6.199999999999999,26.875,11.514285714285714,204.9,11.710714285714285,22.95
1982-03-01,43.8,24.39032258064516,11.654838709677419,152.2,13.13225806451613,16.77741935483871
1982-04-01,28.9,19.3,8.006666666666666,84.7,11.446666666666665,11.596666666666666
1982-05-01,44.9,14.538709677419355,7.048387096774194,52.5,9.593548387096773,7.229032258064516
1982-06-01,44.5,11.506666666666666,3.1133333333333337,30.6,8.27,6.84
1982-07-01,29.4,11.370967741935484,1.9096774193548385,33.4,7.745161290322581,7.929032258064517
1982-08-01,7.3999999999999995,15.509677419354839,3.8806451612903223,61.6,8.45483870967742,11.432258064516128
1982-09-01,48.4,15.223333333333333,3.76,77.6,8.513333333333334,14.046666666666665
1982-10-01,33.7,18.287096774193547,5.970967741935484,130.6,8.63225806451613,18.248387096774195
1982-11-01,15.1,25.346666666666668,8.770000000000001,224.9,9.373333333333333,23.966666666666665
1982-12-01,23.1,24.261290322580646,10.103225806451613,219.2,10.899999999999999,23.59032258064516
1983-01-01,23.099999999999998,25.05483870967742,9.587096774193547,244.9,10.783870967741937,25.490322580645163
1983-02-01,0.3,29.910714285714285,13.153571428571428,241.8,11.725,22.235714285714288
1983-03-01,91.0,22.812903225806455,12.338709677419354,131.7,14.283870967741937,13.312903225806451
1983-04-01,63.1,16.13,7.3100000000000005,66.7,10.696666666666665,10.506666666666666
1983-05-01,119.7,14.625806451612902,7.035483870967742,43.6,11.422580645161291,7.206451612903226
1983-06-01,81.3,11.38,4.13,27.2,9.473333333333333,5.903333333333333
1983-07-01,59.5,10.929032258064517,3.970967741935484,33.1,8.951612903225806,6.416129032258064
1983-08-01,84.39999999999999,13.348387096774195,5.632258064516129,58.1,9.82258064516129,9.69032258064516
1983-09-01,120.6,14.120000000000001,6.0,74.5,10.123333333333333,12.483333333333333
1983-10-01,53.0,16.809677419354838,6.412903225806452,96.3,11.332258064516129,16.970967741935485
1983-11-01,56.6,18.896666666666665,7.739999999999999,114.2,12.120000000000001,18.490000000000002
1983-12-01,12.4,24.0258064516129,9.719354838709679,182.1,11.932258064516128,23.09032258064516
1984-01-01,33.9,24.16774193548387,10.148387096774194,191.0,12.703225806451613,22.929032258064513
1984-02-01,9.899999999999999,26.5,10.313793103448276,193.4,12.244827586206897,21.7448275862069
1984-03-01,93.7,22.07741935483871,9.435483870967742,142.4,11.667741935483871,16.038709677419355
1984-04-01,32.1,18.516666666666666,7.236666666666666,72.1,11.610000000000001,11.943333333333333
1984-05-01,29.0,15.838709677419354,4.738709677419355,47.9,9.816129032258065,8.525806451612903
1984-06-01,30.9,13.066666666666666,3.606666666666667,34.2,9.03,7.026666666666667
1984-07-01,120.6,10.925806451612903,3.074193548387097,30.400000000000002,8.62258064516129,6.287096774193548
1984-08-01,92.7,12.806451612903226,5.441935483870967,50.8,9.451612903225806,9.293548387096775
1984-09-01,107.3,12.916666666666666,5.27,57.8,9.333333333333334,11.726666666666667
1984-10-01,39.0,17.98709677419355,6.238709677419355,121.3,10.46774193548387,19.37741935483871
1984-11-01,80.6,20.523333333333333,9.046666666666665,139.4,11.783333333333333,20.266666666666666
1984-12-01,37.0,22.19677419354839,8.429032258064517,176.3,11.793548387096775,23.312903225806455
1985-01-01,14.0,25.46451612903226,9.551612903225807,209.3,11.325806451612904,23.08709677419355
1985-02-01,9.0,25.489285714285717,9.510714285714286,182.6,11.50357142857143,21.782142857142855
1985-03-01,34.7,25.038709677419355,11.906451612903227,147.4,13.94516129032258,15.519354838709678
1985-04-01,53.2,20.533333333333335,9.173333333333334,90.5,12.306666666666667,11.83
1985-05-01,41.9,16.18064516129032,5.635483870967741,49.7,10.325806451612904,8.422580645161291
1985-06-01,82.1,12.2,4.25,33.0,9.326666666666666,6.286666666666666
1985-07-01,71.0,11.616129032258065,3.019354838709677,44.7,8.02258064516129,7.993548387096774
1985-08-01,80.5,12.44516129032258,5.029032258064516,52.9,9.425806451612903,9.261290322580646
1985-09-01,37.6,14.226666666666667,5.09,74.9,9.503333333333334,14.44
1985-10-01,106.60000000000001,17.9741935483871,6.864516129032259,113.9,10.696774193548388,18.751612903225805
1985-11-01,63.2,19.19,9.183333333333334,119.1,12.413333333333332,19.40666666666667
1985-12-01,140.8,20.81935483870968,10.161290322580646,126.1,13.183870967741935,19.32903225806452
1986-01-01,16.0,22.312903225806455,9.077419354838709,185.5,12.48709677419355,24.529032258064515
1986-02-01,6.6,25.478571428571428,9.782142857142857,178.8,12.24642857142857,21.8
1986-03-01,6.6000000000000005,25.029032258064515,10.158064516129032,171.9,12.12258064516129,17.906451612903226
1986-04-01,64.0,18.67,8.346666666666668,95.5,10.746666666666666,11.216666666666667
1986-05-01,90.6,14.606451612903227,7.480645161290322,39.9,11.203225806451613,6.909677419354838
1986-06-01,53.400000000000006,11.646666666666667,4.6899999999999995,26.3,9.313333333333333,6.256666666666666
1986-07-01,94.0,10.725806451612904,4.12258064516129,27.8,9.077419354838709,6.4
1986-08-01,65.9,12.941935483870967,4.793548387096774,54.3,9.12258064516129,10.241935483870968
1986-09-01,75.0,14.093333333333334,6.206666666666666,64.3,10.213333333333333,12.94
1986-10-01,102.6,15.251612903225807,6.17741935483871,94.6,10.35483870967742,16.612903225806452
1986-11-01,23.400000000000002,19.323333333333334,6.88,146.5,10.9,21.816666666666666
1986-12-01,88.8,20.306451612903224,8.616129032258065,145.1,11.738709677419354,20.419354838709676
1987-01-01,59.4,22.406451612903226,8.345161290322581,170.8,11.696774193548388,22.851612903225806
1987-02-01,46.8,25.7,9.332142857142857,175.2,11.985714285714286,22.72142857142857
1987-03-01,31.400000000000002,20.712903225806453,8.396774193548387,134.6,11.109677419354838,15.787096774193548
1987-04-01,21.0,20.15666666666667,8.473333333333333,98.6,11.216666666666667,12.306666666666667
1987-05-01,147.8,14.741935483870968,6.990322580645161,48.2,10.96774193548387,7.203225806451614
1987-06-01,63.1,13.123333333333333,5.08,28.3,9.883333333333333,6.569999999999999
1987-07-01,62.599999999999994,11.951612903225806,3.361290322580645,34.0,8.519354838709678,8.009677419354839
1987-08-01,62.0,12.696774193548388,4.47741935483871,44.6,9.19032258064516,9.619354838709677
1987-09-01,35.7,15.823333333333332,5.72,76.1,9.886666666666667,13.776666666666667
1987-10-01,56.4,16.5,5.741935483870968,102.1,10.261290322580646,18.335483870967742
1987-11-01,30.2,21.823333333333334,8.65,162.0,11.396666666666667,21.483333333333334
1987-12-01,51.8,22.225806451612904,8.577419354838709,176.3,11.745161290322581,22.677419354838708
1988-01-01,37.6,27.02258064516129,11.329032258064515,210.6,13.261290322580646,24.12258064516129
1988-02-01,15.4,25.13103448275862,10.303448275862069,178.5,12.362068965517242,22.055172413793105
1988-03-01,31.3,25.393548387096775,10.729032258064517,157.4,12.587096774193547,17.706451612903226
1988-04-01,17.9,20.46333333333333,8.933333333333334,88.8,12.313333333333333,12.286666666666667
1988-05-01,73.6,16.783870967741933,8.506451612903225,45.5,12.419354838709678,7.441935483870968
1988-06-01,103.8,13.006666666666666,5.9766666666666675,32.0,10.09,6.38
1988-07-01,76.0,12.729032258064517,5.729032258064516,33.2,9.941935483870967,6.745161290322581
1988-08-01,82.1,13.080645161290322,5.783870967741936,51.0,9.67741935483871,10.370967741935484
1988-09-01,68.8,15.853333333333333,6.409999999999999,71.6,10.146666666666667,13.6
1988-10-01,47.199999999999996,17.48709677419355,6.800000000000001,115.39999999999999,10.290322580645162,18.493548387096773
1988-11-01,69.0,20.203333333333333,8.473333333333333,139.6,11.35,20.576666666666664
1988-12-01,28.5,24.093548387096774,10.580645161290322,169.1,13.358064516129033,22.019354838709678
1989-01-01,34.2,25.77741935483871,11.558064516129033,207.70000000000002,11.961290322580645,23.306451612903224
1989-02-01,16.599999999999998,26.842857142857145,11.450000000000001,185.4,13.310714285714285,22.235714285714288
1989-03-01,27.4,24.42258064516129,12.63225806451613,137.9,14.219354838709679,14.129032258064516
1989-04-01,27.2,19.85,9.703333333333335,75.2,13.07,11.57
1989-05-01,68.0,15.26774193548387,7.241935483870968,40.2,11.651612903225805,7.348387096774194
1989-06-01,90.8,11.45,4.1033333333333335,27.2,9.356666666666666,6.093333333333334
1989-07-01,74.8,11.248387096774193,3.7483870967741937,35.1,8.880645161290323,7.080645161290323
1989-08-01,92.4,11.361290322580645,3.3,44.9,8.725806451612904,9.62258064516129
1989-09-01,71.8,15.016666666666667,5.183333333333334,74.1,10.0,15.24
1989-10-01,104.39999999999999,16.280645161290323,6.196774193548387,100.4,10.025806451612903,18.783870967741933
1989-11-01,46.0,20.773333333333333,9.083333333333334,126.4,12.273333333333333,20.516666666666666
1989-12-01,23.6,24.364516129032257,9.203225806451613,183.1,12.112903225806452,24.09032258064516
1990-01-01,2.8,26.58709677419355,10.832258064516129,235.20000000000002,12.254838709677419,26.451612903225808
1990-02-01,70.0,24.24642857142857,11.707142857142857,142.9,14.053571428571429,19.017857142857142
1990-03-01,83.80000000000001,24.68064516129032,10.441935483870967,149.8,12.758064516129032,18.016129032258064
1990-04-01,34.8,19.493333333333332,9.28,84.5,12.806666666666667,11.5
1990-05-01,22.3,16.135483870967743,6.374193548387097,56.9,10.48709677419355,8.51290322580645
1990-06-01,82.4,12.756666666666666,3.9833333333333334,33.6,9.443333333333333,6.54
1990-07-01,73.0,12.387096774193548,4.84516129032258,37.2,9.332258064516129,6.948387096774193
1990-08-01,111.8,11.958064516129031,4.412903225806452,49.5,9.100000000000001,8.896774193548387
1990-09-01,74.2,15.57,6.336666666666667,80.60000000000001,10.110000000000001,15.053333333333335
1990-10-01,79.2,17.825806451612905,6.816129032258065,104.2,10.916129032258064,16.106451612903225
1990-11-01,45.9,21.07,8.383333333333333,153.8,11.53,24.09
1990-12-01,28.799999999999997,24.961290322580645,10.790322580645162,192.3,12.693548387096774,22.770967741935483
1991-01-01,119.0,25.80322580645161,12.5,208.2,13.735483870967743,23.835483870967742
1991-02-01,0.0,25.7,8.875,188.4,11.857142857142858,26.62857142857143
1991-03-01,41.800000000000004,23.216129032258067,8.574193548387097,150.9,11.641935483870967,18.316129032258065
1991-04-01,29.2,18.763333333333332,7.233333333333333,82.0,10.993333333333334,11.479999999999999
1991-05-01,21.6,15.77741935483871,5.738709677419355,43.7,10.72258064516129,8.648387096774194
1991-06-01,105.8,13.85,6.763333333333334,30.8,11.17,5.3933333333333335
1991-07-01,50.0,12.048387096774194,4.412903225806452,32.8,9.30967741935484,7.5
1991-08-01,129.2,11.916129032258064,4.606451612903226,57.1,9.219354838709679,8.870967741935484
1991-09-01,106.19999999999999,14.313333333333333,5.739999999999999,65.4,10.08,13.729999999999999
1991-10-01,17.4,18.63225806451613,7.47741935483871,116.7,11.025806451612903,18.95483870967742
1991-11-01,77.2,19.470000000000002,6.286666666666666,128.1,10.873333333333333,21.9
1991-12-01,47.6,22.23225806451613,9.33548387096774,152.7,12.612903225806452,22.65806451612903
1992-01-01,32.6,22.383870967741935,9.080645161290322,170.6,11.561290322580644,23.29032258064516
1992-02-01,18.400000000000002,25.555172413793105,10.806896551724137,178.1,13.189655172413794,23.837931034482757
1992-03-01,35.8,24.309677419354838,11.903225806451612,136.5,13.880645161290323,16.206451612903226
1992-04-01,118.0,19.246666666666666,8.79,81.4,12.143333333333334,12.286666666666667
1992-05-01,55.6,14.641935483870967,5.890322580645161,41.3,10.648387096774194,7.661290322580645
1992-06-01,65.4,11.516666666666667,4.7266666666666675,28.8,9.556666666666667,5.633333333333334
1992-07-01,84.0,11.919354838709678,4.996774193548387,41.9,9.358064516129033,7.687096774193549
1992-08-01,113.8,11.993548387096775,3.7806451612903227,53.2,8.82258064516129,9.36774193548387
1992-09-01,128.6,12.693333333333333,4.5633333333333335,56.8,9.47,11.733333333333333
1992-10-01,111.2,17.43548387096774,7.816129032258065,97.39999999999999,11.538709677419355,16.429032258064517
1992-11-01,82.4,17.873333333333335,6.986666666666666,114.1,11.553333333333335,21.546666666666667
1992-12-01,77.0,22.338709677419356,11.96774193548387,132.5,14.899999999999999,17.95483870967742
1993-01-01,99.2,25.85483870967742,11.548387096774194,179.9,14.696774193548388,23.309677419354838
1993-02-01,25.4,25.428571428571427,11.160714285714286,155.7,14.235714285714286,20.910714285714285
1993-03-01,22.8,22.406451612903226,9.98709677419355,116.1,13.535483870967743,15.641935483870967
1993-04-01,5.800000000000001,21.946666666666665,7.263333333333334,99.5,11.123333333333333,13.156666666666666
1993-05-01,32.6,16.63225806451613,5.52258064516129,51.9,10.374193548387098,8.638709677419355
1993-06-01,55.6,12.22,4.966666666666667,33.3,9.6,6.016666666666667
1993-07-01,80.4,12.838709677419354,5.1,39.6,9.303225806451612,6.867741935483871
1993-08-01,68.0,14.870967741935484,5.245161290322581,60.6,9.667741935483871,9.86774193548387
1993-09-01,98.2,15.47,5.87,72.7,10.623333333333333,13.596666666666666
1993-10-01,85.8,16.700000000000003,6.27741935483871,107.7,10.803225806451612,18.029032258064515
1993-11-01,34.0,19.436666666666667,6.8966666666666665,128.0,11.45,22.509999999999998
1993-12-01,97.6,21.57741935483871,8.993548387096775,156.5,12.251612903225807,23.55806451612903
1994-01-01,41.4,23.383870967741935,8.874193548387098,182.9,11.96774193548387,25.374193548387098
1994-02-01,61.2,25.967857142857145,11.867857142857144,153.9,14.385714285714286,19.264285714285712
1994-03-01,1.8,23.75483870967742,9.13225806451613,142.0,12.009677419354839,18.322580645161292
1994-04-01,38.2,19.526666666666664,7.766666666666667,84.8,11.576666666666666,11.023333333333333
1994-05-01,55.6,15.238709677419354,5.993548387096775,60.6,10.041935483870969,7.390322580645161
1994-06-01,66.6,12.870000000000001,4.19,34.4,9.476666666666667,7.096666666666667
1994-07-01,43.7,12.896774193548387,3.635483870967742,40.2,8.651612903225805,8.287096774193548
1994-08-01,52.8,12.13225806451613,2.532258064516129,50.7,8.429032258064517,13.274193548387096
1994-09-01,55.800000000000004,13.42,4.046666666666667,65.8,8.926666666666668,12.196666666666665
1994-10-01,66.8,17.758064516129032,6.054838709677419,121.6,10.038709677419355,17.567741935483873
1994-11-01,64.0,18.626666666666665,7.213333333333334,132.4,10.629999999999999,20.44
1994-12-01,16.0,26.603225806451615,10.09032258064516,227.1,11.745161290322581,27.161290322580644
1995-01-01,35.599999999999994,26.52258064516129,12.138709677419355,202.5,14.22258064516129,23.761290322580646
1995-02-01,39.8,26.571428571428573,11.325000000000001,187.0,12.935714285714285,23.010714285714283
1995-03-01,37.4,21.65806451612903,9.229032258064517,139.7,12.212903225806452,16.22258064516129
1995-04-01,95.1,16.086666666666666,6.296666666666667,68.1,10.366666666666667,10.306666666666667
1995-05-01,69.2,14.003225806451614,6.52258064516129,42.4,10.754838709677419,7.464516129032258
1995-06-01,93.2,11.686666666666667,5.35,35.7,9.606666666666666,5.4
1995-07-01,83.0,10.506451612903225,4.170967741935484,37.7,9.009677419354839,6.1
1995-08-01,59.4,14.0,4.612903225806452,59.7,9.245161290322581,11.219354838709679
1995-09-01,47.6,14.266666666666667,4.573333333333333,65.7,9.76,13.186666666666667
1995-10-01,30.0,16.31935483870968,5.393548387096774,100.0,9.845161290322581,16.567741935483873
1995-11-01,35.2,20.396666666666665,7.293333333333334,141.8,11.013333333333332,21.966666666666665
1995-12-01,33.6,20.848387096774193,7.377419354838709,164.5,10.754838709677419,24.296774193548384
1996-01-01,37.4,25.016129032258064,10.587096774193547,202.1,13.509677419354839,24.4
1996-02-01,37.6,24.73793103448276,9.827586206896552,168.1,12.741379310344827,22.489655172413794
1996-03-01,28.400000000000002,23.748387096774195,9.264516129032257,144.5,12.154838709677419,17.112903225806452
1996-04-01,47.3,16.52,7.48,65.9,11.516666666666667,10.533333333333333
1996-05-01,9.0,15.72258064516129,5.964516129032258,45.1,10.764516129032257,6.651612903225806
1996-06-01,74.8,13.036666666666667,3.8833333333333333,33.0,9.41,6.336666666666667
1996-07-01,104.8,11.36774193548387,4.422580645161291,35.9,9.33548387096774,6.141935483870968
1996-08-01,114.60000000000001,12.316129032258065,5.238709677419355,50.4,9.741935483870968,8.696774193548388
1996-09-01,102.4,14.09,5.35,82.4,9.68,14.583333333333334
1996-10-01,43.800000000000004,17.345161290322583,6.593548387096774,110.6,11.106451612903227,18.516129032258064
1996-11-01,24.2,18.703333333333333,6.459999999999999,133.6,10.136666666666667,21.826666666666664
1996-12-01,36.6,21.461290322580645,7.33225806451613,171.1,10.66451612903226,23.467741935483872
1997-01-01,36.199999999999996,27.616129032258065,11.706451612903225,242.3,12.709677419354838,27.048387096774192
1997-02-01,7.2,29.62857142857143,13.953571428571427,193.4,14.792857142857143,23.567857142857143
1997-03-01,19.4,21.616129032258065,9.16451612903226,130.9,12.406451612903227,15.30967741935484
1997-04-01,17.1,19.740000000000002,7.066666666666666,82.9,11.139999999999999,11.083333333333334
1997-05-01,92.0,14.403225806451612,6.435483870967742,42.1,10.812903225806451,6.293548387096774
1997-06-01,41.6,12.520000000000001,4.78,36.4,9.323333333333332,5.833333333333333
1997-07-01,31.8,11.283870967741937,1.929032258064516,37.3,8.193548387096774,6.493548387096775
1997-08-01,56.4,12.14516129032258,3.7225806451612904,52.0,8.667741935483871,9.40967741935484
1997-09-01,73.8,15.036666666666667,4.876666666666667,70.9,10.373333333333333,14.389999999999999
1997-10-01,57.4,18.029032258064515,6.164516129032258,121.4,10.616129032258065,17.148387096774194
1997-11-01,84.0,21.43,8.03,146.0,11.376666666666667,21.92
1997-12-01,7.0,23.774193548387096,9.22258064516129,193.6,11.858064516129033,24.864516129032257
1998-01-01,20.8,26.490322580645163,11.464516129032257,208.7,13.53225806451613,23.403225806451612
1998-02-01,31.4,26.38214285714286,10.00357142857143,196.6,11.764285714285714,23.964285714285715
1998-03-01,10.4,24.60967741935484,9.538709677419355,162.5,12.080645161290322,18.5258064516129
1998-04-01,80.8,17.086666666666666,6.96,72.2,11.129999999999999,10.446666666666665
1998-05-01,25.5,14.816129032258065,5.603225806451612,41.0,10.258064516129032,7.696774193548387
1998-06-01,100.0,11.753333333333334,3.43,36.3,8.69,6.239999999999999
1998-07-01,68.0,11.193548387096774,2.52258064516129,33.5,8.290322580645162,7.087096774193548
1998-08-01,31.6,14.019354838709678,4.125806451612903,50.3,9.548387096774194,10.564516129032258
1998-09-01,84.7,15.969999999999999,6.403333333333333,80.7,10.56,13.676666666666668
1998-10-01,74.6,16.548387096774192,5.674193548387097,108.6,10.100000000000001,18.403225806451612
1998-11-01,75.8,19.603333333333335,6.3,134.8,11.183333333333334,21.1
1998-12-01,27.0,24.40967741935484,9.612903225806452,186.1,11.793548387096775,23.129032258064516
1999-01-01,22.2,28.612903225806452,12.412903225806453,225.2,14.67741935483871,25.851612903225806
1999-02-01,48.6,26.789285714285715,13.039285714285715,163.8,15.707142857142857,19.00357142857143
1999-03-01,74.9,21.761290322580646,9.03225806451613,129.5,13.09032258064516,15.148387096774194
1999-04-01,11.4,18.153333333333332,5.136666666666667,74.7,10.773333333333333,11.68
1999-05-01,34.0,16.31935483870968,6.409677419354838,58.7,10.564516129032258,7.661290322580645
1999-06-01,35.6,12.956666666666667,4.319999999999999,34.6,9.520000000000001,6.239999999999999
1999-07-01,35.199999999999996,13.135483870967741,4.538709677419354,39.2,9.083870967741936,6.95483870967742
1999-08-01,72.6,14.261290322580646,4.767741935483872,52.6,9.961290322580645,10.029032258064515
1999-09-01,35.2,16.71333333333333,5.6066666666666665,79.4,11.006666666666666,14.29
1999-10-01,42.8,18.741935483870968,6.490322580645161,102.9,11.82258064516129,18.358064516129033
1999-11-01,52.599999999999994,20.086666666666666,6.739999999999999,126.7,11.513333333333332,20.496666666666666
1999-12-01,65.6,23.48709677419355,9.770967741935483,179.6,12.274193548387096,22.29032258064516
2000-01-01,12.2,25.43548387096774,10.935483870967742,194.2,12.85483870967742,23.809677419354838
2000-02-01,17.200000000000003,30.689655172413794,12.986206896551725,207.29999999999998,14.555172413793104,22.341379310344827
2000-03-01,13.1,25.248387096774195,10.406451612903227,160.9,13.425806451612903,17.029032258064515
2000-04-01,72.2,20.35,8.203333333333333,85.3,12.22,12.46
2000-05-01,88.1,14.438709677419356,6.45483870967742,45.0,11.161290322580646,6.758064516129032
2000-06-01,49.2,12.396666666666667,4.796666666666667,28.2,9.793333333333333,5.38
2000-07-01,56.3,12.203225806451613,4.45483870967742,37.0,9.12258064516129,6.348387096774194
2000-08-01,58.6,13.329032258064515,3.603225806451613,43.6,9.245161290322581,10.138709677419355
2000-09-01,100.3,14.96,6.02,69.8,10.316666666666666,10.99
2000-10-01,88.0,16.700000000000003,6.458064516129032,95.4,11.283870967741937,15.935483870967742
2000-11-01,71.0,22.886666666666667,10.326666666666666,148.6,14.296666666666665,22.44333333333333
2000-12-01,34.9,25.677419354838708,8.548387096774194,207.0,12.125806451612902,27.274193548387096
2001-01-01,28.0,29.72258064516129,13.303225806451612,226.6,13.970967741935485,23.612903225806452
2001-02-01,32.0,29.55,13.971428571428572,206.20000000000002,13.939285714285715,23.039285714285715
2001-03-01,48.0,23.425806451612903,9.738709677419354,136.6,12.406451612903227,16.361290322580643
2001-04-01,60.8,18.85,7.2,79.6,11.626666666666667,11.196666666666665
2001-05-01,16.8,15.509677419354839,5.32258064516129,40.6,10.69032258064516,7.448387096774193
2001-06-01,45.2,13.620000000000001,6.383333333333334,30.2,10.583333333333334,5.7733333333333325
2001-07-01,46.2,12.59032258064516,4.425806451612903,31.2,9.803225806451612,6.470967741935484
2001-08-01,139.6,13.399999999999999,5.354838709677419,55.4,9.548387096774194,9.80967741935484
2001-09-01,84.69999999999999,16.8,6.6033333333333335,79.2,11.129999999999999,14.833333333333334
2001-10-01,136.5,15.970967741935484,6.229032258064516,90.6,11.135483870967741,16.438709677419357
2001-11-01,101.8,18.386666666666667,7.13,109.4,11.623333333333333,19.28666666666667
2001-12-01,43.2,19.25483870967742,7.238709677419355,134.6,11.583870967741936,21.216129032258067
2002-01-01,28.299999999999997,23.58709677419355,9.306451612903226,164.8,12.274193548387096,23.36451612903226
2002-02-01,26.5,24.87142857142857,9.789285714285715,154.5,12.207142857142857,21.935714285714287
2002-03-01,24.0,23.86774193548387,9.929032258064517,139.8,12.361290322580645,18.261290322580646
2002-04-01,51.0,22.240000000000002,7.83,81.9,11.963333333333333,12.843333333333334
2002-05-01,47.4,17.03548387096774,5.65483870967742,53.7,10.09032258064516,7.764516129032257
2002-06-01,60.0,13.203333333333335,4.676666666666667,38.9,9.01,6.28
2002-07-01,73.4,12.796774193548387,4.180645161290323,46.5,8.641935483870967,6.590322580645162
2002-08-01,45.8,13.774193548387096,3.2580645161290325,52.7,8.764516129032257,10.119354838709677
2002-09-01,65.5,15.506666666666666,5.073333333333333,90.6,9.206666666666667,14.436666666666667
2002-10-01,49.4,18.0,6.125806451612903,113.5,10.348387096774195,16.438709677419357
2002-11-01,52.7,22.026666666666664,7.489999999999999,156.9,10.756666666666666,21.506666666666668
2002-12-01,48.8,24.809677419354838,9.383870967741935,200.7,11.687096774193549,25.616129032258065
2003-01-01,34.0,27.458064516129035,10.76774193548387,225.7,11.993548387096775,26.216129032258067
2003-02-01,43.8,25.957142857142856,11.542857142857143,163.5,14.357142857142858,22.103571428571428
2003-03-01,77.3,21.748387096774195,10.067741935483872,129.9,12.80967741935484,14.19032258064516
2003-04-01,44.0,19.990000000000002,7.783333333333333,78.9,12.120000000000001,12.686666666666667
2003-05-01,27.6,16.551612903225806,5.638709677419355,45.1,10.435483870967742,8.432258064516128
2003-06-01,101.0,12.713333333333333,5.676666666666667,35.5,9.896666666666667,5.833333333333333
2003-07-01,67.1,12.270967741935483,3.980645161290323,39.6,8.819354838709677,7.274193548387097
2003-08-01,90.7,12.16451612903226,3.9193548387096775,53.5,8.703225806451613,9.964516129032257
2003-09-01,53.1,14.046666666666665,4.526666666666667,72.4,9.563333333333333,14.323333333333332
2003-10-01,69.5,14.82258064516129,5.358064516129032,90.7,9.958064516129031,15.864516129032259
2003-11-01,35.9,20.926666666666666,7.716666666666667,155.1,10.99,24.723333333333336
2003-12-01,43.7,26.296774193548387,10.161290322580646,192.2,12.709677419354838,24.712903225806453
2004-01-01,41.2,22.70967741935484,8.67741935483871,169.5,12.2,23.06451612903226
2004-02-01,25.799999999999997,26.386206896551727,10.689655172413794,168.7,12.89310344827586,21.948275862068964
2004-03-01,53.6,23.03548387096774,8.399999999999999,144.1,11.141935483870967,18.483870967741936
2004-04-01,31.200000000000003,19.553333333333335,8.086666666666666,82.9,11.34,12.176666666666668
2004-05-01,18.2,14.974193548387097,5.383870967741935,46.9,10.33548387096774,7.541935483870968
2004-06-01,97.5,12.283333333333333,5.676666666666667,36.9,9.6,4.596666666666667
2004-07-01,64.9,11.161290322580646,4.422580645161291,35.5,8.90967741935484,6.125806451612903
2004-08-01,84.0,13.151612903225805,5.054838709677419,52.7,9.219354838709679,9.5
2004-09-01,55.699999999999996,14.583333333333334,5.786666666666666,60.3,10.29,12.71
2004-10-01,24.4,18.906451612903226,6.187096774193549,124.89999999999999,10.790322580645162,20.651612903225807
2004-11-01,66.0,20.36,7.613333333333333,135.7,11.22,21.116666666666667
2004-12-01,111.6,24.30322580645161,10.116129032258065,178.9,12.648387096774194,24.316129032258065
2005-01-01,33.4,26.358064516129033,10.82258064516129,201.1,12.893548387096773,25.225806451612904
2005-02-01,67.1,23.139285714285712,10.278571428571428,134.7,12.510714285714286,19.364285714285717
2005-03-01,11.4,22.612903225806452,8.52258064516129,133.2,11.803225806451612,17.538709677419355
2005-04-01,22.6,23.126666666666665,8.76,108.1,11.263333333333332,13.07
2005-05-01,24.3,16.448387096774194,5.858064516129032,52.4,9.903225806451612,8.306451612903226
2005-06-01,52.6,14.186666666666667,4.943333333333333,34.6,9.403333333333334,6.576666666666667
2005-07-01,47.3,12.66451612903226,4.880645161290323,31.0,9.474193548387097,6.370967741935484
2005-08-01,82.0,13.751612903225807,5.180645161290323,60.8,9.148387096774194,9.606451612903227
2005-09-01,44.800000000000004,14.97,5.566666666666666,70.8,10.229999999999999,13.806666666666667
2005-10-01,71.5,17.69677419354839,7.422580645161291,104.4,11.361290322580645,17.416129032258063
2005-11-01,47.6,22.163333333333334,8.6,146.2,12.313333333333333,23.19333333333333
2005-12-01,36.5,26.41290322580645,10.038709677419355,200.1,11.283870967741937,25.161290322580644
2006-01-01,36.800000000000004,28.448387096774194,12.706451612903225,206.6,13.82258064516129,25.903225806451612
2006-02-01,31.4,24.45,10.9,152.6,13.207142857142857,23.864285714285717
2006-03-01,14.4,26.161290322580644,10.296774193548387,157.2,12.66451612903226,20.07741935483871
2006-04-01,54.0,16.68,7.08,66.2,10.333333333333334,9.633333333333333
2006-05-01,48.2,13.509677419354839,5.235483870967743,34.6,10.100000000000001,6.603225806451612
2006-06-01,20.4,12.456666666666667,2.4699999999999998,28.0,8.23,6.79
2006-07-01,54.0,11.90967741935484,3.774193548387097,33.5,8.87741935483871,6.27741935483871
2006-08-01,40.0,14.390322580645162,3.7806451612903227,57.0,9.158064516129032,10.848387096774195
2006-09-01,60.1,16.446666666666665,5.1,91.9,9.526666666666667,15.770000000000001
2006-10-01,15.4,20.44516129032258,4.012903225806451,158.3,8.506451612903225,23.848387096774193
2006-11-01,17.7,23.35666666666667,7.423333333333333,175.1,9.979999999999999,22.723333333333336
2006-12-01,10.8,24.95483870967742,8.30967741935484,216.4,9.62258064516129,24.14516129032258
2007-01-01,98.0,26.76774193548387,12.970967741935485,204.4,13.929032258064517,24.68064516129032
2007-02-01,5.4,28.50714285714286,13.417857142857143,181.9,15.132142857142856,23.849999999999998
2007-03-01,20.800000000000004,24.396774193548385,10.693548387096774,152.8,12.896774193548387,17.85483870967742
2007-04-01,57.8,21.540000000000003,9.05,94.3,11.596666666666666,12.536666666666667
2007-05-01,88.5,16.75483870967742,9.080645161290322,55.6,12.170967741935485,7.645161290322581
2007-06-01,48.9,11.326666666666666,3.79,27.4,9.076666666666666,6.223333333333333
2007-07-01,85.8,11.912903225806453,4.054838709677419,35.2,8.86774193548387,7.496774193548387
2007-08-01,56.300000000000004,14.383870967741936,4.95483870967742,60.4,9.638709677419355,11.074193548387097
2007-09-01,53.5,15.746666666666666,4.743333333333334,86.3,9.276666666666667,13.863333333333333
2007-10-01,27.2,18.23548387096774,5.803225806451613,121.9,10.451612903225806,18.57741935483871
2007-11-01,122.7,22.583333333333332,9.386666666666667,150.7,12.826666666666666,25.083333333333332
2007-12-01,75.9,25.951612903225808,10.01290322580645,197.4,12.53225806451613,26.06451612903226
2008-01-01,55.2,27.283870967741933,11.883870967741935,211.6,13.187096774193549,27.719354838709677
2008-02-01,14.0,23.86551724137931,10.275862068965518,160.6,12.76551724137931,22.49310344827586
2008-03-01,27.599999999999998,27.17096774193548,10.64516129032258,168.8,11.667741935483871,17.30322580645161
2008-04-01,27.599999999999998,19.283333333333335,6.510000000000001,75.4,10.843333333333334,11.486666666666668
2008-05-01,44.3,15.64516129032258,6.122580645161291,38.1,10.748387096774193,7.287096774193548
2008-06-01,45.0,13.523333333333333,6.13,34.7,10.093333333333334,5.753333333333333
2008-07-01,116.39999999999999,11.380645161290323,3.596774193548387,37.2,8.412903225806453,7.151612903225806
2008-08-01,59.9,11.438709677419356,3.4935483870967743,39.8,9.067741935483872,8.654838709677419
2008-09-01,53.400000000000006,15.446666666666665,4.623333333333333,84.0,9.5,14.766666666666667
2008-10-01,15.600000000000001,19.9741935483871,5.95483870967742,127.2,9.919354838709678,18.64516129032258
2008-11-01,30.2,21.4,8.22,141.1,10.523333333333333,21.603333333333335
2008-12-01,111.4,21.483870967741936,9.290322580645162,156.7,11.429032258064517,23.825806451612905
2009-01-01,8.0,28.24516129032258,10.403225806451612,242.5,11.170967741935485,30.312903225806455
2009-02-01,0.0,28.142857142857142,11.857142857142858,186.2,12.25357142857143,22.932142857142857
2009-03-01,47.2,23.606451612903225,9.76774193548387,124.7,12.625806451612902,15.270967741935484
2009-04-01,45.9,19.09,7.293333333333334,77.3,11.326666666666666,11.5
2009-05-01,63.300000000000004,15.412903225806453,6.609677419354839,38.2,11.345161290322581,6.864516129032259
2009-06-01,42.7,12.933333333333334,4.46,27.4,9.603333333333333,6.116666666666666
2009-07-01,90.3,12.09032258064516,4.661290322580645,36.5,8.970967741935485,6.396774193548388
2009-08-01,112.4,13.832258064516129,5.906451612903226,60.7,9.674193548387096,9.416129032258064
2009-09-01,70.0,15.373333333333333,5.86,72.1,10.046666666666665,13.426666666666668
2009-10-01,37.3,17.383870967741935,5.983870967741935,101.9,10.716129032258063,19.58709677419355
2009-11-01,67.60000000000001,26.45,11.383333333333333,167.3,13.813333333333333,22.6
2009-12-01,39.800000000000004,25.374193548387098,9.474193548387097,190.7,12.04516129032258,26.89032258064516
2010-01-01,34.2,27.45483870967742,10.209677419354838,207.9,12.296774193548387,26.706451612903226
2010-02-01,57.4,28.099999999999998,12.910714285714286,168.3,15.114285714285714,22.400000000000002
2010-03-01,43.5,24.061290322580643,10.974193548387097,121.8,13.509677419354839,16.177419354838708
2010-04-01,65.1,19.323333333333334,10.226666666666667,64.0,13.430000000000001,9.473333333333333
2010-05-01,36.8,15.641935483870967,5.725806451612903,37.9,11.125806451612902,7.732258064516128
2010-06-01,52.4,12.313333333333333,3.56,25.1,9.3,6.3566666666666665
2010-07-01,53.4,11.929032258064517,3.3225806451612905,29.3,9.274193548387096,6.119354838709677
2010-08-01,134.2,11.7,4.241935483870968,44.4,9.193548387096774,8.970967741935485
2010-09-01,57.0,13.646666666666667,5.6899999999999995,54.0,10.346666666666666,12.636666666666665
2010-10-01,90.8,17.90967741935484,6.274193548387097,104.6,11.03225806451613,18.925806451612903
2010-11-01,65.8,20.173333333333336,8.686666666666667,115.5,12.783333333333333,19.063333333333333
2010-12-01,133.0,22.780645161290323,10.19032258064516,151.2,13.887096774193548,23.91290322580645
2011-01-01,171.8,25.30322580645161,12.348387096774195,169.0,14.816129032258065,24.29032258064516
2011-02-01,44.8,24.385714285714283,12.171428571428573,116.1,15.085714285714285,19.414285714285715
2011-03-01,45.4,21.270967741935483,10.474193548387097,99.8,13.51290322580645,15.419354838709678
2011-04-01,66.2,18.803333333333335,8.213333333333333,66.3,12.476666666666667,11.296666666666665
2011-05-01,53.800000000000004,13.654838709677419,6.04516129032258,38.4,10.432258064516128,6.396774193548388
2011-06-01,55.7,13.173333333333334,4.596666666666667,34.0,9.906666666666666,6.6
2011-07-01,76.2,12.009677419354839,4.696774193548387,36.3,9.441935483870967,6.416129032258064
2011-08-01,45.4,14.53225806451613,5.525806451612904,49.8,10.583870967741936,9.790322580645162
2011-09-01,34.0,16.19,5.596666666666667,84.9,10.626666666666667,13.67
2011-10-01,54.4,18.358064516129033,7.383870967741935,104.4,11.374193548387098,16.170967741935485
2011-11-01,46.8,22.990000000000002,9.360000000000001,136.1,13.31,20.126666666666665
2011-12-01,29.599999999999998,25.364516129032257,9.916129032258064,182.5,12.770967741935483,26.651612903225807
2012-01-01,27.0,28.096774193548388,12.816129032258065,226.5,13.32258064516129,24.74516129032258
2012-02-01,45.6,26.83103448275862,12.365517241379312,163.0,14.275862068965518,20.3
2012-03-01,54.6,22.635483870967743,9.94516129032258,124.8,13.22258064516129,15.170967741935485
2012-04-01,24.8,21.0,7.956666666666666,95.4,12.323333333333332,12.556666666666667
2012-05-01,83.19999999999999,15.258064516129032,6.309677419354839,52.6,10.8,7.941935483870967
2012-06-01,82.2,12.17,4.456666666666666,35.3,9.406666666666666,6.1466666666666665
2012-07-01,83.0,12.27741935483871,4.945161290322581,31.0,9.912903225806453,6.15483870967742
2012-08-01,84.8,12.735483870967743,4.680645161290323,54.7,9.17741935483871,9.516129032258064
2012-09-01,61.6,15.756666666666666,5.8533333333333335,82.3,9.893333333333334,14.85
2012-10-01,46.6,18.070967741935487,5.664516129032258,113.0,10.2,16.190322580645162
2012-11-01,41.6,22.68,8.336666666666666,160.0,11.69,22.69333333333333
2012-12-01,16.0,24.961290322580645,9.870967741935484,195.0,11.641935483870967,26.135483870967743
2013-01-01,1.2000000000000002,27.706451612903226,10.509677419354839,232.6,11.85483870967742,27.793548387096774
2013-02-01,17.8,28.62857142857143,12.567857142857141,181.1,14.317857142857145,23.017857142857142
2013-03-01,21.0,26.5,12.193548387096774,160.0,12.609677419354838,16.574193548387097
2013-04-01,11.8,20.48,7.756666666666666,84.1,11.946666666666665,11.736666666666668
2013-05-01,54.6,16.26451612903226,6.325806451612903,52.2,10.216129032258063,7.903225806451613
2013-06-01,70.0,13.31,4.633333333333334,27.0,9.620000000000001,6.3933333333333335
2013-07-01,89.8,12.790322580645162,5.254838709677419,35.8,9.929032258064517,6.554838709677419
2013-08-01,111.8,13.648387096774194,5.887096774193548,55.9,10.009677419354839,9.725806451612904
2013-09-01,54.8,17.006666666666668,7.303333333333333,79.8,11.4,13.203333333333335
2013-10-01,108.8,16.887096774193548,6.670967741935484,111.1,10.248387096774193,16.72258064516129
2013-11-01,64.0,18.983333333333334,7.746666666666667,129.8,11.296666666666665,20.34
2013-12-01,30.799999999999997,24.24516129032258,9.36774193548387,190.8,11.890322580645162,25.94516129032258
2014-01-01,23.4,28.716129032258067,12.538709677419355,231.1,12.316129032258065,27.200000000000003
2014-02-01,22.0,28.192857142857143,11.832142857142857,184.3,12.917857142857143,22.425
2014-03-01,26.8,24.570967741935487,9.94516129032258,126.8,13.174193548387096,16.22258064516129
2014-04-01,85.6,19.470000000000002,9.023333333333333,76.6,13.076666666666666,10.296666666666665
2014-05-01,48.6,17.19677419354839,7.638709677419355,46.6,11.90967741935484,7.54516129032258
2014-06-01,88.4,13.08,6.113333333333333,29.5,10.823333333333332,5.116666666666666
2014-07-01,66.0,11.929032258064517,4.248387096774193,34.4,9.63225806451613,6.670967741935484
2014-08-01,48.2,13.648387096774194,3.7,45.4,9.899999999999999,10.40967741935484
2014-09-01,35.300000000000004,16.723333333333333,5.406666666666666,89.3,11.15,14.1
2014-10-01,21.0,21.10967741935484,6.764516129032258,139.0,10.912903225806453,18.64516129032258
2014-11-01,27.2,23.85,7.806666666666667,175.6,10.473333333333333,21.009999999999998
2014-12-01,27.2,24.22258064516129,9.600000000000001,187.8,12.893548387096773,23.91290322580645
