date,rainfall_mm,TMax,TMin,Evap,VP,Rad
1889-01-01,59.599999999999994,29.82903225806452,12.67741935483871,230.2,13.464516129032257,23.725806451612904
1889-02-01,23.6,28.939285714285713,12.475,195.7,13.792857142857143,21.49285714285714
1889-03-01,7.9,27.0,11.09032258064516,155.5,12.8,17.029032258064515
1889-04-01,179.6,21.116666666666667,9.29,89.7,12.503333333333334,11.66
1889-05-01,115.4,16.799999999999997,7.567741935483871,52.9,11.46774193548387,7.980645161290322
1889-06-01,128.2,13.683333333333334,5.64,35.5,9.946666666666665,6.62
1889-07-01,34.0,13.2,3.832258064516129,41.5,9.303225806451612,7.370967741935484
1889-08-01,108.9,14.429032258064517,5.22258064516129,57.6,9.735483870967743,10.40967741935484
1889-09-01,56.9,16.513333333333332,5.816666666666666,79.7,10.463333333333333,14.153333333333334
1889-10-01,108.6,21.11935483870968,7.8,117.8,11.448387096774193,18.01290322580645
1889-11-01,62.7,24.426666666666666,9.773333333333333,155.0,12.65,21.123333333333335
1889-12-01,15.4,27.574193548387097,10.890322580645162,204.5,12.94516129032258,23.429032258064513
1890-01-01,36.3,31.403225806451612,14.02258064516129,230.2,14.383870967741935,24.067741935483873
1890-02-01,0.5,30.04642857142857,13.65,195.7,14.875,21.607142857142858
1890-03-01,28.700000000000003,26.519354838709678,11.654838709677419,155.5,14.148387096774194,16.958064516129035
1890-04-01,35.1,21.94,8.553333333333335,89.7,12.15,12.03
1890-05-01,35.2,17.361290322580647,7.15483870967742,52.9,11.23225806451613,8.048387096774194
1890-06-01,90.9,14.26,6.303333333333333,35.5,10.51,6.663333333333333
1890-07-01,45.6,12.696774193548388,4.077419354838709,41.5,9.206451612903225,7.448387096774193
1890-08-01,75.6,14.116129032258065,4.935483870967742,57.6,9.674193548387096,10.280645161290321
1890-09-01,52.0,17.176666666666666,6.706666666666666,79.7,10.76,13.856666666666666
1890-10-01,69.39999999999999,20.216129032258067,6.935483870967742,117.8,10.72258064516129,18.200000000000003
1890-11-01,49.1,23.40666666666667,8.666666666666666,155.0,11.78,21.396666666666665
1890-12-01,10.6,26.583870967741937,10.093548387096773,204.5,12.461290322580645,23.496774193548386
1891-01-01,11.399999999999999,28.796774193548387,11.27741935483871,230.2,13.496774193548386,24.351612903225806
1891-02-01,0.8,28.682142857142857,11.174999999999999,195.7,13.178571428571429,22.142857142857142
1891-03-01,11.399999999999999,26.73225806451613,11.161290322580646,155.5,13.40967741935484,17.270967741935483
1891-04-01,21.6,20.766666666666666,8.389999999999999,89.7,12.253333333333334,11.870000000000001
1891-05-01,15.799999999999999,17.4,6.370967741935484,52.9,10.948387096774193,8.351612903225806
1891-06-01,59.199999999999996,13.91,5.3133333333333335,35.5,10.32,6.763333333333334
1891-07-01,36.599999999999994,13.01290322580645,4.503225806451613,41.5,9.341935483870968,7.551612903225807
1891-08-01,27.599999999999998,14.861290322580645,4.925806451612903,57.6,9.870967741935484,10.558064516129033
1891-09-01,32.3,17.466666666666665,6.1433333333333335,79.7,10.603333333333333,14.436666666666667
1891-10-01,67.39999999999999,20.309677419354838,7.112903225806452,117.8,11.070967741935483,18.206451612903226
1891-11-01,30.799999999999997,23.933333333333334,9.020000000000001,155.0,12.166666666666666,21.509999999999998
1891-12-01,49.1,26.970967741935485,10.154838709677419,204.5,12.293548387096775,23.66774193548387
1892-01-01,15.0,28.996774193548386,11.212903225806452,230.2,13.180645161290323,23.79032258064516
1892-02-01,2.3,30.086206896551722,12.203448275862069,201.5,14.275862068965518,21.941379310344825
1892-03-01,26.1,27.374193548387098,11.635483870967741,155.5,13.774193548387096,16.45483870967742
1892-04-01,42.0,20.80666666666667,7.48,89.7,11.19,11.636666666666667
1892-05-01,33.9,16.483870967741936,6.496774193548387,52.9,11.04516129032258,8.080645161290322
1892-06-01,75.3,13.843333333333334,5.013333333333334,35.5,9.686666666666667,6.739999999999999
1892-07-01,63.199999999999996,13.219354838709679,3.9709677419354836,41.5,9.083870967741936,7.487096774193549
1892-08-01,44.9,14.564516129032258,5.225806451612903,57.6,9.793548387096775,10.483870967741936
1892-09-01,35.699999999999996,16.456666666666667,6.1066666666666665,79.7,10.736666666666668,14.4
1892-10-01,32.8,19.80322580645161,7.393548387096774,117.8,11.448387096774193,18.174193548387095
1892-11-01,46.300000000000004,24.459999999999997,9.596666666666666,155.0,12.823333333333332,21.883333333333333
1892-12-01,57.1,25.838709677419356,9.693548387096774,204.5,12.251612903225807,23.70967741935484
1893-01-01,7.699999999999999,28.725806451612904,11.570967741935483,230.2,12.883870967741936,24.0
1893-02-01,2.8,29.967857142857145,11.817857142857141,195.7,13.403571428571428,21.775000000000002
1893-03-01,18.3,26.996774193548386,11.01290322580645,155.5,13.061290322580644,17.05483870967742
1893-04-01,63.7,20.396666666666665,8.47,89.7,11.933333333333334,11.973333333333333
1893-05-01,104.1,16.751612903225805,7.558064516129033,52.9,11.296774193548387,8.019354838709678
1893-06-01,54.0,13.226666666666667,5.116666666666666,35.5,9.793333333333333,6.77
1893-07-01,54.9,12.816129032258065,4.461290322580645,41.5,9.229032258064517,7.577419354838709
1893-08-01,85.2,14.606451612903227,5.109677419354839,57.6,9.63225806451613,10.55483870967742
1893-09-01,77.1,16.516666666666666,6.446666666666667,79.7,10.35,14.333333333333334
1893-10-01,65.3,20.783870967741933,7.503225806451613,117.8,11.051612903225807,19.041935483870965
1893-11-01,33.4,22.996666666666666,9.21,155.0,12.176666666666668,21.490000000000002
1893-12-01,18.5,27.038709677419355,10.774193548387096,204.5,12.451612903225806,23.903225806451612
1894-01-01,15.0,29.425806451612903,12.603225806451613,230.2,13.825806451612904,24.23548387096774
1894-02-01,0.3,28.224999999999998,11.810714285714285,195.7,13.317857142857141,22.00714285714286
1894-03-01,20.6,25.5,11.674193548387096,155.5,13.803225806451612,16.990322580645163
1894-04-01,17.1,21.10666666666667,9.06,89.7,12.426666666666668,11.81
1894-05-01,55.4,16.125806451612902,6.445161290322581,52.9,10.619354838709677,8.287096774193548
1894-06-01,40.4,14.176666666666668,5.6066666666666665,35.5,10.066666666666666,7.12
1894-07-01,116.2,12.46774193548387,4.529032258064516,41.5,8.812903225806451,7.32258064516129
1894-08-01,78.3,14.174193548387096,5.690322580645161,57.6,9.593548387096773,10.7
1894-09-01,53.2,16.203333333333333,5.626666666666667,79.7,10.229999999999999,14.43
1894-10-01,108.6,20.729032258064517,7.941935483870967,117.8,11.616129032258065,18.02258064516129
1894-11-01,5.3,25.259999999999998,9.446666666666665,155.0,11.813333333333333,21.626666666666665
1894-12-01,94.69999999999999,26.44516129032258,11.790322580645162,204.5,13.754838709677419,23.509677419354837
1895-01-01,28.7,28.529032258064515,12.745161290322581,230.2,13.525806451612903,24.40967741935484
1895-02-01,2.1,30.07857142857143,13.132142857142856,195.7,13.892857142857142,22.532142857142855
1895-03-01,32.0,25.67096774193548,11.05483870967742,155.5,12.974193548387097,17.006451612903227
1895-04-01,54.099999999999994,21.42,9.056666666666667,89.7,11.516666666666667,12.043333333333333
1895-05-01,21.099999999999998,16.216129032258063,6.590322580645162,52.9,10.506451612903225,8.1
1895-06-01,55.300000000000004,14.06,4.953333333333333,35.5,9.506666666666666,6.803333333333333
1895-07-01,65.6,12.548387096774194,3.9516129032258065,41.5,8.52258064516129,7.564516129032258
1895-08-01,110.3,15.096774193548388,5.945161290322581,57.6,9.683870967741935,10.399999999999999
1895-09-01,50.3,16.953333333333333,6.073333333333333,79.7,9.93,14.476666666666667
1895-10-01,23.0,21.948387096774194,7.729032258064516,117.8,11.435483870967742,19.248387096774195
1895-11-01,0.0,24.313333333333333,9.036666666666667,155.0,11.74,22.646666666666665
1895-12-01,61.6,27.125806451612902,10.94516129032258,204.5,13.364516129032259,24.467741935483872
1896-01-01,38.1,29.703225806451613,12.80967741935484,230.2,14.083870967741936,22.787096774193547
1896-02-01,5.9,28.310344827586206,13.079310344827586,201.5,14.544827586206896,20.510344827586206
1896-03-01,34.1,25.529032258064515,10.796774193548387,155.5,12.619354838709677,16.822580645161292
1896-04-01,106.8,20.59333333333333,8.216666666666667,89.7,11.606666666666666,12.286666666666667
1896-05-01,26.2,16.006451612903227,6.819354838709677,52.9,10.706451612903225,8.170967741935485
1896-06-01,20.4,13.316666666666666,4.276666666666667,35.5,9.286666666666667,7.136666666666667
1896-07-01,33.8,12.316129032258065,3.8483870967741933,41.5,8.612903225806452,7.851612903225806
1896-08-01,40.9,14.025806451612903,4.680645161290323,57.6,9.235483870967743,10.609677419354838
1896-09-01,28.0,16.613333333333333,5.556666666666667,79.7,10.016666666666667,14.96
1896-10-01,7.8,21.864516129032257,7.358064516129032,117.8,10.85483870967742,19.274193548387096
1896-11-01,35.8,25.65,9.526666666666667,155.0,12.42,23.176666666666666
1896-12-01,33.5,27.80322580645161,11.364516129032259,204.5,12.703225806451613,24.42258064516129
1897-01-01,20.1,28.048387096774192,11.609677419354838,230.2,13.374193548387098,23.4
1897-02-01,9.9,28.564285714285713,13.007142857142856,195.7,13.6,20.849999999999998
1897-03-01,21.5,23.809677419354838,10.074193548387097,155.5,11.735483870967743,16.864516129032257
1897-04-01,24.0,21.5,8.686666666666667,89.7,11.516666666666667,11.379999999999999
1897-05-01,35.4,16.148387096774194,6.051612903225807,52.9,9.63225806451613,8.241935483870968
1897-06-01,33.3,14.34,5.48,35.5,9.596666666666666,6.346666666666667
1897-07-01,46.699999999999996,13.358064516129032,5.719354838709678,41.5,9.52258064516129,7.54516129032258
1897-08-01,64.4,13.770967741935483,4.651612903225806,57.6,9.406451612903227,10.629032258064516
1897-09-01,48.0,17.35,6.25,79.7,10.379999999999999,14.633333333333333
1897-10-01,38.5,19.661290322580644,6.903225806451613,117.8,10.13225806451613,19.238709677419354
1897-11-01,23.9,25.543333333333333,10.19,155.0,11.963333333333333,21.996666666666666
1897-12-01,1.3,29.551612903225806,13.01290322580645,204.5,12.806451612903226,24.16774193548387
1898-01-01,1.0,30.541935483870965,13.116129032258065,230.2,13.212903225806452,25.67096774193548
1898-02-01,12.7,31.282142857142855,15.060714285714285,195.7,14.196428571428571,23.07857142857143
1898-03-01,6.3999999999999995,26.364516129032257,11.125806451612902,155.5,12.129032258064516,17.961290322580645
1898-04-01,37.9,20.293333333333333,8.516666666666667,89.7,11.06,12.18
1898-05-01,37.8,15.406451612903227,5.838709677419355,52.9,9.529032258064515,8.399999999999999
1898-06-01,93.39999999999999,13.536666666666667,5.576666666666667,35.5,9.639999999999999,6.8966666666666665
1898-07-01,76.3,12.919354838709678,5.080645161290323,41.5,8.787096774193548,7.564516129032258
1898-08-01,54.300000000000004,14.996774193548386,6.112903225806452,57.6,9.703225806451613,10.619354838709677
1898-09-01,42.1,16.973333333333333,6.993333333333334,79.7,10.486666666666668,14.516666666666667
1898-10-01,45.1,21.299999999999997,7.770967741935484,117.8,10.658064516129032,18.938709677419357
1898-11-01,37.9,23.15,9.256666666666666,155.0,11.256666666666666,21.546666666666667
1898-12-01,9.0,28.20967741935484,11.64516129032258,204.5,12.348387096774195,24.958064516129035
1899-01-01,29.4,25.5258064516129,11.077419354838709,230.2,11.806451612903226,24.1
1899-02-01,14.9,30.446428571428573,13.964285714285714,195.7,13.782142857142857,22.485714285714288
1899-03-01,32.9,26.070967741935487,12.025806451612903,155.5,12.938709677419356,16.961290322580645
1899-04-01,32.9,21.38,9.393333333333334,89.7,11.976666666666667,12.096666666666666
1899-05-01,41.9,16.083870967741937,6.438709677419355,52.9,10.370967741935484,8.338709677419354
1899-06-01,84.3,13.343333333333334,5.08,35.5,9.68,6.83
1899-07-01,10.7,12.832258064516129,3.2483870967741937,41.5,8.577419354838709,7.935483870967742
1899-08-01,22.6,14.535483870967743,5.032258064516129,57.6,9.351612903225806,10.932258064516128
1899-09-01,28.5,17.94333333333333,6.87,79.7,10.68,14.256666666666666
1899-10-01,42.699999999999996,19.712903225806453,6.480645161290322,117.8,9.94516129032258,18.9741935483871
1899-11-01,27.3,23.366666666666667,9.373333333333333,155.0,11.95,21.759999999999998
1899-12-01,19.099999999999998,28.09032258064516,11.19032258064516,204.5,11.974193548387097,24.138709677419353
1900-01-01,17.599999999999998,30.316129032258065,13.629032258064516,230.2,12.693548387096774,24.496774193548386
1900-02-01,3.9,29.592857142857145,12.328571428571427,195.7,13.157142857142857,22.460714285714285
1900-03-01,58.8,24.67096774193548,10.83548387096774,155.5,12.73225806451613,16.98709677419355
1900-04-01,72.5,18.4,8.523333333333333,89.7,11.743333333333334,11.8
1900-05-01,59.3,15.548387096774194,6.896774193548388,52.9,10.725806451612904,8.087096774193547
1900-06-01,88.39999999999999,13.473333333333333,5.1066666666666665,35.5,9.75,6.943333333333333
1900-07-01,27.5,12.364516129032259,4.474193548387096,41.5,8.929032258064517,7.509677419354839
1900-08-01,94.6,13.474193548387097,4.703225806451614,57.6,9.170967741935485,10.448387096774193
1900-09-01,29.9,15.736666666666668,5.943333333333333,79.7,10.326666666666666,14.16
1900-10-01,22.4,20.448387096774194,6.83225806451613,117.8,10.725806451612904,18.677419354838708
1900-11-01,7.699999999999999,24.733333333333334,9.013333333333332,155.0,11.903333333333334,22.396666666666665
1900-12-01,22.700000000000003,27.187096774193545,10.754838709677419,204.5,12.958064516129031,23.87741935483871
1901-01-01,29.6,27.641935483870967,11.567741935483872,230.2,12.432258064516128,24.73548387096774
1901-02-01,0.6,30.150000000000002,13.75,195.7,13.517857142857142,22.17142857142857
1901-03-01,12.5,25.52258064516129,10.651612903225805,155.5,12.193548387096774,17.532258064516128
1901-04-01,30.8,19.80666666666667,8.336666666666666,89.7,10.896666666666667,12.283333333333333
1901-05-01,23.6,17.570967741935487,6.980645161290322,52.9,10.225806451612904,8.47741935483871
1901-06-01,100.5,12.696666666666665,3.68,35.5,8.183333333333334,7.003333333333333
1901-07-01,34.3,12.087096774193547,3.8548387096774195,41.5,8.438709677419356,7.65483870967742
1901-08-01,29.7,13.780645161290321,4.751612903225807,57.6,9.064516129032258,10.596774193548388
1901-09-01,93.3,17.5,7.11,79.7,10.466666666666667,14.636666666666667
1901-10-01,56.3,19.796774193548387,7.112903225806452,117.8,10.612903225806452,19.335483870967742
1901-11-01,14.1,26.35,10.733333333333333,155.0,12.31,22.37
1901-12-01,29.9,28.212903225806453,11.138709677419355,204.5,12.280645161290321,24.938709677419357
1902-01-01,11.2,28.161290322580644,11.703225806451613,230.2,12.990322580645161,24.783870967741933
1902-02-01,23.2,27.36785714285714,11.035714285714286,195.7,12.346428571428572,22.321428571428573
1902-03-01,20.599999999999998,24.58709677419355,10.16451612903226,155.5,11.390322580645162,17.990322580645163
1902-04-01,1.3,22.05,8.223333333333333,89.7,11.116666666666667,12.76
1902-05-01,20.599999999999998,17.97741935483871,6.793548387096774,52.9,10.425806451612903,8.819354838709677
1902-06-01,86.60000000000001,13.84,4.4766666666666675,35.5,9.246666666666666,7.25
1902-07-01,33.9,13.832258064516129,4.077419354838709,41.5,8.54516129032258,8.025806451612903
1902-08-01,27.2,14.32258064516129,4.132258064516129,57.6,8.851612903225806,11.016129032258064
1902-09-01,32.8,17.126666666666665,6.47,79.7,10.096666666666666,14.92
1902-10-01,62.1,21.335483870967742,8.141935483870968,117.8,10.709677419354838,19.335483870967742
1902-11-01,17.7,26.81,10.97,155.0,12.110000000000001,22.65666666666667
1902-12-01,86.8,26.051612903225806,10.72258064516129,204.5,12.838709677419354,24.251612903225805
1903-01-01,22.9,27.870967741935484,11.451612903225806,230.2,12.629032258064516,24.309677419354838
1903-02-01,29.9,27.207142857142856,11.410714285714286,195.7,12.700000000000001,21.792857142857144
1903-03-01,32.9,25.73225806451613,10.919354838709678,155.5,13.348387096774195,17.948387096774194
1903-04-01,64.4,20.483333333333334,8.686666666666667,89.7,11.7,11.783333333333333
1903-05-01,35.0,15.935483870967742,5.912903225806451,52.9,10.364516129032259,7.990322580645161
1903-06-01,96.5,13.17,4.406666666666666,35.5,9.253333333333334,6.753333333333333
1903-07-01,98.3,12.693548387096774,3.851612903225807,41.5,8.941935483870967,7.635483870967741
1903-08-01,61.0,14.37741935483871,4.238709677419355,57.6,9.048387096774194,10.46774193548387
1903-09-01,81.3,16.686666666666667,6.293333333333334,79.7,10.263333333333332,14.44
1903-10-01,50.7,21.23225806451613,7.709677419354839,117.8,11.32258064516129,18.80322580645161
1903-11-01,43.800000000000004,24.709999999999997,9.696666666666665,155.0,12.46,22.0
1903-12-01,23.9,26.05483870967742,10.709677419354838,204.5,12.687096774193549,24.26774193548387
1904-01-01,60.5,28.45483870967742,12.332258064516129,230.2,13.01290322580645,24.29032258064516
1904-02-01,25.299999999999997,27.482758620689655,11.624137931034484,201.5,12.710344827586209,21.52758620689655
1904-03-01,7.6,24.561290322580643,9.64516129032258,155.5,12.138709677419355,16.929032258064513
1904-04-01,28.5,23.220000000000002,9.033333333333333,89.7,12.270000000000001,12.503333333333334
1904-05-01,64.7,17.845161290322583,6.532258064516129,52.9,11.158064516129032,8.316129032258065
1904-06-01,46.0,14.006666666666666,4.319999999999999,35.5,9.26,6.819999999999999
1904-07-01,70.9,13.119354838709677,3.893548387096774,41.5,9.183870967741935,7.564516129032258
1904-08-01,58.4,14.612903225806452,4.429032258064517,57.6,9.319354838709677,10.606451612903227
1904-09-01,39.1,16.243333333333332,4.363333333333333,79.7,9.8,14.72
1904-10-01,92.7,20.770967741935483,6.780645161290322,117.8,11.332258064516129,19.048387096774192
1904-11-01,35.3,24.17,8.523333333333333,155.0,11.946666666666665,22.64
1904-12-01,2.5,27.806451612903224,10.538709677419355,204.5,12.745161290322581,24.761290322580646
1905-01-01,18.8,30.296774193548387,13.251612903225807,230.2,13.680645161290323,23.929032258064513
1905-02-01,7.6,27.885714285714283,11.142857142857142,195.7,13.053571428571429,21.660714285714285
1905-03-01,4.0,25.951612903225808,9.980645161290322,155.5,12.13225806451613,16.638709677419353
1905-04-01,86.7,21.240000000000002,8.676666666666668,89.7,12.75,12.043333333333333
1905-05-01,47.8,17.31935483870968,6.65483870967742,52.9,10.932258064516128,8.038709677419355
1905-06-01,83.4,13.733333333333333,5.093333333333334,35.5,9.686666666666667,6.6433333333333335
1905-07-01,90.2,12.95483870967742,4.006451612903226,41.5,8.916129032258064,7.451612903225806
1905-08-01,63.0,14.416129032258064,3.8483870967741933,57.6,8.958064516129031,10.509677419354839
1905-09-01,54.4,15.21,3.893333333333333,79.7,9.2,14.056666666666667
1905-10-01,90.5,18.280645161290323,4.525806451612904,117.8,9.774193548387096,17.783870967741933
1905-11-01,13.4,23.996666666666666,7.676666666666667,155.0,11.33,21.533333333333335
1905-12-01,17.0,26.62258064516129,9.564516129032258,204.5,12.567741935483872,24.26774193548387
1906-01-01,1.5,31.406451612903226,13.125806451612902,230.2,13.448387096774193,24.35483870967742
1906-02-01,14.0,31.021428571428572,13.65,195.7,14.314285714285715,21.760714285714283
1906-03-01,44.8,24.838709677419356,11.019354838709678,155.5,13.13225806451613,16.851612903225806
1906-04-01,29.3,21.123333333333335,9.623333333333333,89.7,12.296666666666665,11.876666666666667
1906-05-01,106.4,16.75483870967742,7.861290322580645,52.9,11.216129032258063,8.070967741935483
1906-06-01,140.4,14.46,6.126666666666667,35.5,9.976666666666667,6.733333333333333
1906-07-01,197.4,13.180645161290323,5.070967741935483,41.5,9.119354838709677,7.480645161290322
1906-08-01,87.10000000000001,13.948387096774193,5.090322580645162,57.6,9.254838709677419,10.238709677419354
1906-09-01,87.0,16.38,6.33,79.7,10.333333333333334,13.96
1906-10-01,77.4,19.690322580645162,7.370967741935484,117.8,10.832258064516129,18.04516129032258
1906-11-01,84.5,21.95,8.316666666666666,155.0,11.33,20.34333333333333
1906-12-01,11.399999999999999,26.748387096774195,10.593548387096773,204.5,12.667741935483871,23.687096774193545
1907-01-01,5.8,27.69677419354839,11.82258064516129,230.2,13.148387096774194,24.73225806451613
1907-02-01,34.599999999999994,28.63214285714286,11.478571428571428,195.7,12.49642857142857,22.407142857142855
1907-03-01,31.7,23.951612903225808,9.783870967741937,155.5,11.72258064516129,17.583870967741937
1907-04-01,90.7,19.583333333333332,8.103333333333333,89.7,11.05,12.176666666666668
1907-05-01,90.0,17.10967741935484,6.72258064516129,52.9,10.629032258064516,8.7
1907-06-01,46.0,13.403333333333334,4.216666666666667,35.5,9.156666666666666,7.016666666666667
1907-07-01,100.8,12.841935483870968,4.058064516129032,41.5,8.670967741935485,7.764516129032257
1907-08-01,85.5,14.729032258064517,5.696774193548387,57.6,9.441935483870967,10.916129032258064
1907-09-01,30.499999999999996,17.94333333333333,6.4766666666666675,79.7,9.956666666666667,14.993333333333334
1907-10-01,39.5,20.416129032258063,6.77741935483871,117.8,9.812903225806451,19.251612903225805
1907-11-01,50.9,24.73,9.610000000000001,155.0,11.870000000000001,21.946666666666665
1907-12-01,19.0,25.712903225806453,10.080645161290322,204.5,11.932258064516128,24.70967741935484
1908-01-01,12.2,34.193548387096776,15.193548387096774,230.2,14.077419354838709,25.57741935483871
1908-02-01,19.8,29.610344827586204,13.299999999999999,201.5,13.76896551724138,21.49310344827586
1908-03-01,43.6,24.05483870967742,10.838709677419354,155.5,12.525806451612903,16.4
1908-04-01,12.2,20.959999999999997,9.046666666666665,89.7,11.426666666666668,11.85
1908-05-01,115.89999999999999,15.36774193548387,6.983870967741935,52.9,10.399999999999999,8.187096774193549
1908-06-01,76.3,11.873333333333333,3.9466666666666668,35.5,8.666666666666666,6.85
1908-07-01,30.8,12.129032258064516,4.103225806451613,41.5,8.825806451612904,7.767741935483871
1908-08-01,50.2,13.399999999999999,4.625806451612903,57.6,9.158064516129032,10.596774193548388
1908-09-01,101.8,15.116666666666667,5.8933333333333335,79.7,9.613333333333333,14.24
1908-10-01,70.5,20.23548387096774,7.067741935483871,117.8,10.651612903225805,18.519354838709678
1908-11-01,28.1,25.209999999999997,10.379999999999999,155.0,12.283333333333333,22.473333333333336
1908-12-01,9.700000000000001,27.46451612903226,11.561290322580644,204.5,12.019354838709678,24.164516129032258
1909-01-01,12.7,27.26451612903226,12.019354838709676,230.2,11.974193548387097,22.787096774193547
1909-02-01,13.399999999999999,27.00714285714286,11.450000000000001,195.7,12.560714285714285,22.00714285714286
1909-03-01,44.0,24.664516129032258,11.116129032258065,155.5,12.66451612903226,16.674193548387095
1909-04-01,59.4,18.176666666666666,7.116666666666666,89.7,10.196666666666665,11.833333333333334
1909-05-01,73.0,15.206451612903225,7.335483870967742,52.9,10.83548387096774,7.551612903225807
1909-06-01,113.5,12.610000000000001,5.316666666666666,35.5,9.716666666666667,6.1433333333333335
1909-07-01,79.1,11.883870967741935,4.135483870967741,41.5,8.925806451612903,7.416129032258064
1909-08-01,113.60000000000001,13.09032258064516,5.496774193548387,57.6,9.474193548387097,9.55483870967742
1909-09-01,33.5,15.853333333333333,5.95,79.7,10.270000000000001,15.016666666666667
1909-10-01,80.5,19.9741935483871,7.219354838709678,117.8,10.8,19.396774193548385
1909-11-01,30.7,23.33,8.943333333333333,155.0,10.963333333333333,21.689999999999998
1909-12-01,14.0,24.190322580645162,9.174193548387096,204.5,10.741935483870968,23.73225806451613
1910-01-01,12.4,29.18064516129032,13.374193548387098,230.2,13.432258064516128,22.729032258064517
1910-02-01,5.6,29.560714285714287,12.975,195.7,12.946428571428571,22.557142857142857
1910-03-01,123.89999999999999,24.94516129032258,11.296774193548387,155.5,12.696774193548388,17.45483870967742
1910-04-01,16.599999999999998,21.15666666666667,8.639999999999999,89.7,11.546666666666665,12.729999999999999
1910-05-01,88.1,16.425806451612903,8.125806451612904,52.9,11.503225806451614,7.774193548387097
1910-06-01,60.9,13.753333333333334,6.1,35.5,10.026666666666667,6.486666666666666
1910-07-01,102.8,12.458064516129031,5.058064516129033,41.5,9.448387096774193,7.383870967741935
1910-08-01,59.7,14.993548387096775,6.422580645161291,57.6,9.90967741935484,10.661290322580646
1910-09-01,119.0,16.396666666666665,6.996666666666667,79.7,10.876666666666667,14.073333333333332
1910-10-01,66.5,17.806451612903224,6.754838709677419,117.8,9.793548387096775,18.219354838709677
1910-11-01,45.8,23.216666666666665,9.72,155.0,11.286666666666667,21.246666666666666
1910-12-01,44.7,23.738709677419354,9.109677419354838,204.5,11.33548387096774,23.316129032258065
1911-01-01,3.3,28.141935483870967,12.741935483870968,230.2,13.316129032258065,23.074193548387097
1911-02-01,107.7,26.032142857142855,13.057142857142859,195.7,14.839285714285714,18.985714285714288
1911-03-01,25.3,23.403225806451612,11.351612903225806,155.5,13.17741935483871,15.69032258064516
1911-04-01,32.3,19.166666666666668,7.633333333333334,89.7,10.863333333333333,11.976666666666667
1911-05-01,54.9,16.267741935483873,7.925806451612903,52.9,11.106451612903227,7.709677419354839
1911-06-01,76.4,12.466666666666667,4.716666666666667,35.5,8.946666666666665,6.29
1911-07-01,59.699999999999996,12.703225806451613,3.9645161290322584,41.5,8.703225806451613,7.541935483870968
1911-08-01,26.0,15.664516129032258,6.6,57.6,9.94516129032258,10.067741935483872
1911-09-01,58.800000000000004,16.753333333333334,7.206666666666666,79.7,10.696666666666665,13.07
1911-10-01,20.0,19.216129032258067,7.129032258064516,117.8,10.183870967741935,18.919354838709676
1911-11-01,0.0,26.076666666666664,10.44,155.0,12.223333333333333,22.73
1911-12-01,79.7,24.229032258064517,10.574193548387097,204.5,11.53225806451613,22.719354838709677
1912-01-01,1.0,28.419354838709676,12.151612903225805,230.2,12.02258064516129,25.09032258064516
1912-02-01,8.6,30.451724137931034,14.424137931034483,201.5,13.36896551724138,21.28965517241379
1912-03-01,20.3,25.95483870967742,11.98709677419355,155.5,13.251612903225807,17.019354838709678
1912-04-01,36.599999999999994,18.84333333333333,8.33,89.7,10.889999999999999,11.823333333333332
1912-05-01,17.4,17.30322580645161,6.196774193548387,52.9,9.741935483870968,9.01290322580645
1912-06-01,58.3,13.543333333333333,5.783333333333333,35.5,9.770000000000001,6.666666666666667
1912-07-01,62.2,12.448387096774193,4.348387096774194,41.5,8.83548387096774,7.470967741935484
1912-08-01,53.3,14.40967741935484,6.070967741935484,57.6,9.51290322580645,10.55483870967742
1912-09-01,168.8,16.103333333333335,6.906666666666666,79.7,9.94,14.153333333333334
1912-10-01,28.8,20.003225806451614,7.164516129032258,117.8,10.55483870967742,18.60967741935484
1912-11-01,54.1,21.80666666666667,9.26,155.0,11.58,20.496666666666666
1912-12-01,48.9,25.538709677419355,10.819354838709677,204.5,12.399999999999999,24.635483870967743
1913-01-01,6.6,26.845161290322583,11.52258064516129,230.2,12.05483870967742,24.496774193548386
1913-02-01,28.3,28.29642857142857,13.046428571428573,195.7,13.657142857142857,22.060714285714287
1913-03-01,63.3,22.84193548387097,11.14516129032258,155.5,12.816129032258065,16.070967741935483
1913-04-01,23.1,21.703333333333333,9.71,89.7,12.513333333333332,12.16
1913-05-01,20.4,14.861290322580645,6.738709677419355,52.9,10.393548387096773,7.961290322580646
1913-06-01,14.7,13.43,3.6566666666666667,35.5,8.716666666666667,7.246666666666667
1913-07-01,43.3,13.406451612903227,5.112903225806452,41.5,9.003225806451614,7.738709677419355
1913-08-01,82.6,14.45483870967742,5.809677419354839,57.6,9.04516129032258,11.003225806451614
1913-09-01,76.89999999999999,15.813333333333333,6.916666666666667,79.7,10.203333333333335,13.643333333333334
1913-10-01,47.099999999999994,20.432258064516127,8.203225806451613,117.8,11.280645161290321,18.151612903225807
1913-11-01,58.1,22.05,8.523333333333333,155.0,10.83,21.773333333333333
1913-12-01,21.8,28.038709677419355,11.925806451612903,204.5,11.993548387096775,24.858064516129033
1914-01-01,33.3,27.835483870967742,11.82258064516129,230.2,12.312903225806451,24.258064516129032
1914-02-01,2.8,30.578571428571426,13.689285714285715,195.7,13.525,21.8
1914-03-01,38.6,26.280645161290323,12.738709677419354,155.5,13.80967741935484,16.58709677419355
1914-04-01,43.6,20.436666666666667,9.596666666666666,89.7,11.97,11.03
1914-05-01,48.7,16.470967741935485,7.270967741935484,52.9,10.806451612903226,8.170967741935485
1914-06-01,16.5,14.566666666666666,4.766666666666667,35.5,9.24,6.846666666666667
1914-07-01,38.7,12.890322580645162,3.7161290322580647,41.5,8.461290322580645,7.661290322580645
1914-08-01,8.0,16.325806451612905,5.641935483870968,57.6,9.216129032258063,11.270967741935483
1914-09-01,7.699999999999999,17.563333333333333,5.596666666666667,79.7,9.556666666666667,14.51
1914-10-01,5.1,24.216129032258067,9.006451612903225,117.8,10.841935483870968,19.851612903225806
1914-11-01,32.0,25.903333333333332,11.68,155.0,13.576666666666666,21.14333333333333
1914-12-01,39.7,26.4741935483871,12.825806451612904,204.5,14.229032258064517,22.141935483870967
1915-01-01,12.5,27.96451612903226,11.94516129032258,230.2,11.90967741935484,25.116129032258065
1915-02-01,0.0,28.978571428571428,13.299999999999999,195.7,13.446428571428571,21.832142857142856
1915-03-01,12.3,24.048387096774192,10.7,155.5,11.629032258064516,16.92258064516129
1915-04-01,25.3,19.55,8.81,89.7,11.58,12.303333333333335
1915-05-01,58.1,14.948387096774193,6.829032258064516,52.9,10.22258064516129,8.067741935483872
1915-06-01,181.2,13.496666666666666,6.696666666666667,35.5,9.956666666666667,6.586666666666667
1915-07-01,39.199999999999996,13.319354838709677,5.983870967741935,41.5,9.506451612903225,7.564516129032258
1915-08-01,99.4,14.035483870967743,6.158064516129032,57.6,9.751612903225807,10.490322580645161
1915-09-01,102.3,16.2,7.2,79.7,10.273333333333333,14.746666666666668
1915-10-01,31.299999999999997,18.25483870967742,7.209677419354839,117.8,10.106451612903227,18.55483870967742
1915-11-01,13.2,21.25,8.236666666666666,155.0,10.506666666666666,22.183333333333334
1915-12-01,0.0,26.177419354838708,10.574193548387097,204.5,12.416129032258064,24.603225806451615
1916-01-01,17.0,28.580645161290324,12.603225806451613,230.2,13.503225806451614,23.516129032258064
1916-02-01,10.1,27.99655172413793,12.544827586206896,201.5,13.448275862068966,22.441379310344825
1916-03-01,0.0,25.677419354838708,10.380645161290323,155.5,12.041935483870969,18.370967741935484
1916-04-01,32.8,19.03666666666667,8.356666666666666,89.7,11.153333333333334,11.283333333333333
1916-05-01,20.5,16.787096774193547,6.748387096774193,52.9,10.074193548387097,8.206451612903226
1916-06-01,82.3,12.536666666666667,5.4,35.5,9.423333333333334,6.23
1916-07-01,65.8,12.448387096774193,5.064516129032258,41.5,9.17741935483871,7.080645161290323
1916-08-01,59.4,13.416129032258064,5.387096774193548,57.6,9.4,10.374193548387098
1916-09-01,58.9,16.546666666666667,7.676666666666666,79.7,10.396666666666667,13.67
1916-10-01,53.1,18.593548387096774,7.338709677419355,117.8,10.996774193548386,17.548387096774192
1916-11-01,79.89999999999999,19.953333333333333,8.593333333333334,155.0,11.266666666666667,20.15
1916-12-01,43.9,25.606451612903225,10.890322580645162,204.5,12.925806451612903,23.1
1917-01-01,19.9,27.419354838709676,12.009677419354839,230.2,13.006451612903225,23.24516129032258
1917-02-01,36.3,25.917857142857144,12.25357142857143,195.7,13.710714285714285,20.539285714285715
1917-03-01,43.099999999999994,23.674193548387095,11.148387096774194,155.5,12.990322580645161,16.364516129032257
1917-04-01,16.3,18.733333333333334,7.546666666666667,89.7,10.983333333333333,11.993333333333334
1917-05-01,109.0,14.709677419354838,7.258064516129032,52.9,10.587096774193547,7.793548387096774
1917-06-01,30.3,13.093333333333334,5.126666666666667,35.5,9.513333333333332,6.593333333333334
1917-07-01,117.3,12.838709677419354,6.212903225806452,41.5,9.729032258064517,7.174193548387097
1917-08-01,57.5,14.154838709677419,5.680645161290323,57.6,9.745161290322581,10.72258064516129
1917-09-01,84.89999999999999,16.483333333333334,6.663333333333333,79.7,10.479999999999999,14.523333333333333
1917-10-01,59.199999999999996,18.616129032258065,7.519354838709678,117.8,11.316129032258065,17.416129032258063
1917-11-01,20.1,22.33,9.139999999999999,155.0,12.313333333333334,21.009999999999998
1917-12-01,12.399999999999999,28.200000000000003,12.416129032258064,204.5,13.73225806451613,23.625806451612902
1918-01-01,12.399999999999999,29.648387096774194,13.696774193548388,230.2,15.196774193548388,24.348387096774193
1918-02-01,3.8,28.360714285714288,12.982142857142858,195.7,14.260714285714286,21.414285714285715
1918-03-01,7.2,24.838709677419356,11.106451612903227,155.5,13.0,17.125806451612902
1918-04-01,27.700000000000003,20.003333333333334,9.053333333333335,89.7,11.953333333333331,11.763333333333332
1918-05-01,86.7,17.26774193548387,8.63225806451613,52.9,11.406451612903227,7.861290322580645
1918-06-01,80.1,14.233333333333333,6.236666666666666,35.5,10.04,6.866666666666666
1918-07-01,45.3,12.264516129032257,4.4,41.5,8.97741935483871,7.429032258064517
1918-08-01,47.0,14.380645161290323,6.029032258064516,57.6,10.048387096774194,9.94516129032258
1918-09-01,13.2,17.583333333333332,6.386666666666667,79.7,10.110000000000001,15.916666666666666
1918-10-01,55.4,18.280645161290323,7.387096774193548,117.8,10.503225806451614,18.258064516129032
1918-11-01,10.7,23.18,8.943333333333333,155.0,11.326666666666666,21.87
1918-12-01,20.4,26.5258064516129,10.558064516129033,204.5,11.806451612903226,24.55806451612903
1919-01-01,2.3,28.335483870967742,11.67741935483871,230.2,12.154838709677419,25.164516129032258
1919-02-01,49.0,29.217857142857145,14.325000000000001,195.7,15.357142857142858,20.542857142857144
1919-03-01,21.0,22.751612903225805,10.316129032258065,155.5,12.293548387096775,15.838709677419354
1919-04-01,0.0,23.253333333333334,9.823333333333332,89.7,12.483333333333333,12.33
1919-05-01,39.1,16.603225806451615,7.480645161290322,52.9,11.32258064516129,8.016129032258064
1919-06-01,40.4,14.323333333333332,6.003333333333333,35.5,9.613333333333333,7.22
1919-07-01,48.6,12.754838709677419,4.15483870967742,41.5,8.106451612903227,8.12258064516129
1919-08-01,36.8,15.161290322580646,5.396774193548388,57.6,9.370967741935484,10.62258064516129
1919-09-01,56.900000000000006,17.459999999999997,6.96,79.7,10.256666666666666,14.456666666666667
1919-10-01,37.0,20.567741935483873,7.77741935483871,117.8,10.35483870967742,18.82903225806452
1919-11-01,4.0,25.11,10.69,155.0,11.863333333333333,21.873333333333335
1919-12-01,16.799999999999997,27.629032258064516,11.887096774193548,204.5,13.187096774193549,23.92258064516129
1920-01-01,1.3,27.225806451612904,11.896774193548387,230.2,13.187096774193549,23.674193548387095
1920-02-01,1.3,28.975862068965515,12.748275862068965,201.5,12.958620689655174,22.341379310344827
1920-03-01,25.4,24.951612903225808,10.280645161290321,155.5,11.883870967741935,17.009677419354837
1920-04-01,2.8,19.883333333333333,8.639999999999999,89.7,11.3,11.536666666666667
1920-05-01,68.5,15.070967741935483,6.025806451612904,52.9,9.680645161290323,8.609677419354838
1920-06-01,100.1,13.110000000000001,6.026666666666667,35.5,9.9,6.39
1920-07-01,66.1,12.787096774193548,4.712903225806452,41.5,9.087096774193547,7.796774193548386
1920-08-01,103.4,13.264516129032257,5.306451612903226,57.6,9.66451612903226,10.125806451612902
1920-09-01,82.1,15.766666666666667,7.073333333333333,79.7,11.126666666666667,13.389999999999999
1920-10-01,35.0,20.738709677419354,7.945161290322581,117.8,12.296774193548387,18.796774193548387
1920-11-01,52.6,23.12,10.033333333333333,155.0,12.8,20.046666666666667
1920-12-01,12.5,27.287096774193547,11.525806451612903,204.5,12.658064516129032,24.467741935483872
1921-01-01,32.3,29.906451612903226,13.932258064516128,230.2,13.48709677419355,24.79032258064516
1921-02-01,8.4,29.79642857142857,14.646428571428572,195.7,15.207142857142857,21.682142857142857
1921-03-01,17.799999999999997,25.92258064516129,11.083870967741936,155.5,12.97741935483871,17.948387096774194
1921-04-01,16.0,20.853333333333335,9.476666666666667,89.7,12.183333333333334,12.213333333333335
1921-05-01,48.9,17.990322580645163,8.793548387096775,52.9,12.306451612903226,8.029032258064516
1921-06-01,33.9,14.163333333333332,6.180000000000001,35.5,10.379999999999999,6.7266666666666675
1921-07-01,97.9,13.925806451612903,5.622580645161291,41.5,9.774193548387096,7.641935483870968
1921-08-01,103.4,13.890322580645162,5.109677419354839,57.6,9.296774193548387,10.558064516129033
1921-09-01,62.1,17.410000000000004,7.42,79.7,11.35,14.923333333333334
1921-10-01,40.0,19.887096774193548,7.409677419354838,117.8,10.941935483870967,19.17096774193548
1921-11-01,83.1,24.696666666666665,10.639999999999999,155.0,12.756666666666666,21.790000000000003
1921-12-01,17.0,25.093548387096774,10.993548387096775,204.5,12.86774193548387,22.541935483870965
1922-01-01,16.299999999999997,27.08709677419355,11.538709677419355,230.2,12.341935483870968,23.774193548387096
1922-02-01,10.2,29.039285714285715,13.403571428571428,195.7,13.957142857142857,21.689285714285713
1922-03-01,4.1,24.629032258064516,10.138709677419355,155.5,11.464516129032257,17.893548387096775
1922-04-01,31.0,20.826666666666664,9.99,89.7,11.886666666666667,11.65
1922-05-01,72.1,16.403225806451612,8.074193548387097,52.9,11.458064516129031,8.238709677419354
1922-06-01,61.3,13.386666666666667,4.973333333333333,35.5,9.523333333333333,6.803333333333333
1922-07-01,49.099999999999994,12.922580645161291,4.72258064516129,41.5,9.458064516129031,7.561290322580645
1922-08-01,73.1,13.71290322580645,4.903225806451613,57.6,9.283870967741937,10.196774193548388
1922-09-01,78.3,16.11,6.1066666666666665,79.7,10.266666666666667,14.889999999999999
1922-10-01,72.0,19.990322580645163,7.661290322580645,117.8,10.48709677419355,18.34193548387097
1922-11-01,7.1,24.53666666666667,8.863333333333333,155.0,10.693333333333333,23.803333333333335
1922-12-01,80.4,25.787096774193547,11.577419354838709,204.5,12.493548387096775,22.5258064516129
1923-01-01,15.4,26.990322580645163,11.603225806451613,230.2,12.251612903225807,22.561290322580643
1923-02-01,4.6,28.978571428571428,12.035714285714286,195.7,12.864285714285714,23.54642857142857
1923-03-01,0.0,25.13225806451613,10.438709677419356,155.5,12.358064516129033,17.72258064516129
1923-04-01,0.0,23.89,9.360000000000001,89.7,11.606666666666666,13.54
1923-05-01,134.79999999999998,17.23225806451613,8.719354838709679,52.9,11.841935483870968,7.835483870967742
1923-06-01,135.1,13.143333333333334,6.543333333333334,35.5,10.413333333333332,5.930000000000001
1923-07-01,111.0,12.816129032258065,5.867741935483871,41.5,9.941935483870967,7.312903225806451
1923-08-01,66.2,13.716129032258063,5.4,57.6,9.425806451612903,11.083870967741936
1923-09-01,84.5,15.67,6.383333333333334,79.7,10.133333333333333,14.1
1923-10-01,68.6,18.674193548387095,7.512903225806451,117.8,10.493548387096775,17.393548387096775
1923-11-01,47.199999999999996,21.84333333333333,7.963333333333334,155.0,10.42,23.6
1923-12-01,46.7,25.65806451612903,11.274193548387096,204.5,12.996774193548386,22.57741935483871
1924-01-01,32.0,25.551612903225806,11.041935483870969,230.2,12.109677419354838,23.12258064516129
1924-02-01,107.1,25.858620689655172,11.624137931034484,201.5,13.286206896551725,20.2551724137931
1924-03-01,27.6,23.76451612903226,10.790322580645162,155.5,12.635483870967741,16.032258064516128
1924-04-01,30.1,18.066666666666666,7.866666666666666,89.7,11.01,11.066666666666666
1924-05-01,46.8,15.96774193548387,6.212903225806452,52.9,10.02258064516129,8.696774193548388
1924-06-01,70.0,12.6,4.6433333333333335,35.5,9.403333333333334,6.8133333333333335
1924-07-01,34.3,13.412903225806453,4.580645161290323,41.5,8.893548387096773,8.470967741935485
1924-08-01,54.7,14.648387096774194,5.341935483870968,57.6,9.796774193548387,11.170967741935485
1924-09-01,80.1,15.763333333333334,7.263333333333334,79.7,10.703333333333335,13.379999999999999
1924-10-01,54.1,19.693548387096776,7.632258064516129,117.8,10.393548387096773,18.616129032258065
1924-11-01,52.8,22.4,9.803333333333335,155.0,12.103333333333333,21.2
1924-12-01,6.1,25.17096774193548,9.5,204.5,11.54516129032258,25.425806451612903
1925-01-01,29.0,27.458064516129035,12.077419354838709,230.2,13.14516129032258,24.009677419354837
1925-02-01,17.3,26.349999999999998,12.489285714285714,195.7,13.75,20.660714285714285
1925-03-01,7.8999999999999995,25.39032258064516,10.741935483870968,155.5,12.077419354838709,17.14516129032258
1925-04-01,25.200000000000003,21.433333333333334,9.253333333333334,89.7,11.68,12.573333333333332
1925-05-01,83.1,16.025806451612905,7.745161290322581,52.9,11.587096774193547,7.712903225806452
1925-06-01,45.1,14.376666666666667,5.346666666666667,35.5,10.04,7.506666666666666
1925-07-01,66.9,12.419354838709678,5.077419354838709,41.5,9.12258064516129,7.851612903225806
1925-08-01,51.6,13.741935483870968,4.47741935483871,57.6,9.058064516129033,11.290322580645162
1925-09-01,89.7,15.206666666666667,5.683333333333334,79.7,9.403333333333334,14.76
1925-10-01,3.4000000000000004,20.15806451612903,7.012903225806451,117.8,10.02258064516129,20.506451612903227
1925-11-01,17.799999999999997,23.45,9.41,155.0,12.123333333333333,22.73
1925-12-01,10.0,26.312903225806455,10.564516129032258,204.5,11.861290322580645,25.661290322580644
1926-01-01,0.0,26.858064516129033,10.658064516129032,230.2,12.148387096774194,25.48709677419355
1926-02-01,12.200000000000001,28.603571428571428,12.275,195.7,13.025,22.92142857142857
1926-03-01,0.3,25.490322580645163,12.029032258064515,155.5,12.758064516129032,16.60322580645161
1926-04-01,86.4,20.523333333333333,9.716666666666667,89.7,12.353333333333333,12.483333333333333
1926-05-01,96.3,14.658064516129032,6.874193548387097,52.9,10.577419354838709,8.329032258064515
1926-06-01,56.5,13.5,5.98,35.5,10.176666666666668,7.2
1926-07-01,65.7,13.719354838709679,5.351612903225806,41.5,9.503225806451614,8.383870967741935
1926-08-01,84.3,13.97741935483871,5.503225806451613,57.6,9.577419354838709,11.329032258064515
1926-09-01,35.8,17.87,7.47,79.7,11.2,15.186666666666667
1926-10-01,51.6,19.858064516129033,7.974193548387096,117.8,11.241935483870968,20.429032258064513
1926-11-01,20.9,23.39333333333333,8.983333333333333,155.0,10.946666666666665,24.040000000000003
1926-12-01,26.1,25.629032258064516,10.841935483870968,204.5,11.825806451612904,24.370967741935484
1927-01-01,9.4,28.700000000000003,12.364516129032259,230.2,12.680645161290323,25.112903225806452
1927-02-01,33.5,26.467857142857145,11.364285714285714,195.7,12.289285714285715,22.99285714285714
1927-03-01,29.1,23.948387096774194,10.406451612903227,155.5,11.425806451612903,17.112903225806452
1927-04-01,0.0,19.436666666666667,8.1,89.7,11.073333333333332,12.520000000000001
1927-05-01,71.7,15.838709677419354,6.683870967741935,52.9,10.154838709677419,9.070967741935483
1927-06-01,43.0,13.133333333333333,3.71,35.5,8.52,7.7
1927-07-01,50.6,12.45483870967742,4.780645161290322,41.5,9.241935483870968,8.006451612903225
1927-08-01,128.9,13.77741935483871,5.490322580645161,57.6,9.241935483870968,11.167741935483871
1927-09-01,26.3,17.056666666666665,5.573333333333333,79.7,9.753333333333334,16.133333333333333
1927-10-01,9.899999999999999,21.39032258064516,7.961290322580646,117.8,10.758064516129032,19.906451612903226
1927-11-01,54.6,25.163333333333334,10.113333333333333,155.0,11.8,23.90666666666667
1927-12-01,31.200000000000003,26.47741935483871,11.600000000000001,204.5,13.183870967741935,24.758064516129032
1928-01-01,55.1,27.338709677419356,12.90967741935484,230.2,13.100000000000001,24.95483870967742
1928-02-01,65.8,26.517241379310345,12.817241379310344,201.5,14.299999999999999,21.148275862068964
1928-03-01,7.3999999999999995,25.629032258064516,12.44516129032258,155.5,14.006451612903225,17.258064516129032
1928-04-01,57.5,21.81,10.22,89.7,12.733333333333333,13.173333333333334
1928-05-01,66.6,15.770967741935483,6.577419354838709,52.9,10.141935483870967,8.745161290322581
1928-06-01,67.8,13.306666666666667,4.89,35.5,9.45,7.2
1928-07-01,68.69999999999999,13.5,4.82258064516129,41.5,9.03225806451613,8.235483870967743
1928-08-01,17.9,15.8,4.825806451612903,57.6,9.703225806451613,11.716129032258063
1928-09-01,70.0,18.029999999999998,7.489999999999999,79.7,10.389999999999999,15.516666666666667
1928-10-01,113.6,17.774193548387096,6.816129032258065,117.8,10.193548387096774,18.60967741935484
1928-11-01,24.7,23.40666666666667,8.746666666666666,155.0,11.236666666666668,24.113333333333333
1928-12-01,4.1,27.296774193548387,11.13225806451613,204.5,12.306451612903226,26.129032258064516
1929-01-01,35.6,27.203225806451613,11.135483870967741,230.2,12.003225806451614,25.6
1929-02-01,13.7,30.389285714285712,14.135714285714286,195.7,16.3,22.317857142857143
1929-03-01,24.8,23.925806451612903,10.735483870967743,155.5,12.72258064516129,16.74516129032258
1929-04-01,81.2,19.783333333333335,8.523333333333333,89.7,11.093333333333334,12.860000000000001
1929-05-01,48.2,16.14193548387097,6.558064516129033,52.9,9.82258064516129,9.435483870967742
1929-06-01,108.1,13.276666666666667,4.753333333333333,35.5,8.946666666666665,7.72
1929-07-01,78.0,11.719354838709679,3.4967741935483874,41.5,8.193548387096774,7.95483870967742
1929-08-01,48.8,13.570967741935483,4.396774193548388,57.6,8.64516129032258,11.348387096774195
1929-09-01,44.699999999999996,16.093333333333334,5.083333333333333,79.7,9.313333333333333,15.503333333333334
1929-10-01,52.8,18.887096774193548,7.04516129032258,117.8,10.561290322580644,19.061290322580643
1929-11-01,20.1,21.58,8.74,155.0,10.946666666666665,21.423333333333336
1929-12-01,63.099999999999994,23.219354838709677,9.85483870967742,204.5,11.62258064516129,23.44516129032258
1930-01-01,0.0,27.56451612903226,11.364516129032259,230.2,11.680645161290323,27.061290322580643
1930-02-01,48.3,29.724999999999998,14.228571428571428,195.7,14.232142857142858,22.157142857142855
1930-03-01,6.6,26.10967741935484,11.893548387096773,155.5,12.851612903225806,18.596774193548388
1930-04-01,40.3,20.543333333333333,8.643333333333334,89.7,11.166666666666666,13.21
1930-05-01,31.0,17.103225806451615,7.187096774193549,52.9,10.625806451612902,9.183870967741935
1930-06-01,9.6,14.036666666666667,4.1033333333333335,35.5,9.139999999999999,7.663333333333333
1930-07-01,106.2,13.94516129032258,6.145161290322581,41.5,10.0,7.787096774193548
1930-08-01,96.0,13.864516129032259,5.570967741935483,57.6,9.83548387096774,10.64516129032258
1930-09-01,83.7,16.743333333333332,6.7,79.7,10.276666666666667,15.233333333333333
1930-10-01,65.7,21.006451612903227,8.980645161290322,117.8,12.441935483870967,18.432258064516127
1930-11-01,42.2,23.17,9.473333333333333,155.0,11.503333333333334,22.69
1930-12-01,73.9,26.496774193548386,11.935483870967742,204.5,13.629032258064516,23.60967741935484
1931-01-01,28.7,25.46451612903226,11.103225806451613,230.2,12.0,24.903225806451612
1931-02-01,0.0,26.72142857142857,10.985714285714286,195.7,11.346428571428572,24.099999999999998
1931-03-01,29.0,23.700000000000003,10.441935483870967,155.5,12.603225806451613,17.04516129032258
1931-04-01,59.8,19.636666666666667,8.426666666666666,89.7,11.773333333333333,12.823333333333332
1931-05-01,70.1,16.019354838709678,8.790322580645162,52.9,12.248387096774193,7.951612903225806
1931-06-01,95.6,12.706666666666667,5.586666666666667,35.5,10.046666666666665,6.466666666666667
1931-07-01,87.9,12.287096774193548,5.199999999999999,41.5,9.503225806451614,7.945161290322581
1931-08-01,84.0,13.551612903225807,5.651612903225806,57.6,9.587096774193547,10.938709677419356
1931-09-01,59.5,16.19,6.763333333333334,79.7,10.370000000000001,15.036666666666667
1931-10-01,12.5,18.848387096774193,6.874193548387097,117.8,9.651612903225805,19.780645161290323
1931-11-01,32.199999999999996,22.423333333333336,9.296666666666665,155.0,11.666666666666666,21.53666666666667
1931-12-01,3.6,27.296774193548387,11.019354838709678,204.5,12.725806451612904,27.23548387096774
1932-01-01,0.0,29.738709677419354,13.180645161290323,230.2,13.2,25.748387096774195
1932-02-01,61.800000000000004,24.53793103448276,11.49655172413793,201.5,13.513793103448275,20.024137931034485
1932-03-01,69.7,24.148387096774194,10.86774193548387,155.5,12.912903225806453,16.716129032258067
1932-04-01,71.5,19.05666666666667,9.79,89.7,13.026666666666667,11.59
1932-05-01,20.8,17.270967741935483,7.964516129032258,52.9,11.506451612903225,8.606451612903227
1932-06-01,95.5,13.296666666666665,5.52,35.5,9.626666666666667,7.406666666666666
1932-07-01,74.0,12.600000000000001,4.958064516129032,41.5,9.303225806451612,8.051612903225806
1932-08-01,79.4,13.745161290322581,5.358064516129032,57.6,9.793548387096775,10.667741935483871
1932-09-01,47.6,17.126666666666665,7.213333333333334,79.7,11.093333333333334,14.729999999999999
1932-10-01,42.9,17.451612903225808,6.216129032258064,117.8,10.087096774193547,18.164516129032258
1932-11-01,16.5,23.586666666666666,9.706666666666667,155.0,12.216666666666667,22.39333333333333
1932-12-01,17.4,24.509677419354837,9.774193548387096,204.5,11.496774193548386,25.361290322580647
1933-01-01,20.8,26.138709677419357,11.54516129032258,230.2,12.738709677419354,23.858064516129033
1933-02-01,0.0,27.664285714285715,11.478571428571428,195.7,11.771428571428572,23.585714285714285
1933-03-01,30.099999999999998,24.48709677419355,10.948387096774193,155.5,12.35483870967742,17.280645161290323
1933-04-01,50.099999999999994,20.206666666666667,8.610000000000001,89.7,11.543333333333333,12.22
1933-05-01,132.10000000000002,15.983870967741936,7.212903225806452,52.9,11.116129032258065,8.219354838709679
1933-06-01,29.5,14.32,5.873333333333333,35.5,9.74,6.816666666666666
1933-07-01,21.6,13.17741935483871,4.296774193548386,41.5,8.94516129032258,7.961290322580646
1933-08-01,61.6,13.387096774193548,4.612903225806452,57.6,9.009677419354839,10.33548387096774
1933-09-01,98.1,15.913333333333334,6.6066666666666665,79.7,10.6,13.856666666666666
1933-10-01,32.5,21.14516129032258,7.903225806451613,117.8,11.14516129032258,19.1
1933-11-01,78.3,23.273333333333333,9.483333333333333,155.0,12.166666666666666,21.82
1933-12-01,25.9,25.074193548387097,10.90967741935484,204.5,12.919354838709678,23.996774193548386
1934-01-01,2.8,29.416129032258063,13.038709677419355,230.2,12.703225806451613,25.73548387096774
1934-02-01,6.8,28.289285714285715,13.042857142857143,195.7,13.275,22.710714285714285
1934-03-01,17.3,28.716129032258067,14.087096774193547,155.5,14.161290322580646,17.809677419354838
1934-04-01,79.4,18.833333333333332,9.203333333333335,89.7,11.83,11.183333333333334
1934-05-01,5.6,18.55483870967742,6.748387096774193,52.9,10.819354838709677,9.64516129032258
1934-06-01,36.4,14.273333333333333,4.26,35.5,8.683333333333334,7.766666666666667
1934-07-01,53.1,14.270967741935483,5.27741935483871,41.5,9.399999999999999,7.706451612903226
1934-08-01,66.5,14.406451612903227,5.706451612903226,57.6,9.609677419354838,10.351612903225806
1934-09-01,92.89999999999999,17.196666666666665,6.97,79.7,9.873333333333333,15.44
1934-10-01,97.8,19.06451612903226,7.658064516129032,117.8,11.203225806451613,17.90967741935484
1934-11-01,88.8,22.12,10.25,155.0,13.126666666666667,20.993333333333332
1934-12-01,11.8,25.338709677419356,10.638709677419355,204.5,12.241935483870968,24.261290322580646
1935-01-01,19.5,26.94193548387097,11.32258064516129,230.2,12.425806451612903,23.799999999999997
1935-02-01,0.3,26.985714285714288,12.303571428571429,195.7,13.25,21.696428571428573
1935-03-01,82.5,24.51290322580645,11.02258064516129,155.5,12.193548387096774,17.12258064516129
1935-04-01,53.3,19.776666666666664,9.860000000000001,89.7,12.896666666666667,10.663333333333332
1935-05-01,75.2,15.496774193548386,6.422580645161291,52.9,10.59032258064516,8.529032258064515
1935-06-01,68.3,13.31,5.23,35.5,9.723333333333333,6.346666666666667
1935-07-01,105.6,13.493548387096775,4.696774193548387,41.5,9.303225806451612,7.745161290322581
1935-08-01,74.0,15.558064516129033,6.151612903225806,57.6,10.019354838709678,10.932258064516128
1935-09-01,74.9,17.09333333333333,6.52,79.7,10.593333333333334,15.443333333333333
1935-10-01,23.7,19.874193548387098,7.883870967741935,117.8,11.119354838709677,18.225806451612904
1935-11-01,39.8,23.3,8.966666666666667,155.0,11.046666666666665,22.009999999999998
1935-12-01,25.7,26.296774193548387,10.899999999999999,204.5,11.558064516129033,24.03548387096774
1936-01-01,22.299999999999997,27.419354838709676,13.05483870967742,230.2,13.63225806451613,23.032258064516128
1936-02-01,0.0,27.858620689655172,12.49655172413793,201.5,13.151724137931033,21.92413793103448
1936-03-01,26.200000000000003,26.529032258064515,12.077419354838709,155.5,12.96774193548387,17.799999999999997
1936-04-01,28.7,19.623333333333335,8.286666666666667,89.7,11.24,12.486666666666668
1936-05-01,48.0,17.916129032258063,6.729032258064516,52.9,10.229032258064517,9.374193548387098
1936-06-01,103.9,12.783333333333333,5.1,35.5,9.173333333333334,6.873333333333333
1936-07-01,102.7,12.725806451612904,5.393548387096774,41.5,9.535483870967743,7.574193548387096
1936-08-01,118.39999999999999,14.53225806451613,6.383870967741935,57.6,10.112903225806452,11.019354838709678
1936-09-01,39.1,15.639999999999999,5.8133333333333335,79.7,9.893333333333334,15.296666666666665
1936-10-01,63.2,18.970967741935485,7.503225806451613,117.8,10.570967741935483,17.822580645161292
1936-11-01,10.1,22.88,8.596666666666666,155.0,10.45,22.756666666666668
1936-12-01,35.6,25.35483870967742,11.980645161290322,204.5,13.916129032258064,21.81935483870968
1937-01-01,88.9,25.5,11.048387096774194,230.2,12.432258064516128,23.26451612903226
1937-02-01,30.200000000000003,28.085714285714285,13.232142857142858,195.7,13.792857142857143,21.657142857142855
1937-03-01,23.4,26.22258064516129,11.96774193548387,155.5,12.887096774193548,17.925806451612903
1937-04-01,33.4,19.633333333333333,8.426666666666668,89.7,10.886666666666667,12.456666666666667
1937-05-01,77.2,16.725806451612904,8.17741935483871,52.9,10.845161290322581,8.493548387096775
1937-06-01,20.6,13.266666666666667,3.8699999999999997,35.5,8.643333333333334,7.516666666666667
1937-07-01,36.8,13.038709677419355,4.235483870967743,41.5,8.52258064516129,8.05483870967742
1937-08-01,84.5,15.687096774193549,6.303225806451613,57.6,10.025806451612903,11.261290322580646
1937-09-01,77.4,17.043333333333333,6.9766666666666675,79.7,10.379999999999999,14.836666666666668
1937-10-01,28.099999999999998,20.6,8.54516129032258,117.8,11.312903225806451,18.883870967741935
1937-11-01,9.4,24.966666666666665,10.896666666666667,155.0,12.0,22.15666666666667
1937-12-01,51.199999999999996,24.961290322580645,11.225806451612904,204.5,13.361290322580645,22.53548387096774
1938-01-01,16.7,27.65806451612903,12.287096774193548,230.2,12.551612903225807,25.06451612903226
1938-02-01,53.5,27.135714285714283,12.796428571428573,195.7,13.078571428571427,21.07857142857143
1938-03-01,14.4,25.470967741935485,12.141935483870967,155.5,12.974193548387097,17.91290322580645
1938-04-01,99.00000000000001,21.85,9.716666666666667,89.7,12.156666666666666,12.96
1938-05-01,12.2,18.070967741935487,7.925806451612903,52.9,11.029032258064515,9.0
1938-06-01,71.1,13.063333333333333,4.946666666666667,35.5,9.003333333333334,6.83
1938-07-01,43.099999999999994,13.225806451612904,4.506451612903225,41.5,8.983870967741936,8.180645161290322
1938-08-01,36.1,14.293548387096775,4.97741935483871,57.6,9.19032258064516,11.858064516129033
1938-09-01,34.699999999999996,17.136666666666667,6.3533333333333335,79.7,9.946666666666665,15.770000000000001
1938-10-01,20.1,21.351612903225806,7.674193548387097,117.8,10.706451612903225,20.15806451612903
1938-11-01,28.900000000000002,25.290000000000003,10.133333333333333,155.0,12.273333333333333,23.086666666666666
1938-12-01,12.799999999999999,25.993548387096773,10.470967741935485,204.5,11.432258064516128,24.438709677419357
1939-01-01,32.0,30.870967741935484,14.100000000000001,230.2,13.219354838709679,25.361290322580647
1939-02-01,34.4,28.8,12.842857142857143,195.7,13.146428571428572,22.04642857142857
1939-03-01,13.7,24.983870967741936,11.51290322580645,155.5,13.174193548387096,18.041935483870965
1939-04-01,75.39999999999999,20.683333333333334,10.536666666666667,89.7,13.496666666666666,12.05
1939-05-01,52.1,17.79032258064516,8.441935483870967,52.9,11.680645161290323,8.5
1939-06-01,82.19999999999999,13.423333333333334,6.05,35.5,10.056666666666667,6.72
1939-07-01,44.0,12.293548387096775,3.738709677419355,41.5,8.899999999999999,7.690322580645161
1939-08-01,121.69999999999999,13.519354838709678,5.787096774193548,57.6,9.80967741935484,10.558064516129033
1939-09-01,61.8,16.263333333333332,6.296666666666667,79.7,10.253333333333334,14.593333333333334
1939-10-01,61.599999999999994,19.864516129032257,7.019354838709678,117.8,10.906451612903227,18.75483870967742
1939-11-01,89.2,21.60666666666667,9.54,155.0,12.203333333333335,20.736666666666668
1939-12-01,21.400000000000002,23.93548387096774,8.993548387096775,204.5,11.361290322580645,24.032258064516128
1940-01-01,27.5,26.65806451612903,11.574193548387097,230.2,13.358064516129033,24.503225806451614
1940-02-01,9.9,26.010344827586206,10.686206896551724,201.5,12.086206896551724,23.03448275862069
1940-03-01,12.899999999999999,29.299999999999997,12.36774193548387,155.5,12.696774193548388,18.58709677419355
1940-04-01,65.5,19.48,7.983333333333333,89.7,11.126666666666667,11.956666666666667
1940-05-01,47.199999999999996,15.419354838709678,5.809677419354839,52.9,10.070967741935483,8.764516129032257
1940-06-01,29.0,13.620000000000001,5.053333333333333,35.5,8.883333333333333,6.903333333333333
1940-07-01,83.6,12.564516129032258,5.158064516129032,41.5,9.216129032258063,7.048387096774194
1940-08-01,36.8,15.316129032258065,4.816129032258065,57.6,8.693548387096774,12.067741935483872
1940-09-01,14.9,17.146666666666665,6.3133333333333335,79.7,9.846666666666666,15.26
1940-10-01,17.0,22.219354838709677,8.32258064516129,117.8,10.790322580645162,19.370967741935484
1940-11-01,58.2,21.566666666666666,8.33,155.0,11.043333333333333,20.93
1940-12-01,40.1,26.706451612903226,10.725806451612904,204.5,12.906451612903227,23.40967741935484
1941-01-01,68.1,25.993548387096773,11.899999999999999,230.2,13.303225806451612,23.551612903225806
1941-02-01,14.3,26.985714285714288,11.953571428571427,195.7,12.75,22.464285714285715
1941-03-01,87.0,22.580645161290324,10.600000000000001,155.5,12.941935483870967,15.72258064516129
1941-04-01,67.4,22.09,10.389999999999999,89.7,12.776666666666667,11.843333333333334
1941-05-01,33.699999999999996,16.19677419354839,6.880645161290323,52.9,10.538709677419355,8.66451612903226
1941-06-01,40.3,13.826666666666666,5.743333333333334,35.5,9.683333333333334,6.703333333333333
1941-07-01,104.3,12.812903225806451,5.77741935483871,41.5,9.67741935483871,7.516129032258065
1941-08-01,52.0,14.812903225806451,5.229032258064516,57.6,9.14516129032258,10.964516129032257
1941-09-01,104.3,16.046666666666667,6.406666666666666,79.7,10.333333333333334,14.556666666666667
1941-10-01,47.2,17.44193548387097,6.541935483870968,117.8,10.183870967741935,18.548387096774192
1941-11-01,9.6,24.096666666666668,9.796666666666665,155.0,12.026666666666667,21.266666666666666
1941-12-01,8.200000000000001,27.241935483870968,11.670967741935485,204.5,13.13225806451613,24.216129032258067
1942-01-01,25.400000000000002,28.345161290322583,12.329032258064515,230.2,13.080645161290322,23.94193548387097
1942-02-01,11.200000000000001,26.79642857142857,12.046428571428573,195.7,13.678571428571429,21.482142857142858
1942-03-01,22.9,26.364516129032257,11.603225806451613,155.5,12.16451612903226,17.26774193548387
1942-04-01,22.1,19.85666666666667,8.796666666666669,89.7,11.71,12.196666666666665
1942-05-01,135.5,15.670967741935485,9.141935483870967,52.9,11.95483870967742,6.761290322580645
1942-06-01,75.4,13.686666666666667,6.239999999999999,35.5,9.666666666666666,6.62
1942-07-01,95.7,12.574193548387097,4.751612903225807,41.5,9.158064516129032,7.764516129032257
1942-08-01,103.9,14.461290322580645,6.125806451612903,57.6,10.138709677419355,9.709677419354838
1942-09-01,110.6,16.836666666666666,6.916666666666667,79.7,10.28,14.203333333333335
1942-10-01,24.9,20.62258064516129,7.716129032258064,117.8,11.312903225806451,19.95483870967742
1942-11-01,35.9,22.823333333333334,9.646666666666667,155.0,12.42,20.21333333333333
1942-12-01,14.9,26.887096774193548,11.625806451612902,204.5,13.506451612903225,24.161290322580644
1943-01-01,10.6,28.606451612903225,12.438709677419356,230.2,13.116129032258065,23.845161290322583
1943-02-01,40.2,27.057142857142857,11.65,195.7,13.339285714285714,20.442857142857143
1943-03-01,1.0,25.848387096774193,10.503225806451614,155.5,12.12258064516129,18.5258064516129
1943-04-01,64.7,17.983333333333334,7.616666666666666,89.7,10.94,11.146666666666667
1943-05-01,35.8,15.23225806451613,5.719354838709678,52.9,9.861290322580645,8.474193548387097
1943-06-01,62.8,12.906666666666666,4.95,35.5,9.45,6.239999999999999
1943-07-01,81.9,12.370967741935484,4.558064516129033,41.5,8.693548387096774,8.138709677419355
1943-08-01,78.2,12.719354838709679,2.9967741935483874,57.6,8.529032258064515,10.870967741935484
1943-09-01,73.8,15.389999999999999,6.126666666666667,79.7,10.516666666666667,14.106666666666666
1943-10-01,27.9,18.23548387096774,6.096774193548387,117.8,10.36774193548387,18.416129032258063
1943-11-01,26.9,22.313333333333333,8.513333333333334,155.0,11.643333333333334,21.1
1943-12-01,14.0,24.148387096774194,9.396774193548387,204.5,11.874193548387098,24.225806451612904
1944-01-01,6.3,29.051612903225806,11.345161290322581,230.2,12.077419354838709,24.758064516129032
1944-02-01,26.9,27.227586206896554,11.76551724137931,201.5,12.12758620689655,22.42413793103448
1944-03-01,2.5,25.712903225806453,11.12258064516129,155.5,12.490322580645161,17.27741935483871
1944-04-01,60.2,17.970000000000002,7.9399999999999995,89.7,10.47,10.476666666666667
1944-05-01,84.3,14.72258064516129,6.716129032258064,52.9,10.509677419354839,7.254838709677419
1944-06-01,20.0,12.81,3.8866666666666663,35.5,8.603333333333333,6.72
1944-07-01,43.199999999999996,12.458064516129031,4.338709677419355,41.5,8.435483870967742,7.551612903225807
1944-08-01,13.5,14.14516129032258,3.416129032258065,57.6,8.580645161290322,11.441935483870967
1944-09-01,38.5,18.48,7.1066666666666665,79.7,10.433333333333334,14.423333333333334
1944-10-01,56.1,19.5258064516129,7.125806451612903,117.8,10.464516129032257,17.625806451612902
1944-11-01,32.5,23.413333333333334,9.74,155.0,11.9,19.273333333333333
1944-12-01,61.8,25.06451612903226,10.474193548387097,204.5,11.990322580645161,22.95483870967742
1945-01-01,21.8,27.067741935483873,11.383870967741935,230.2,12.683870967741935,22.438709677419357
1945-02-01,58.5,24.45357142857143,11.428571428571429,195.7,13.089285714285714,20.349999999999998
1945-03-01,0.0,22.04516129032258,9.029032258064515,155.5,11.293548387096775,15.958064516129031
1945-04-01,1.6,20.720000000000002,7.156666666666666,89.7,10.723333333333333,12.389999999999999
1945-05-01,51.5,16.306451612903224,6.354838709677419,52.9,10.46774193548387,8.625806451612902
1945-06-01,45.7,15.103333333333332,5.67,35.5,9.83,6.776666666666667
1945-07-01,41.599999999999994,12.106451612903227,2.9516129032258065,41.5,8.451612903225806,7.812903225806451
1945-08-01,109.3,14.303225806451612,6.648387096774194,57.6,10.383870967741935,10.125806451612902
1945-09-01,45.0,16.029999999999998,5.783333333333333,79.7,10.036666666666667,14.283333333333333
1945-10-01,79.8,19.061290322580643,7.506451612903225,117.8,10.870967741935484,16.003225806451614
1945-11-01,40.7,22.98,9.753333333333334,155.0,11.883333333333333,19.09333333333333
1945-12-01,36.1,28.019354838709678,10.848387096774195,204.5,12.916129032258064,25.335483870967742
1946-01-01,129.8,28.029032258064515,12.067741935483872,230.2,13.712903225806452,23.13225806451613
1946-02-01,100.0,25.067857142857143,11.825000000000001,195.7,13.396428571428572,18.467857142857145
1946-03-01,171.9,21.77741935483871,10.7,155.5,12.858064516129033,16.096774193548388
1946-04-01,19.8,17.583333333333332,7.37,89.7,11.193333333333333,11.683333333333334
1946-05-01,41.8,16.161290322580644,7.070967741935483,52.9,10.493548387096775,8.741935483870968
1946-06-01,49.5,12.146666666666667,4.38,35.5,8.72,6.1
1946-07-01,167.6,13.30967741935484,5.938709677419355,41.5,9.480645161290322,7.66774193548387
1946-08-01,67.3,13.54516129032258,5.374193548387097,57.6,9.432258064516128,9.80967741935484
1946-09-01,58.7,15.373333333333333,5.6033333333333335,79.7,9.59,13.896666666666667
1946-10-01,33.9,17.470967741935485,5.248387096774193,117.8,9.816129032258065,17.187096774193545
1946-11-01,10.899999999999999,22.203333333333333,8.503333333333334,155.0,11.42,20.013333333333332
1946-12-01,44.8,26.009677419354837,10.890322580645162,204.5,12.96774193548387,22.751612903225805
1947-01-01,5.6,28.97741935483871,11.803225806451612,230.2,12.970967741935484,24.712903225806453
1947-02-01,40.7,29.5,14.639285714285714,195.7,15.460714285714285,20.849999999999998
1947-03-01,53.400000000000006,24.39032258064516,11.80967741935484,155.5,13.241935483870968,15.003225806451614
1947-04-01,26.9,20.516666666666666,9.06,89.7,12.360000000000001,11.923333333333334
1947-05-01,29.3,18.83225806451613,7.538709677419354,52.9,11.161290322580646,9.080645161290322
1947-06-01,98.8,14.213333333333333,5.763333333333334,35.5,9.353333333333333,6.6899999999999995
1947-07-01,177.0,12.038709677419355,5.490322580645161,41.5,9.116129032258065,6.706451612903226
1947-08-01,67.7,13.087096774193547,4.906451612903226,57.6,8.896774193548387,9.85483870967742
1947-09-01,47.0,16.023333333333333,6.246666666666667,79.7,10.276666666666667,13.996666666666666
1947-10-01,92.3,18.432258064516127,7.451612903225806,117.8,11.041935483870969,16.096774193548388
1947-11-01,60.3,21.183333333333334,8.493333333333334,155.0,11.546666666666665,18.779999999999998
1947-12-01,87.0,25.08709677419355,10.738709677419354,204.5,13.406451612903227,22.4741935483871
1948-01-01,15.5,27.345161290322583,10.719354838709679,230.2,12.183870967741935,26.17096774193548
1948-02-01,6.3,26.75172413793103,12.486206896551725,201.5,13.862068965517242,19.158620689655173
1948-03-01,6.1,22.95483870967742,8.464516129032257,155.5,11.251612903225807,17.65806451612903
1948-04-01,104.4,19.116666666666667,8.65,89.7,11.71,11.26
1948-05-01,52.1,14.932258064516128,7.387096774193548,52.9,11.12258064516129,6.974193548387096
1948-06-01,58.7,13.113333333333333,4.486666666666666,35.5,9.246666666666666,6.753333333333333
1948-07-01,55.599999999999994,12.106451612903227,4.341935483870968,41.5,8.438709677419356,7.280645161290322
1948-08-01,69.9,15.361290322580645,5.532258064516129,57.6,9.683870967741935,10.97741935483871
1948-09-01,42.8,17.383333333333333,6.45,79.7,10.706666666666667,14.506666666666666
1948-10-01,119.1,17.883870967741935,6.087096774193548,117.8,10.606451612903227,17.241935483870968
1948-11-01,57.9,21.486666666666668,8.21,155.0,11.706666666666667,19.73
1948-12-01,25.9,25.419354838709676,10.370967741935484,204.5,12.577419354838709,20.325806451612905
1949-01-01,32.0,26.883870967741935,11.5,230.2,13.180645161290323,21.92258064516129
1949-02-01,85.10000000000001,23.196428571428573,9.907142857142857,195.7,12.9,18.639285714285712
1949-03-01,16.200000000000003,23.725806451612904,10.341935483870968,155.5,13.016129032258064,15.812903225806451
1949-04-01,6.4,19.029999999999998,7.17,89.7,10.913333333333332,11.256666666666666
1949-05-01,64.0,14.670967741935485,6.1,52.9,10.33548387096774,6.990322580645162
1949-06-01,29.4,12.523333333333333,2.87,35.5,8.620000000000001,6.503333333333333
1949-07-01,44.8,12.903225806451612,5.041935483870968,41.5,9.451612903225806,6.761290322580645
1949-08-01,27.8,14.600000000000001,5.138709677419355,57.6,9.02258064516129,10.26774193548387
1949-09-01,38.0,16.65,5.25,79.7,10.036666666666667,14.423333333333334
1949-10-01,94.5,18.448387096774194,7.380645161290323,117.8,11.641935483870967,14.325806451612904
1949-11-01,79.7,21.153333333333332,9.603333333333333,155.0,12.796666666666665,16.143333333333334
1949-12-01,5.1,24.470967741935485,9.077419354838709,204.5,11.803225806451612,21.92258064516129
1950-01-01,10.2,27.316129032258065,10.516129032258064,230.2,12.183870967741935,22.519354838709678
1950-02-01,19.6,25.87142857142857,12.314285714285715,195.7,14.010714285714286,19.74285714285714
1950-03-01,76.0,23.967741935483872,11.148387096774194,155.5,13.709677419354838,16.34193548387097
1950-04-01,24.2,20.616666666666667,8.043333333333333,89.7,11.889999999999999,12.756666666666666
1950-05-01,72.3,16.15483870967742,6.27741935483871,52.9,10.687096774193549,7.767741935483872
1950-06-01,24.4,13.08,3.7133333333333334,35.5,8.95,6.816666666666666
1950-07-01,39.6,13.345161290322581,4.65483870967742,41.5,9.290322580645162,7.441935483870967
1950-08-01,48.8,14.25483870967742,4.612903225806452,57.6,9.364516129032259,10.3
1950-09-01,75.7,17.790000000000003,6.373333333333333,79.7,10.716666666666667,15.256666666666666
1950-10-01,37.9,19.725806451612904,7.458064516129032,117.8,10.96774193548387,17.261290322580646
1950-11-01,22.9,24.173333333333336,9.120000000000001,155.0,11.99,21.263333333333332
1950-12-01,18.299999999999997,29.24516129032258,11.812903225806451,204.5,12.890322580645162,26.677419354838708
1951-01-01,18.6,31.82903225806452,14.306451612903226,230.2,14.238709677419354,24.780645161290323
1951-02-01,26.9,28.360714285714288,13.15,195.7,13.992857142857144,21.325
1951-03-01,0.8,26.425806451612903,11.738709677419354,155.5,13.506451612903225,17.493548387096773
1951-04-01,71.9,17.509999999999998,8.373333333333333,89.7,11.243333333333334,9.533333333333333
1951-05-01,93.2,15.490322580645161,7.422580645161291,52.9,11.348387096774195,6.929032258064517
1951-06-01,50.599999999999994,13.906666666666666,5.526666666666667,35.5,10.3,6.206666666666666
1951-07-01,89.7,12.393548387096773,4.896774193548388,41.5,9.270967741935483,6.877419354838709
1951-08-01,93.0,12.448387096774193,4.648387096774194,57.6,9.161290322580646,9.312903225806451
1951-09-01,31.2,16.79,6.7733333333333325,79.7,10.4,13.120000000000001
1951-10-01,82.2,19.44193548387097,7.16774193548387,117.8,10.958064516129031,17.996774193548386
1951-11-01,36.4,22.88,7.87,155.0,10.253333333333334,20.746666666666666
1951-12-01,49.2,26.635483870967743,10.154838709677419,204.5,11.71290322580645,22.074193548387097
1952-01-01,63.1,28.270967741935483,10.829032258064515,230.2,12.193548387096774,23.72258064516129
1952-02-01,28.4,24.355172413793102,10.375862068965516,201.5,12.12758620689655,19.46896551724138
1952-03-01,10.9,25.75483870967742,11.041935483870969,155.5,13.17741935483871,15.380645161290323
1952-04-01,43.0,17.94,7.413333333333333,89.7,11.143333333333334,10.096666666666666
1952-05-01,83.5,15.067741935483872,6.574193548387097,52.9,10.783870967741937,6.964516129032258
1952-06-01,129.2,13.43,6.486666666666666,35.5,10.493333333333334,5.903333333333333
1952-07-01,65.1,11.961290322580645,3.4645161290322584,41.5,8.503225806451614,7.187096774193549
1952-08-01,67.89999999999999,13.858064516129033,4.419354838709677,57.6,9.438709677419356,10.648387096774194
1952-09-01,67.7,16.613333333333333,6.16,79.7,10.35,13.846666666666666
1952-10-01,58.8,18.306451612903224,6.935483870967742,117.8,10.970967741935485,14.97741935483871
1952-11-01,89.2,21.19333333333333,8.066666666666666,155.0,11.833333333333334,19.740000000000002
1952-12-01,34.8,24.316129032258065,9.993548387096775,204.5,11.577419354838709,21.116129032258065
1953-01-01,25.9,28.074193548387097,11.519354838709678,230.2,13.138709677419355,23.293548387096774
1953-02-01,2.0,28.20357142857143,11.764285714285714,195.7,13.464285714285714,21.660714285714285
1953-03-01,5.8,27.103225806451615,10.66451612903226,155.5,11.932258064516128,18.74516129032258
1953-04-01,46.3,21.153333333333332,9.266666666666667,89.7,12.823333333333332,11.263333333333332
1953-05-01,36.0,17.219354838709677,6.390322580645161,52.9,10.600000000000001,8.238709677419354
1953-06-01,120.2,13.036666666666667,5.569999999999999,35.5,9.41,6.02
1953-07-01,101.0,12.73225806451613,4.496774193548387,41.5,8.880645161290323,7.603225806451612
1953-08-01,104.4,12.961290322580645,5.109677419354839,57.6,9.461290322580645,9.225806451612904
1953-09-01,76.10000000000001,16.0,5.406666666666666,79.7,9.803333333333335,13.966666666666667
1953-10-01,51.3,19.490322580645163,6.409677419354838,117.8,10.325806451612904,18.309677419354838
1953-11-01,59.7,21.043333333333333,7.903333333333333,155.0,10.586666666666668,20.723333333333336
1953-12-01,31.6,25.016129032258064,9.32258064516129,204.5,10.890322580645162,21.883870967741935
1954-01-01,23.299999999999997,29.293548387096774,12.929032258064517,230.2,13.325806451612904,24.041935483870965
1954-02-01,0.5,24.517857142857142,10.328571428571427,195.7,12.317857142857141,21.207142857142856
1954-03-01,13.2,23.932258064516127,8.648387096774194,155.5,11.158064516129032,17.206451612903226
1954-04-01,75.5,20.376666666666665,8.99,89.7,12.066666666666666,10.59
1954-05-01,34.8,15.987096774193548,7.164516129032258,52.9,10.948387096774193,7.461290322580646
1954-06-01,68.9,13.033333333333333,4.836666666666667,35.5,9.263333333333332,5.933333333333334
1954-07-01,46.599999999999994,12.983870967741936,3.8806451612903223,41.5,8.983870967741936,7.641935483870968
1954-08-01,42.699999999999996,14.17741935483871,4.687096774193549,57.6,9.529032258064515,10.070967741935483
1954-09-01,28.4,16.806666666666665,5.286666666666666,79.7,9.726666666666667,14.796666666666665
1954-10-01,40.199999999999996,19.425806451612903,7.264516129032258,117.8,10.296774193548387,16.04193548387097
1954-11-01,45.5,22.653333333333332,8.16,155.0,11.186666666666667,20.44333333333333
1954-12-01,40.8,27.019354838709678,11.474193548387097,204.5,12.761290322580646,23.45483870967742
1955-01-01,10.2,29.212903225806453,12.44516129032258,230.2,12.890322580645162,23.990322580645163
1955-02-01,75.8,27.685714285714287,13.778571428571428,195.7,15.935714285714285,18.682142857142857
1955-03-01,25.1,25.325806451612905,10.696774193548388,155.5,12.470967741935485,16.006451612903227
1955-04-01,58.2,20.433333333333334,8.12,89.7,11.176666666666668,11.693333333333333
1955-05-01,65.2,14.829032258064515,6.27741935483871,52.9,10.558064516129033,7.487096774193549
1955-06-01,111.7,12.813333333333333,4.783333333333333,35.5,9.786666666666667,6.17
1955-07-01,46.0,12.27741935483871,4.903225806451613,41.5,9.290322580645162,6.9
1955-08-01,164.8,13.958064516129031,6.203225806451614,57.6,10.003225806451614,9.958064516129031
1955-09-01,37.2,16.74,6.83,79.7,11.243333333333334,13.770000000000001
1955-10-01,108.6,19.103225806451615,7.538709677419354,117.8,11.148387096774194,16.72258064516129
1955-11-01,27.6,20.346666666666668,7.4366666666666665,155.0,10.15,19.243333333333332
1955-12-01,15.5,24.316129032258065,9.938709677419356,204.5,11.303225806451612,22.47741935483871
1956-01-01,27.7,27.161290322580644,10.806451612903226,230.2,12.783870967741937,22.280645161290323
1956-02-01,0.0,31.46551724137931,14.427586206896551,201.5,15.06551724137931,22.655172413793103
1956-03-01,44.7,26.53548387096774,13.093548387096773,155.5,15.670967741935485,15.138709677419355
1956-04-01,86.0,19.65666666666667,9.513333333333332,89.7,13.223333333333333,11.586666666666668
1956-05-01,50.2,15.46774193548387,6.745161290322581,52.9,11.66451612903226,7.512903225806451
1956-06-01,110.60000000000001,12.373333333333333,4.403333333333333,35.5,9.360000000000001,6.753333333333333
1956-07-01,76.8,12.258064516129032,4.909677419354838,41.5,9.658064516129032,6.996774193548387
1956-08-01,92.3,12.77741935483871,4.635483870967741,57.6,9.53225806451613,10.35483870967742
1956-09-01,77.3,15.163333333333332,5.723333333333334,79.7,10.139999999999999,13.256666666666666
1956-10-01,59.300000000000004,16.838709677419356,6.054838709677419,117.8,10.503225806451614,16.174193548387095
1956-11-01,17.3,20.483333333333334,7.376666666666667,155.0,10.663333333333332,20.413333333333334
1956-12-01,15.5,23.01290322580645,8.27741935483871,204.5,10.603225806451613,22.261290322580646
1957-01-01,1.1,27.016129032258064,9.09032258064516,230.2,10.616129032258064,27.81935483870968
1957-02-01,71.3,27.207142857142856,10.864285714285714,195.7,12.442857142857145,23.20357142857143
1957-03-01,47.9,23.458064516129035,8.880645161290323,155.5,11.993548387096775,16.919354838709676
1957-04-01,30.1,19.30666666666667,7.8,89.7,10.956666666666667,12.253333333333334
1957-05-01,47.2,16.016129032258064,6.048387096774194,52.9,9.958064516129031,8.48709677419355
1957-06-01,31.0,17.1,7.3966666666666665,35.5,10.183333333333334,6.973333333333333
1957-07-01,69.8,12.293548387096775,2.803225806451613,41.5,8.093548387096774,7.858064516129032
1957-08-01,54.6,14.59032258064516,3.9322580645161294,57.6,8.90967741935484,11.612903225806452
1957-09-01,62.4,16.03666666666667,4.963333333333334,79.7,9.379999999999999,14.19
1957-10-01,71.6,18.738709677419354,6.84516129032258,117.8,10.483870967741936,16.967741935483872
1957-11-01,49.699999999999996,20.759999999999998,7.98,155.0,10.733333333333333,21.529999999999998
1957-12-01,25.200000000000003,25.509677419354837,10.716129032258063,204.5,11.561290322580644,22.270967741935483
1958-01-01,0.8,26.361290322580647,9.658064516129032,230.2,11.625806451612902,25.05483870967742
1958-02-01,9.1,27.639285714285712,11.910714285714286,195.7,13.146428571428572,22.146428571428572
1958-03-01,16.5,23.816129032258065,10.596774193548388,155.5,12.04516129032258,15.94516129032258
1958-04-01,21.0,22.566666666666666,7.243333333333334,89.7,10.38,14.376666666666667
1958-05-01,169.0,16.5258064516129,8.790322580645162,52.9,11.567741935483872,7.164516129032258
1958-06-01,32.3,13.226666666666667,3.45,35.5,8.156666666666666,7.373333333333333
1958-07-01,100.0,12.251612903225807,3.3548387096774195,41.5,8.312903225806451,7.680645161290323
1958-08-01,104.10000000000001,12.941935483870967,5.629032258064516,57.6,9.661290322580646,9.187096774193549
1958-09-01,47.3,14.933333333333334,5.156666666666666,79.7,9.620000000000001,13.3
1958-10-01,104.89999999999999,17.177419354838708,7.558064516129033,117.8,10.935483870967742,15.738709677419354
1958-11-01,35.7,22.19,9.546666666666665,155.0,12.603333333333332,19.233333333333334
1958-12-01,13.9,22.490322580645163,8.551612903225807,204.5,10.922580645161291,23.106451612903225
1959-01-01,26.200000000000003,31.103225806451615,13.151612903225805,230.2,13.141935483870967,27.47741935483871
1959-02-01,31.4,26.849999999999998,12.085714285714285,195.7,13.171428571428573,21.63214285714286
1959-03-01,32.7,24.948387096774194,11.819354838709677,155.5,13.812903225806451,16.138709677419357
1959-04-01,13.3,21.38,8.21,89.7,11.523333333333333,12.193333333333333
1959-05-01,22.400000000000002,16.835483870967742,4.993548387096775,52.9,9.422580645161291,8.787096774193548
1959-06-01,18.0,14.31,4.566666666666666,35.5,8.883333333333333,6.973333333333333
1959-07-01,31.200000000000003,13.219354838709679,4.219354838709678,41.5,8.62258064516129,6.474193548387096
1959-08-01,90.1,15.899999999999999,4.990322580645161,57.6,9.258064516129032,11.90967741935484
1959-09-01,38.1,16.263333333333332,4.456666666666666,79.7,9.16,14.723333333333333
1959-10-01,25.3,19.741935483870968,7.119354838709677,117.8,10.703225806451613,17.583870967741937
1959-11-01,14.399999999999999,26.43,10.56,155.0,11.629999999999999,21.583333333333332
1959-12-01,48.7,22.567741935483873,9.529032258064515,204.5,11.396774193548387,21.996774193548386
1960-01-01,30.7,29.651612903225807,13.654838709677419,230.2,13.016129032258064,23.480645161290322
1960-02-01,58.199999999999996,24.8,11.441379310344828,201.5,12.286206896551725,20.03103448275862
1960-03-01,39.9,24.56451612903226,11.258064516129032,155.5,12.380645161290323,15.816129032258065
1960-04-01,66.5,18.19333333333333,8.476666666666667,89.7,10.9,9.483333333333333
1960-05-01,154.9,13.458064516129031,6.206451612903226,52.9,9.648387096774194,6.948387096774193
1960-06-01,44.6,12.436666666666667,4.093333333333333,35.5,8.843333333333334,7.25
1960-07-01,68.0,11.929032258064517,3.903225806451613,41.5,8.490322580645161,7.409677419354838
1960-08-01,67.39999999999999,12.77741935483871,3.4419354838709677,57.6,8.63225806451613,10.561290322580644
1960-09-01,126.9,14.573333333333332,6.753333333333333,79.7,10.486666666666668,11.083333333333334
1960-10-01,49.3,19.425806451612903,7.212903225806452,117.8,10.432258064516128,19.664516129032258
1960-11-01,40.1,19.496666666666666,6.783333333333333,155.0,9.936666666666667,20.040000000000003
1960-12-01,29.3,28.62258064516129,12.116129032258065,204.5,12.593548387096773,25.38064516129032
1961-01-01,13.899999999999999,31.816129032258065,14.26774193548387,230.2,13.406451612903227,26.89032258064516
1961-02-01,12.2,28.432142857142857,11.932142857142859,195.7,12.782142857142857,22.789285714285715
1961-03-01,12.0,25.48709677419355,10.59032258064516,155.5,13.087096774193547,17.716129032258067
1961-04-01,95.5,19.94333333333333,10.693333333333333,89.7,13.486666666666668,9.963333333333333
1961-05-01,24.7,16.63225806451613,5.683870967741935,52.9,10.3,8.98709677419355
1961-06-01,46.5,14.686666666666667,5.243333333333334,35.5,9.620000000000001,7.3
1961-07-01,68.6,12.741935483870968,4.229032258064516,41.5,9.270967741935483,6.870967741935484
1961-08-01,26.6,14.329032258064515,4.209677419354839,57.6,9.429032258064517,10.829032258064515
1961-09-01,45.0,18.473333333333336,5.666666666666667,79.7,9.94,16.016666666666666
1961-10-01,47.599999999999994,21.193548387096776,7.82258064516129,117.8,11.387096774193548,18.312903225806455
1961-11-01,28.5,23.85,9.870000000000001,155.0,11.606666666666666,21.133333333333333
1961-12-01,47.3,26.932258064516127,10.606451612903227,204.5,11.996774193548388,24.39032258064516
1962-01-01,6.6,29.990322580645163,12.706451612903225,230.2,13.167741935483871,26.032258064516128
1962-02-01,32.5,26.985714285714288,11.035714285714286,195.7,12.057142857142859,22.54642857142857
1962-03-01,17.4,25.51290322580645,11.03225806451613,155.5,12.55483870967742,17.16774193548387
1962-04-01,10.2,22.043333333333333,7.96,89.7,10.51,13.006666666666666
1962-05-01,83.1,15.261290322580646,5.729032258064516,52.9,9.848387096774195,7.890322580645161
1962-06-01,103.7,14.863333333333333,7.346666666666667,35.5,10.033333333333333,6.6033333333333335
1962-07-01,38.3,13.919354838709678,4.819354838709677,41.5,8.86774193548387,7.883870967741935
1962-08-01,77.1,14.23225806451613,5.732258064516128,57.6,9.209677419354838,9.5
1962-09-01,77.7,16.503333333333334,5.526666666666667,79.7,9.466666666666667,15.143333333333334
1962-10-01,76.0,17.216129032258067,6.129032258064516,117.8,9.97741935483871,17.112903225806452
1962-11-01,21.099999999999998,23.073333333333334,8.013333333333334,155.0,10.816666666666666,21.063333333333333
1962-12-01,26.7,25.06451612903226,10.325806451612904,204.5,12.583870967741934,21.929032258064513
1963-01-01,151.7,27.048387096774192,12.116129032258065,230.2,13.229032258064517,22.270967741935483
1963-02-01,10.200000000000001,25.892857142857142,10.989285714285714,195.7,12.375,21.67142857142857
1963-03-01,8.7,24.835483870967742,9.94516129032258,155.5,12.396774193548387,17.348387096774193
1963-04-01,0.5,20.663333333333334,6.446666666666667,89.7,10.236666666666668,12.68
1963-05-01,93.3,15.793548387096775,8.003225806451614,52.9,10.903225806451612,5.758064516129032
1963-06-01,64.1,13.706666666666667,5.66,35.5,9.736666666666668,6.39
1963-07-01,77.2,12.254838709677419,3.987096774193548,41.5,8.412903225806453,7.225806451612903
1963-08-01,60.6,14.270967741935483,4.503225806451613,57.6,9.03225806451613,10.067741935483872
1963-09-01,80.6,16.983333333333334,6.543333333333334,79.7,10.433333333333334,13.983333333333333
1963-10-01,37.5,21.870967741935484,8.35483870967742,117.8,11.845161290322581,18.983870967741936
1963-11-01,5.8,23.720000000000002,8.593333333333334,155.0,10.626666666666667,23.043333333333333
1963-12-01,5.8999999999999995,26.62258064516129,10.54516129032258,204.5,11.23225806451613,26.05483870967742
1964-01-01,11.0,26.919354838709676,10.429032258064517,230.2,11.887096774193548,24.580645161290324
1964-02-01,50.199999999999996,25.42413793103448,10.951724137931036,201.5,12.589655172413794,19.70344827586207
1964-03-01,19.8,24.816129032258065,8.812903225806451,155.5,11.209677419354838,18.59032258064516
1964-04-01,43.1,20.333333333333332,8.533333333333333,89.7,12.193333333333333,10.086666666666668
1964-05-01,59.3,16.429032258064517,5.696774193548387,52.9,9.887096774193548,9.27741935483871
1964-06-01,105.3,13.78,4.78,35.5,9.276666666666667,7.503333333333333
1964-07-01,218.1,12.780645161290321,4.800000000000001,41.5,9.067741935483872,7.406451612903226
1964-08-01,89.8,14.09032258064516,5.658064516129032,57.6,10.119354838709677,9.848387096774195
1964-09-01,111.4,15.986666666666668,6.153333333333333,79.7,10.353333333333333,14.68
1964-10-01,83.39999999999999,17.041935483870965,6.606451612903226,117.8,10.864516129032259,16.825806451612905
1964-11-01,87.3,21.103333333333335,8.656666666666666,155.0,11.853333333333333,20.923333333333336
1964-12-01,31.7,20.29032258064516,8.35483870967742,204.5,11.464516129032257,19.219354838709677
1965-01-01,3.1,25.76451612903226,9.729032258064517,230.2,11.358064516129033,25.809677419354838
1965-02-01,1.0,28.807142857142857,11.385714285714286,195.7,12.200000000000001,23.239285714285717
1965-03-01,22.2,24.919354838709676,8.922580645161291,155.5,11.403225806451612,18.26451612903226
1965-04-01,37.699999999999996,18.586666666666666,5.713333333333334,89.7,10.78,12.91
1965-05-01,92.2,16.35483870967742,7.012903225806451,52.9,10.86774193548387,7.45483870967742
1965-06-01,40.7,13.756666666666666,4.23,35.5,8.746666666666666,6.993333333333334
1965-07-01,98.0,12.029032258064515,2.7774193548387096,41.5,8.796774193548387,7.070967741935483
1965-08-01,88.8,14.332258064516129,4.680645161290323,57.6,9.806451612903226,9.787096774193548
1965-09-01,59.0,17.126666666666665,6.323333333333333,79.7,10.97,14.663333333333332
1965-10-01,18.7,20.783870967741933,7.370967741935484,117.8,10.63225806451613,18.870967741935484
1965-11-01,50.4,21.246666666666666,7.253333333333333,155.0,11.036666666666667,19.87
1965-12-01,40.1,27.33225806451613,12.63225806451613,204.5,12.929032258064517,24.916129032258063
1966-01-01,17.8,29.03548387096774,11.983870967741936,230.2,12.641935483870967,24.193548387096776
1966-02-01,34.599999999999994,26.642857142857142,10.921428571428573,195.7,14.028571428571428,23.25357142857143
1966-03-01,31.1,25.003225806451614,10.916129032258064,155.5,12.077419354838709,16.6
1966-04-01,15.5,19.706666666666667,6.5633333333333335,89.7,10.753333333333334,12.44
1966-05-01,35.3,15.95483870967742,6.238709677419355,52.9,10.2,7.47741935483871
1966-06-01,42.599999999999994,12.889999999999999,2.9633333333333334,35.5,8.446666666666667,6.823333333333333
1966-07-01,124.8,11.970967741935485,3.838709677419355,41.5,8.919354838709678,7.338709677419355
1966-08-01,36.699999999999996,13.69032258064516,3.490322580645161,57.6,8.73225806451613,10.380645161290323
1966-09-01,78.6,15.926666666666668,5.716666666666667,79.7,10.026666666666667,13.266666666666667
1966-10-01,50.7,18.42258064516129,5.958064516129032,117.8,10.803225806451612,17.62258064516129
1966-11-01,32.199999999999996,23.426666666666666,9.206666666666667,155.0,11.676666666666668,21.493333333333336
1966-12-01,65.8,24.10967741935484,9.874193548387098,204.5,11.98709677419355,21.34193548387097
1967-01-01,12.399999999999999,26.429032258064513,9.893548387096773,230.2,11.435483870967742,24.741935483870968
1967-02-01,35.6,29.650000000000002,12.289285714285715,195.7,11.62142857142857,22.853571428571428
1967-03-01,5.5,24.419354838709676,10.170967741935485,155.5,11.948387096774193,17.845161290322583
1967-04-01,6.9,22.636666666666667,8.143333333333334,89.7,11.166666666666666,12.526666666666667
1967-05-01,34.0,17.858064516129033,4.606451612903226,52.9,9.606451612903227,9.077419354838709
1967-06-01,12.799999999999999,15.876666666666667,3.0966666666666667,35.5,9.28,7.996666666666667
1967-07-01,99.3,13.374193548387098,4.206451612903226,41.5,9.083870967741936,7.170967741935484
1967-08-01,55.8,13.899999999999999,3.3677419354838714,57.6,8.951612903225806,11.490322580645161
1967-09-01,20.8,16.493333333333332,4.736666666666666,79.7,9.616666666666667,15.096666666666666
1967-10-01,10.1,21.64516129032258,6.245161290322581,117.8,9.77741935483871,20.335483870967742
1967-11-01,13.4,23.506666666666668,7.933333333333334,155.0,9.946666666666665,22.413333333333334
1967-12-01,38.699999999999996,24.37741935483871,9.52258064516129,204.5,10.958064516129031,23.6
1968-01-01,14.3,31.26774193548387,12.893548387096773,230.2,12.083870967741936,27.316129032258065
1968-02-01,13.5,30.158620689655173,13.517241379310345,201.5,13.317241379310344,23.024137931034485
1968-03-01,32.9,26.151612903225807,12.635483870967741,155.5,13.351612903225806,15.996774193548386
1968-04-01,70.4,21.029999999999998,11.056666666666667,89.7,13.41,10.520000000000001
1968-05-01,117.2,14.14516129032258,6.887096774193548,52.9,11.22258064516129,7.074193548387097
1968-06-01,65.6,12.323333333333332,5.069999999999999,35.5,9.5,6.1033333333333335
1968-07-01,67.1,11.612903225806452,3.0129032258064514,41.5,8.654838709677419,7.058064516129033
1968-08-01,120.19999999999999,13.16451612903226,4.209677419354839,57.6,9.17741935483871,10.603225806451613
1968-09-01,44.7,15.18,4.613333333333333,79.7,9.573333333333332,14.18
1968-10-01,95.5,18.758064516129032,7.15483870967742,117.8,11.116129032258065,17.825806451612905
1968-11-01,64.2,19.163333333333334,7.506666666666667,155.0,11.389999999999999,19.13
1968-12-01,9.399999999999999,23.906451612903226,8.925806451612903,204.5,11.167741935483871,23.167741935483868
1969-01-01,10.7,30.177419354838708,11.86774193548387,230.2,12.838709677419354,25.44193548387097
1969-02-01,36.5,26.985714285714288,14.110714285714286,195.7,15.578571428571427,17.807142857142857
1969-03-01,37.1,24.238709677419354,10.341935483870968,155.5,14.109677419354838,16.70967741935484
1969-04-01,35.699999999999996,20.236666666666668,8.08,89.7,11.59,11.6
1969-05-01,34.9,15.399999999999999,5.096774193548387,52.9,9.883870967741935,7.890322580645161
1969-06-01,15.3,13.736666666666668,2.79,35.5,8.796666666666665,7.02
1969-07-01,83.2,13.906451612903227,4.270967741935484,41.5,9.899999999999999,7.035483870967742
1969-08-01,78.7,14.838709677419354,4.548387096774194,57.6,9.483870967741936,10.548387096774194
1969-09-01,67.7,13.786666666666667,3.6599999999999997,79.7,9.536666666666667,12.969999999999999
1969-10-01,17.8,20.241935483870968,5.929032258064517,117.8,10.841935483870968,20.190322580645162
1969-11-01,27.2,21.77,8.216666666666667,155.0,11.236666666666668,21.033333333333335
1969-12-01,36.9,22.83225806451613,8.758064516129032,201.9,11.380645161290323,21.574193548387097
1970-01-01,27.7,26.041935483870965,11.106451612903227,212.5,12.990322580645161,23.06451612903226
1970-02-01,0.0,29.2,10.924999999999999,215.5,12.825000000000001,23.914285714285715
1970-03-01,23.4,24.22258064516129,9.564516129032258,150.0,12.703225806451613,17.280645161290323
1970-04-01,90.0,20.683333333333334,8.893333333333334,102.8,12.693333333333333,11.366666666666667
1970-05-01,52.4,14.654838709677419,5.735483870967743,45.9,10.629032258064516,7.603225806451612
1970-06-01,75.0,13.796666666666665,4.553333333333333,36.6,9.583333333333334,6.666666666666667
1970-07-01,56.4,13.048387096774194,4.348387096774194,40.4,9.490322580645161,7.251612903225807
1970-08-01,106.0,13.058064516129033,2.954838709677419,49.4,9.12258064516129,10.341935483870968
1970-09-01,42.9,14.4,4.586666666666667,72.2,9.34,12.303333333333335
1970-10-01,34.9,18.5258064516129,4.951612903225806,106.5,10.26774193548387,18.706451612903226
1970-11-01,118.1,22.133333333333333,7.97,142.7,11.506666666666666,21.35
1970-12-01,40.8,24.248387096774195,9.435483870967742,202.3,12.319354838709677,24.316129032258065
1971-01-01,7.9,27.67096774193548,11.390322580645162,232.4,13.119354838709677,24.780645161290323
1971-02-01,9.6,29.82857142857143,14.296428571428573,207.9,14.567857142857141,22.442857142857143
1971-03-01,29.5,27.358064516129033,12.703225806451613,189.3,13.76774193548387,17.983870967741936
1971-04-01,119.2,22.67,9.766666666666667,108.6,12.913333333333332,12.106666666666666
1971-05-01,91.6,16.15483870967742,5.738709677419355,52.4,10.52258064516129,8.574193548387097
1971-06-01,74.6,13.15,5.206666666666666,34.3,10.056666666666667,6.0233333333333325
1971-07-01,38.6,12.990322580645161,3.7096774193548385,32.4,9.02258064516129,6.941935483870967
1971-08-01,98.6,13.47741935483871,4.16774193548387,52.0,9.312903225806451,10.319354838709677
1971-09-01,97.0,15.186666666666667,4.716666666666667,71.9,9.91,13.113333333333333
1971-10-01,72.9,17.22258064516129,6.72258064516129,111.5,10.319354838709677,17.309677419354838
1971-11-01,58.3,19.776666666666664,7.96,124.7,11.763333333333332,19.266666666666666
1971-12-01,48.1,22.993548387096773,9.51290322580645,173.1,12.03225806451613,21.612903225806452
1972-01-01,77.8,26.393548387096775,11.919354838709678,194.5,14.361290322580645,23.183870967741935
1972-02-01,33.0,28.182758620689654,12.572413793103449,189.9,14.36896551724138,20.76551724137931
1972-03-01,6.1,24.23548387096774,8.36774193548387,162.2,11.648387096774194,18.56451612903226
1972-04-01,60.2,21.87,7.92,106.6,11.673333333333334,13.74
1972-05-01,21.9,17.893548387096775,4.883870967741935,52.9,10.577419354838709,9.096774193548388
1972-06-01,54.400000000000006,14.389999999999999,0.65,42.1,7.95,8.28
1972-07-01,90.0,12.803225806451612,4.758064516129032,49.6,9.33548387096774,7.064516129032258
1972-08-01,84.2,14.596774193548388,5.570967741935483,61.5,9.838709677419354,10.525806451612903
1972-09-01,26.8,17.91,5.453333333333333,97.0,10.129999999999999,15.546666666666665
1972-10-01,33.9,19.603225806451615,6.170967741935484,132.4,10.583870967741936,19.387096774193548
1972-11-01,24.7,22.39333333333333,7.586666666666667,160.8,11.2,22.346666666666668
1972-12-01,0.0,27.322580645161292,10.370967741935484,259.0,11.94516129032258,26.238709677419354
1973-01-01,24.1,29.674193548387095,13.387096774193548,271.8,13.251612903225807,23.116129032258065
1973-02-01,56.3,27.05,13.325000000000001,178.0,15.364285714285714,22.724999999999998
1973-03-01,33.400000000000006,22.596774193548388,9.761290322580646,139.4,12.625806451612902,16.28709677419355
1973-04-01,43.4,20.75,9.21,97.3,12.333333333333334,12.366666666666667
1973-05-01,72.9,16.161290322580644,6.525806451612904,49.1,11.390322580645162,8.25483870967742
1973-06-01,69.3,12.22,3.8233333333333333,32.0,9.42,6.656666666666666
1973-07-01,62.0,13.948387096774193,3.97741935483871,37.9,9.470967741935485,8.525806451612903
1973-08-01,85.2,14.129032258064516,4.483870967741935,49.3,9.825806451612904,10.238709677419354
1973-09-01,105.2,16.529999999999998,7.006666666666666,77.9,10.913333333333332,13.286666666666667
1973-10-01,129.1,19.532258064516128,8.161290322580646,103.2,12.567741935483872,17.27741935483871
1973-11-01,21.1,20.823333333333334,8.25,131.6,11.93,20.89333333333333
1973-12-01,34.4,27.061290322580643,11.209677419354838,221.2,12.896774193548387,24.687096774193545
1974-01-01,72.0,29.85483870967742,15.13225806451613,262.2,16.329032258064515,24.896774193548385
1974-02-01,27.0,27.303571428571427,12.446428571428571,192.8,14.314285714285715,23.067857142857143
1974-03-01,39.8,28.006451612903227,14.335483870967742,175.4,15.72258064516129,17.69677419354839
1974-04-01,99.4,18.45,10.35,61.1,13.54,8.870000000000001
1974-05-01,44.0,16.806451612903224,6.964516129032258,45.4,11.770967741935483,8.82258064516129
1974-06-01,39.4,13.866666666666667,4.483333333333333,33.0,9.44,7.536666666666666
1974-07-01,136.0,12.935483870967742,3.9838709677419355,41.5,9.46774193548387,7.216129032258064
1974-08-01,75.0,14.03225806451613,5.47741935483871,52.1,10.003225806451614,10.106451612903227
1974-09-01,103.0,14.573333333333332,4.96,68.0,10.186666666666667,13.633333333333333
1974-10-01,84.0,18.08709677419355,7.254838709677419,97.2,11.54516129032258,17.17096774193548
1974-11-01,18.0,20.40666666666667,6.680000000000001,139.0,11.123333333333333,22.363333333333333
1974-12-01,17.0,23.706451612903226,8.816129032258065,189.8,11.941935483870967,23.62258064516129
1975-01-01,15.0,25.41290322580645,8.851612903225806,220.1,11.890322580645162,25.993548387096773
1975-02-01,4.0,29.75714285714286,11.589285714285714,218.4,13.485714285714286,22.92142857142857
1975-03-01,67.0,22.993548387096773,9.151612903225805,141.0,12.374193548387098,16.238709677419354
1975-04-01,45.0,19.723333333333336,7.316666666666666,85.7,11.503333333333334,11.646666666666667
1975-05-01,94.0,17.406451612903226,8.183870967741935,62.1,11.735483870967743,7.699999999999999
1975-06-01,47.0,13.923333333333334,3.453333333333333,35.6,9.326666666666666,7.6433333333333335
1975-07-01,115.0,14.593548387096773,5.745161290322581,54.7,9.899999999999999,7.851612903225806
1975-08-01,66.0,13.548387096774194,4.983870967741935,54.2,9.40967741935484,9.393548387096773
1975-09-01,89.0,16.986666666666668,6.62,83.4,10.903333333333334,13.823333333333332
1975-10-01,163.0,17.738709677419354,8.348387096774195,99.8,11.735483870967743,15.577419354838709
1975-11-01,40.0,22.783333333333335,10.04,143.5,12.993333333333334,20.776666666666664
1975-12-01,16.0,26.65806451612903,11.319354838709677,223.7,13.3,25.393548387096775
1976-01-01,16.9,27.01290322580645,10.848387096774195,232.7,12.641935483870967,24.57741935483871
1976-02-01,38.0,29.113793103448273,12.99655172413793,218.6,15.013793103448275,24.06206896551724
1976-03-01,46.0,24.703225806451613,9.874193548387098,156.6,13.216129032258063,18.154838709677417
1976-04-01,27.0,19.863333333333333,8.166666666666666,96.3,11.566666666666666,11.446666666666665
1976-05-01,33.0,16.19677419354839,5.429032258064517,61.2,9.8,7.987096774193549
1976-06-01,61.0,13.653333333333334,5.8533333333333335,37.4,9.856666666666666,6.336666666666667
1976-07-01,39.0,13.293548387096775,3.7225806451612904,41.7,8.97741935483871,7.264516129032257
1976-08-01,71.0,14.170967741935485,3.9451612903225803,60.0,8.64516129032258,10.141935483870967
1976-09-01,80.0,15.346666666666666,5.16,73.1,9.643333333333334,13.103333333333333
1976-10-01,64.0,17.04516129032258,5.52258064516129,96.1,10.47741935483871,17.961290322580645
1976-11-01,74.0,21.43,8.146666666666667,130.7,11.963333333333333,20.186666666666667
1976-12-01,37.0,25.29032258064516,9.993548387096775,217.5,12.025806451612903,23.561290322580643
1977-01-01,34.9,27.906451612903226,10.712903225806452,234.7,13.17741935483871,25.5258064516129
1977-02-01,9.0,29.342857142857145,11.903571428571428,214.6,13.489285714285714,22.8
1977-03-01,39.0,24.419354838709676,9.94516129032258,157.2,13.193548387096774,17.05483870967742
1977-04-01,25.0,18.64333333333333,6.233333333333333,69.3,11.856666666666666,10.853333333333333
1977-05-01,76.0,15.583870967741936,5.974193548387096,58.3,10.119354838709677,7.996774193548387
1977-06-01,117.0,12.913333333333332,5.3566666666666665,32.9,9.856666666666666,5.973333333333333
1977-07-01,57.0,12.658064516129032,2.987096774193548,40.9,8.448387096774193,8.37741935483871
1977-08-01,28.0,16.34193548387097,4.893548387096774,77.0,9.187096774193549,10.858064516129033
1977-09-01,23.0,15.743333333333334,3.46,83.0,8.95,14.613333333333333
1977-10-01,37.0,21.193548387096776,6.651612903225806,139.1,10.348387096774195,18.86774193548387
1977-11-01,72.0,22.81,7.3133333333333335,177.5,10.856666666666666,22.46333333333333
1977-12-01,13.0,26.419354838709676,10.838709677419354,229.5,12.03225806451613,24.606451612903225
1978-01-01,20.0,26.251612903225805,10.787096774193548,233.6,12.609677419354838,24.490322580645163
1978-02-01,7.0,27.289285714285715,10.453571428571427,206.4,12.346428571428572,23.439285714285713
1978-03-01,7.0,25.416129032258063,11.425806451612903,180.0,12.803225806451612,16.47741935483871
1978-04-01,74.9,21.220000000000002,7.9399999999999995,96.7,11.446666666666665,12.69
1978-05-01,55.0,17.061290322580643,7.796774193548386,61.6,11.158064516129032,8.029032258064516
1978-06-01,52.0,12.963333333333333,4.59,30.2,9.823333333333332,5.8566666666666665
1978-07-01,91.9,12.358064516129033,4.267741935483872,42.7,9.09032258064516,7.329032258064516
1978-08-01,60.0,13.296774193548387,4.019354838709678,50.4,9.319354838709677,9.841935483870968
1978-09-01,92.0,16.033333333333335,6.053333333333333,70.1,10.966666666666667,12.966666666666667
1978-10-01,50.0,19.806451612903224,6.012903225806451,118.7,10.761290322580646,18.712903225806453
1978-11-01,67.0,21.803333333333335,8.81,148.7,12.313333333333333,20.53666666666667
1978-12-01,13.0,24.364516129032257,9.825806451612904,187.8,12.358064516129033,21.858064516129033
1979-01-01,38.0,30.906451612903226,12.48709677419355,263.3,13.483870967741936,26.467741935483872
1979-02-01,15.0,27.989285714285717,12.403571428571428,191.5,13.549999999999999,20.989285714285717
1979-03-01,9.0,25.677419354838708,10.009677419354839,160.1,13.02258064516129,17.770967741935483
1979-04-01,31.0,18.970000000000002,7.126666666666667,85.5,11.366666666666667,10.84
1979-05-01,54.0,15.703225806451613,5.616129032258065,56.2,10.087096774193547,7.561290322580645
1979-06-01,22.0,14.623333333333333,5.593333333333334,40.9,10.193333333333333,6.946666666666667
1979-07-01,57.0,13.19032258064516,3.57741935483871,41.7,8.922580645161291,7.680645161290323
1979-08-01,103.0,13.30967741935484,4.474193548387096,52.4,9.416129032258064,9.69032258064516
1979-09-01,110.0,15.59,6.409999999999999,71.9,10.56,12.44
1979-10-01,94.0,18.548387096774192,7.296774193548386,102.0,11.551612903225807,18.629032258064516
1979-11-01,79.0,22.293333333333333,8.613333333333333,142.9,12.183333333333334,21.27
1979-12-01,21.0,25.548387096774192,10.719354838709679,190.4,12.2,22.161290322580644
1980-01-01,22.2,25.470967741935485,9.95483870967742,211.1,12.03225806451613,24.206451612903226
1980-02-01,0.0,28.193103448275863,10.227586206896552,220.4,10.93448275862069,23.29310344827586
1980-03-01,4.0,24.148387096774194,9.048387096774194,160.4,11.51290322580645,17.26774193548387
1980-04-01,146.0,22.490000000000002,9.833333333333334,115.1,12.629999999999999,11.936666666666667
1980-05-01,43.0,17.770967741935483,7.580645161290323,54.5,11.77741935483871,8.680645161290323
1980-06-01,140.3,13.520000000000001,4.486666666666666,36.2,9.733333333333333,6.1466666666666665
1980-07-01,97.6,13.064516129032258,4.093548387096774,39.0,9.693548387096774,7.248387096774193
1980-08-01,63.4,15.203225806451613,4.758064516129032,69.0,9.619354838709677,11.138709677419355
1980-09-01,57.0,16.823333333333334,6.693333333333333,88.4,10.8,13.583333333333334
1980-10-01,76.8,18.938709677419357,6.467741935483871,115.1,11.474193548387097,18.816129032258065
1980-11-01,38.4,23.860000000000003,8.076666666666666,159.0,11.610000000000001,22.186666666666667
1980-12-01,12.4,28.154838709677417,10.138709677419355,235.1,11.983870967741936,24.68064516129032
1981-01-01,32.2,31.203225806451613,13.948387096774193,258.7,14.738709677419354,24.14516129032258
1981-02-01,9.600000000000001,29.292857142857144,13.585714285714285,208.2,14.421428571428573,21.557142857142857
1981-03-01,25.6,22.23548387096774,8.925806451612903,121.1,12.761290322580646,14.958064516129031
1981-04-01,4.1000000000000005,22.373333333333335,7.86,107.6,12.423333333333334,12.586666666666668
1981-05-01,77.2,16.603225806451615,6.516129032258065,57.4,10.612903225806452,7.554838709677419
1981-06-01,100.4,13.129999999999999,5.12,40.9,9.453333333333335,6.3966666666666665
1981-07-01,143.5,12.899999999999999,5.148387096774194,47.2,9.509677419354839,7.464516129032258
1981-08-01,149.8,12.874193548387098,4.609677419354839,57.6,9.219354838709679,10.33548387096774
1981-09-01,41.1,17.31,7.28,84.3,10.736666666666668,14.3
1981-10-01,39.3,19.003225806451614,6.245161290322581,117.8,11.048387096774194,19.306451612903224
1981-11-01,27.2,22.236666666666668,8.533333333333333,146.3,11.663333333333332,21.233333333333334
1981-12-01,18.1,25.470967741935485,9.480645161290322,213.4,11.283870967741937,24.45483870967742
1982-01-01,29.0,29.712903225806453,13.26774193548387,253.1,13.241935483870968,24.006451612903227
1982-02-01,12.1,28.435714285714287,10.875,216.5,12.471428571428572,23.392857142857142
1982-03-01,27.299999999999997,26.009677419354837,11.30967741935484,165.1,13.438709677419356,17.70967741935484
1982-04-01,38.2,20.533333333333335,7.9399999999999995,93.1,11.8,11.7
1982-05-01,70.5,15.570967741935483,7.035483870967742,54.2,10.387096774193548,7.4
1982-06-01,59.9,12.42,2.11,32.9,8.446666666666667,7.283333333333333
1982-07-01,46.2,12.435483870967742,1.4161290322580644,37.2,8.04516129032258,8.13225806451613
1982-08-01,27.8,16.603225806451615,3.1870967741935483,68.0,8.874193548387098,12.0
1982-09-01,43.8,16.6,3.8,90.9,9.07,14.963333333333333
1982-10-01,21.0,19.73548387096774,6.009677419354839,141.7,9.029032258064515,19.103225806451615
1982-11-01,6.6,26.826666666666664,8.616666666666667,226.7,9.846666666666666,24.0
1982-12-01,8.0,26.55483870967742,10.26774193548387,239.9,11.461290322580645,25.067741935483873
1983-01-01,18.5,27.1,9.654838709677419,259.4,11.167741935483871,26.12258064516129
1983-02-01,0.6000000000000001,31.985714285714288,13.27142857142857,251.9,12.239285714285714,23.271428571428572
1983-03-01,89.1,24.029032258064515,12.683870967741935,126.89999999999999,15.038709677419355,13.8
1983-04-01,64.0,17.073333333333334,7.066666666666666,67.1,10.860000000000001,10.963333333333333
1983-05-01,69.9,15.803225806451612,6.841935483870968,41.6,11.72258064516129,7.661290322580645
1983-06-01,51.5,12.71,4.1466666666666665,29.1,9.803333333333335,6.433333333333334
1983-07-01,82.5,12.09032258064516,3.4193548387096775,36.8,9.061290322580644,7.529032258064516
1983-08-01,91.5,14.412903225806453,5.806451612903226,59.5,10.325806451612904,10.080645161290322
1983-09-01,121.0,15.28,6.3,77.3,10.636666666666667,13.136666666666667
1983-10-01,39.5,18.690322580645162,6.467741935483871,102.4,11.509677419354839,17.906451612903226
1983-11-01,71.9,20.94,8.2,132.1,12.286666666666667,19.323333333333334
1983-12-01,30.9,26.56451612903226,10.316129032258065,214.2,11.764516129032257,24.096774193548388
1984-01-01,31.0,25.348387096774193,10.738709677419354,202.4,13.17741935483871,23.03548387096774
1984-02-01,6.2,27.855172413793102,10.46551724137931,200.9,12.437931034482759,22.93793103448276
1984-03-01,82.6,23.69677419354839,9.838709677419354,155.3,11.82258064516129,17.483870967741936
1984-04-01,30.599999999999998,20.009999999999998,7.196666666666667,81.1,11.583333333333334,12.766666666666667
1984-05-01,27.2,17.29032258064516,5.335483870967742,57.8,10.248387096774193,8.606451612903227
1984-06-01,44.800000000000004,14.206666666666667,3.6866666666666665,37.2,9.270000000000001,7.239999999999999
1984-07-01,110.5,11.864516129032259,3.4193548387096775,32.3,8.948387096774193,6.658064516129032
1984-08-01,153.5,13.709677419354838,6.203225806451614,55.7,9.874193548387098,9.48709677419355
1984-09-01,126.9,13.826666666666666,5.596666666666667,66.6,9.546666666666665,12.323333333333332
1984-10-01,17.4,19.496774193548386,6.241935483870968,121.5,10.7,20.038709677419355
1984-11-01,97.8,21.816666666666666,9.653333333333334,151.8,12.06,20.493333333333332
1984-12-01,25.5,24.496774193548386,9.238709677419354,202.4,11.819354838709677,24.27741935483871
1985-01-01,9.5,27.432258064516127,10.703225806451613,228.6,11.654838709677419,24.0
1985-02-01,2.6,27.392857142857142,10.167857142857143,196.2,11.539285714285715,22.8
1985-03-01,38.8,26.79032258064516,12.583870967741936,164.8,13.703225806451613,16.5258064516129
1985-04-01,20.6,21.970000000000002,9.316666666666666,101.3,12.026666666666667,12.456666666666667
1985-05-01,87.3,17.13225806451613,5.841935483870968,59.2,10.470967741935485,8.680645161290323
1985-06-01,62.8,13.546666666666665,4.67,36.5,9.743333333333334,6.516666666666667
1985-07-01,65.6,12.880645161290323,3.1903225806451614,48.4,8.3,8.26774193548387
1985-08-01,119.9,13.619354838709677,5.470967741935484,56.8,9.880645161290323,9.441935483870967
1985-09-01,27.5,15.553333333333335,4.943333333333333,80.1,9.83,14.766666666666667
1985-10-01,83.9,19.66774193548387,6.980645161290322,126.7,10.816129032258065,18.796774193548387
1985-11-01,21.7,21.35666666666667,9.186666666666667,138.0,12.403333333333334,19.053333333333335
1985-12-01,87.6,22.741935483870968,10.62258064516129,151.8,12.748387096774193,19.616129032258065
1986-01-01,17.7,25.52258064516129,9.712903225806452,220.5,11.693548387096774,25.796774193548387
1986-02-01,2.6,27.24285714285714,10.282142857142857,194.3,11.785714285714286,22.25357142857143
1986-03-01,5.1,26.751612903225805,10.583870967741936,190.3,11.654838709677419,18.529032258064515
1986-04-01,61.1,20.033333333333335,8.389999999999999,102.7,11.313333333333333,11.786666666666667
1986-05-01,79.5,15.903225806451612,7.406451612903226,44.1,11.26774193548387,7.529032258064516
1986-06-01,32.8,13.046666666666665,4.883333333333334,28.2,9.706666666666667,6.42
1986-07-01,97.39999999999999,11.922580645161291,4.258064516129032,34.1,9.319354838709677,6.932258064516129
1986-08-01,69.5,13.974193548387097,4.809677419354839,57.0,9.470967741935485,10.235483870967743
1986-09-01,65.6,15.296666666666665,5.983333333333333,69.0,10.616666666666667,13.366666666666667
1986-10-01,108.2,16.748387096774195,6.180645161290323,104.9,10.696774193548388,17.203225806451613
1986-11-01,21.0,21.55,6.63,158.5,10.576666666666666,23.003333333333334
1986-12-01,135.8,22.451612903225808,9.725806451612904,169.0,11.496774193548386,20.82903225806452
1987-01-01,24.8,24.17096774193548,8.848387096774195,194.1,11.535483870967743,23.200000000000003
1987-02-01,30.0,27.825,10.085714285714285,197.7,11.596428571428572,23.396428571428572
1987-03-01,8.6,22.983870967741936,8.861290322580645,154.0,10.899999999999999,16.993548387096773
1987-04-01,24.6,21.91,8.273333333333333,108.7,10.889999999999999,12.853333333333333
1987-05-01,121.0,15.919354838709678,7.65483870967742,58.4,11.261290322580646,7.680645161290323
1987-06-01,71.2,14.110000000000001,5.4766666666666675,33.7,10.116666666666667,6.663333333333333
1987-07-01,68.6,12.899999999999999,3.5870967741935487,39.1,8.612903225806452,8.209677419354838
1987-08-01,44.6,13.751612903225807,4.706451612903226,51.4,9.603225806451613,9.858064516129033
1987-09-01,22.6,17.236666666666668,6.046666666666667,84.7,10.246666666666666,14.083333333333334
1987-10-01,42.4,18.14516129032258,5.577419354838709,116.4,10.612903225806452,18.425806451612903
1987-11-01,27.6,23.813333333333333,9.183333333333334,184.70000000000002,11.3,21.866666666666667
1987-12-01,55.199999999999996,25.074193548387097,9.658064516129032,209.6,11.683870967741935,23.677419354838708
1988-01-01,28.6,28.767741935483873,12.080645161290322,236.8,14.14516129032258,24.616129032258065
1988-02-01,15.6,27.03793103448276,10.655172413793103,195.3,12.062068965517241,22.772413793103446
1988-03-01,43.8,27.061290322580643,11.16451612903226,178.1,12.32258064516129,18.048387096774192
1988-04-01,14.299999999999999,21.543333333333333,8.84,90.8,12.636666666666667,13.046666666666665
1988-05-01,98.6,17.641935483870967,8.703225806451613,49.300000000000004,12.87741935483871,7.474193548387096
1988-06-01,147.2,13.956666666666667,6.286666666666666,35.1,10.5,6.633333333333334
1988-07-01,85.0,13.683870967741935,5.851612903225806,39.8,10.238709677419354,7.15483870967742
1988-08-01,52.8,14.09032258064516,5.77741935483871,59.2,10.109677419354838,10.525806451612903
1988-09-01,47.8,17.08,6.923333333333333,82.2,10.926666666666668,13.93
1988-10-01,47.800000000000004,18.916129032258063,7.209677419354839,125.89999999999999,11.048387096774194,18.538709677419355
1988-11-01,32.0,21.826666666666664,8.646666666666667,157.0,11.483333333333333,20.743333333333332
1988-12-01,21.2,26.216129032258067,11.035483870967743,203.6,12.790322580645162,22.358064516129033
1989-01-01,17.8,27.69677419354839,12.596774193548388,244.0,11.525806451612903,24.24516129032258
1989-02-01,11.8,28.414285714285715,11.835714285714285,207.3,12.939285714285715,22.99642857142857
1989-03-01,6.0,26.251612903225805,13.44516129032258,160.5,13.748387096774193,15.106451612903227
1989-04-01,27.4,20.873333333333335,9.94,88.1,13.16,11.59
1989-05-01,70.4,16.23548387096774,7.9,47.2,11.8,7.645161290322581
1989-06-01,89.39999999999999,12.126666666666667,4.383333333333334,33.7,9.566666666666666,6.193333333333333
1989-07-01,80.4,12.225806451612904,3.851612903225807,39.4,8.964516129032257,7.474193548387096
1989-08-01,79.0,12.261290322580646,3.890322580645161,50.0,9.058064516129033,9.441935483870967
1989-09-01,54.0,16.23,5.376666666666667,83.1,10.536666666666667,15.08
1989-10-01,64.4,17.393548387096775,6.212903225806452,110.0,10.62258064516129,19.051612903225806
1989-11-01,9.4,23.42,9.506666666666666,155.3,12.486666666666668,21.353333333333335
1989-12-01,14.4,26.51290322580645,10.40967741935484,214.4,11.990322580645161,24.732258064516127
1990-01-01,26.4,28.229032258064517,11.509677419354839,251.1,12.225806451612904,27.483870967741936
1990-02-01,28.1,26.435714285714287,12.046428571428573,165.4,13.25,19.825
1990-03-01,32.599999999999994,26.703225806451613,10.890322580645162,177.2,12.48709677419355,19.4741935483871
1990-04-01,17.4,21.546666666666667,8.67,103.5,12.273333333333333,12.833333333333334
1990-05-01,16.2,17.551612903225806,6.187096774193549,67.6,10.54516129032258,8.770967741935483
1990-06-01,67.2,13.883333333333333,4.22,39.5,9.473333333333333,6.753333333333333
1990-07-01,99.8,13.274193548387096,5.493548387096775,45.2,9.63225806451613,7.04516129032258
1990-08-01,104.0,12.919354838709678,4.55483870967742,54.4,9.27741935483871,9.564516129032258
1990-09-01,60.0,16.973333333333333,6.786666666666666,94.3,10.316666666666666,15.683333333333334
1990-10-01,42.6,19.293548387096774,7.04516129032258,111.4,10.754838709677419,17.312903225806455
1990-11-01,21.6,23.366666666666667,8.76,173.7,11.623333333333333,24.733333333333334
1990-12-01,21.4,26.438709677419357,11.399999999999999,208.5,12.67741935483871,23.635483870967743
1991-01-01,53.0,27.82903225806452,13.064516129032258,225.2,14.077419354838709,24.64516129032258
1991-02-01,0.0,28.439285714285717,9.5,217.3,11.225,27.982142857142858
1991-03-01,24.4,24.6,9.238709677419354,164.7,11.3,18.97741935483871
1991-04-01,51.800000000000004,20.259999999999998,8.063333333333334,98.10000000000001,10.94,12.353333333333333
1991-05-01,7.0,17.051612903225806,5.361290322580645,51.2,10.52258064516129,9.009677419354839
1991-06-01,131.0,14.843333333333334,7.27,38.0,11.603333333333333,5.653333333333333
1991-07-01,75.8,12.874193548387098,4.770967741935484,37.0,9.525806451612903,7.329032258064516
1991-08-01,133.8,13.119354838709677,5.025806451612904,62.6,9.638709677419355,9.674193548387098
1991-09-01,78.4,15.703333333333335,6.34,73.6,10.776666666666667,13.413333333333332
1991-10-01,4.6,20.206451612903226,7.706451612903226,125.3,11.038709677419355,19.793548387096774
1991-11-01,31.0,21.466666666666665,6.8,151.6,10.78,24.013333333333332
1991-12-01,23.0,24.612903225806452,9.787096774193548,178.6,12.503225806451614,24.39032258064516
1992-01-01,15.4,24.561290322580643,9.374193548387098,200.7,11.419354838709678,24.925806451612903
1992-02-01,11.399999999999999,27.913793103448278,11.43448275862069,200.2,12.993103448275862,24.96896551724138
1992-03-01,23.599999999999998,26.083870967741937,12.73225806451613,150.6,14.01290322580645,17.383870967741935
1992-04-01,55.400000000000006,20.506666666666668,8.729999999999999,87.6,12.08,12.256666666666666
1992-05-01,49.6,15.525806451612903,5.925806451612903,42.8,10.748387096774193,7.864516129032259
1992-06-01,64.0,12.886666666666667,5.010000000000001,30.4,10.003333333333334,6.233333333333333
1992-07-01,74.60000000000001,13.248387096774193,5.035483870967742,45.2,9.667741935483871,7.82258064516129
1992-08-01,99.0,13.306451612903226,3.9129032258064513,57.5,9.019354838709678,9.958064516129031
1992-09-01,107.2,13.766666666666667,4.39,60.7,9.83,12.120000000000001
1992-10-01,76.6,18.958064516129035,7.870967741935484,102.5,11.880645161290323,18.46451612903226
1992-11-01,76.9,19.33,7.193333333333333,123.0,11.8,21.63
1992-12-01,84.4,24.42258064516129,12.674193548387096,145.8,15.074193548387097,20.506451612903227
1993-01-01,42.800000000000004,27.706451612903226,12.19032258064516,195.6,14.66451612903226,24.0
1993-02-01,10.8,27.025000000000002,11.525,173.2,14.010714285714286,22.224999999999998
1993-03-01,19.0,24.461290322580645,10.406451612903227,133.5,13.380645161290323,17.27741935483871
1993-04-01,5.2,23.446666666666665,6.743333333333334,108.7,10.860000000000001,14.443333333333333
1993-05-01,40.6,17.70967741935484,5.487096774193549,55.2,10.751612903225807,8.996774193548386
1993-06-01,57.2,13.186666666666667,5.0,35.1,9.986666666666668,6.026666666666667
1993-07-01,91.5,13.880645161290323,5.383870967741935,43.6,9.703225806451613,7.083870967741936
1993-08-01,71.8,15.990322580645161,5.670967741935484,64.4,9.941935483870967,9.970967741935485
1993-09-01,73.8,16.986666666666668,6.056666666666667,75.2,10.85,14.19
1993-10-01,81.8,18.04516129032258,6.445161290322581,116.5,10.974193548387097,18.751612903225805
1993-11-01,30.8,21.529999999999998,7.053333333333333,141.1,11.326666666666666,22.80666666666667
1993-12-01,45.699999999999996,24.148387096774194,9.390322580645162,175.4,12.0,24.787096774193547
1994-01-01,48.8,25.45483870967742,9.538709677419355,206.6,11.66451612903226,25.6
1994-02-01,24.6,27.682142857142857,12.164285714285715,166.9,13.864285714285714,21.49642857142857
1994-03-01,0.6,25.783870967741933,8.95483870967742,159.6,11.425806451612903,19.851612903225806
1994-04-01,7.7,21.366666666666667,7.59,97.2,11.343333333333334,12.19
1994-05-01,51.6,16.80322580645161,6.019354838709678,67.9,10.451612903225806,7.790322580645161
1994-06-01,73.6,14.223333333333333,4.59,38.5,9.793333333333333,7.0633333333333335
1994-07-01,71.0,14.070967741935483,3.864516129032258,45.8,8.741935483870968,8.651612903225805
1994-08-01,35.4,13.435483870967742,2.3806451612903223,54.3,8.787096774193548,13.59032258064516
1994-09-01,39.6,15.053333333333335,4.06,75.2,9.323333333333332,13.316666666666666
1994-10-01,69.6,20.325806451612905,6.17741935483871,126.0,10.248387096774193,17.52258064516129
1994-11-01,32.2,21.2,7.8133333333333335,149.6,11.126666666666667,21.25
1994-12-01,9.6,28.88064516129032,10.438709677419356,251.6,11.387096774193548,27.983870967741936
1995-01-01,49.599999999999994,28.529032258064515,12.399999999999999,223.2,14.406451612903227,24.825806451612905
1995-02-01,20.2,28.739285714285717,11.582142857142857,202.3,12.728571428571428,24.8
1995-03-01,17.2,23.370967741935484,9.816129032258065,151.6,11.948387096774193,17.32903225806452
1995-04-01,58.800000000000004,18.053333333333335,6.6866666666666665,78.1,10.53,10.75
1995-05-01,74.0,15.432258064516128,6.558064516129033,44.9,10.906451612903227,7.458064516129032
1995-06-01,108.19999999999999,13.303333333333335,5.683333333333334,36.2,10.01,5.966666666666667
1995-07-01,133.4,11.903225806451612,4.587096774193548,35.2,9.567741935483872,6.754838709677419
1995-08-01,33.0,15.738709677419354,4.690322580645161,63.4,9.712903225806452,11.741935483870968
1995-09-01,25.6,16.273333333333333,4.75,71.6,10.063333333333333,14.2
1995-10-01,43.8,18.861290322580647,5.748387096774194,113.3,10.083870967741936,17.89032258064516
1995-11-01,11.6,22.523333333333333,8.033333333333333,164.5,11.043333333333333,23.663333333333334
1995-12-01,13.200000000000001,23.945161290322584,7.603225806451612,184.8,10.574193548387097,25.9741935483871
1996-01-01,32.2,27.112903225806452,10.912903225806453,224.4,13.187096774193549,27.700000000000003
1996-02-01,20.200000000000003,27.137931034482758,10.582758620689654,183.9,12.179310344827586,24.47241379310345
1996-03-01,22.0,25.690322580645162,9.587096774193547,156.0,11.641935483870967,18.061290322580643
1996-04-01,30.4,18.02,7.203333333333333,73.3,11.639999999999999,10.979999999999999
1996-05-01,10.8,17.34193548387097,6.199999999999999,50.9,10.745161290322581,7.467741935483871
1996-06-01,99.3,14.286666666666667,4.6033333333333335,33.9,9.803333333333335,6.6066666666666665
1996-07-01,90.5,12.745161290322581,4.941935483870967,36.0,9.558064516129033,6.583870967741936
1996-08-01,92.60000000000001,13.8,5.474193548387096,51.6,9.87741935483871,10.135483870967741
1996-09-01,99.2,15.59,5.636666666666667,87.1,10.006666666666666,14.066666666666666
1996-10-01,52.6,19.138709677419353,6.796774193548386,120.6,10.922580645161291,20.54516129032258
1996-11-01,6.199999999999999,21.029999999999998,6.8566666666666665,152.1,9.666666666666666,23.903333333333332
1996-12-01,25.0,23.82903225806452,7.725806451612903,190.8,10.203225806451613,23.85483870967742
1997-01-01,16.7,29.812903225806448,12.306451612903226,256.7,12.274193548387096,28.016129032258064
1997-02-01,4.4,31.896428571428572,14.385714285714286,205.5,14.575000000000001,25.196428571428573
1997-03-01,22.4,23.103225806451615,8.606451612903227,142.5,11.916129032258064,18.583870967741937
1997-04-01,13.700000000000001,21.293333333333333,6.88,88.7,10.9,11.346666666666666
1997-05-01,77.7,15.548387096774194,6.438709677419355,44.1,10.990322580645161,7.503225806451613
1997-06-01,28.0,14.129999999999999,4.423333333333333,40.8,9.156666666666666,6.823333333333333
1997-07-01,33.5,12.838709677419354,1.435483870967742,39.9,8.27741935483871,7.490322580645162
1997-08-01,51.8,13.619354838709677,3.7193548387096773,55.6,8.90967741935484,9.961290322580645
1997-09-01,88.4,16.316666666666666,5.2266666666666675,74.7,10.71,14.963333333333333
1997-10-01,38.9,20.4,6.325806451612903,134.5,10.648387096774194,19.009677419354837
1997-11-01,63.4,23.80666666666667,8.716666666666667,162.8,11.176666666666668,24.546666666666667
1997-12-01,2.0,26.238709677419354,9.5,208.1,11.829032258064515,27.032258064516128
1998-01-01,29.7,28.541935483870965,12.112903225806452,227.7,13.458064516129031,25.483870967741936
1998-02-01,18.0,27.725,9.835714285714285,196.70000000000002,11.603571428571428,25.22142857142857
1998-03-01,5.6,26.287096774193547,9.574193548387097,169.5,12.254838709677419,19.200000000000003
1998-04-01,70.2,18.653333333333332,6.796666666666667,81.0,11.379999999999999,11.72
1998-05-01,34.1,16.506451612903227,5.764516129032257,48.8,10.48709677419355,8.019354838709678
1998-06-01,83.8,13.110000000000001,3.26,40.7,8.963333333333333,6.833333333333333
1998-07-01,68.10000000000001,12.380645161290323,2.7774193548387096,36.5,8.606451612903227,7.338709677419355
1998-08-01,43.4,15.454838709677418,4.551612903225807,53.8,10.009677419354839,10.832258064516129
1998-09-01,88.2,17.45,6.593333333333334,85.1,11.07,14.99
1998-10-01,57.4,18.448387096774194,5.806451612903226,115.0,10.403225806451612,18.870967741935484
1998-11-01,30.0,22.416666666666668,6.616666666666666,167.3,10.639999999999999,25.696666666666665
1998-12-01,9.8,27.135483870967743,10.509677419354839,219.3,11.693548387096774,25.03548387096774
1999-01-01,5.6,31.683870967741935,12.72258064516129,264.0,14.174193548387098,28.919354838709676
1999-02-01,28.799999999999997,29.29642857142857,13.617857142857144,190.0,15.067857142857141,23.3
1999-03-01,38.1,23.358064516129033,9.938709677419356,141.4,13.125806451612902,17.23548387096774
1999-04-01,4.2,19.813333333333333,4.680000000000001,84.7,10.473333333333333,14.353333333333333
1999-05-01,64.6,17.816129032258065,6.635483870967741,66.3,10.425806451612903,8.287096774193548
1999-06-01,43.6,14.373333333333333,4.443333333333333,39.4,9.603333333333333,7.386666666666667
1999-07-01,41.699999999999996,14.270967741935483,5.403225806451613,44.6,9.490322580645161,7.509677419354839
1999-08-01,40.3,15.422580645161291,4.283870967741936,55.3,9.638709677419355,10.245161290322581
1999-09-01,41.1,18.12,5.7733333333333325,89.9,11.053333333333335,15.53
1999-10-01,45.9,20.874193548387098,7.151612903225806,125.0,11.583870967741936,19.074193548387097
1999-11-01,18.6,21.723333333333336,7.173333333333333,146.5,10.97,22.293333333333333
1999-12-01,31.799999999999997,25.048387096774192,10.709677419354838,199.8,11.864516129032259,24.44516129032258
2000-01-01,3.6,27.729032258064517,12.003225806451614,223.7,12.05483870967742,25.641935483870967
2000-02-01,18.2,32.12758620689655,14.03103448275862,217.7,14.113793103448277,22.2551724137931
2000-03-01,11.5,26.40967741935484,10.406451612903227,164.3,13.438709677419356,18.258064516129032
2000-04-01,15.200000000000001,21.473333333333336,8.683333333333334,89.7,12.389999999999999,12.663333333333332
2000-05-01,46.1,15.906451612903227,6.729032258064516,49.7,11.09032258064516,7.9
2000-06-01,40.7,13.69,4.9399999999999995,34.0,9.8,6.3533333333333335
2000-07-01,55.4,13.303225806451612,4.835483870967742,43.6,9.270967741935483,6.66774193548387
2000-08-01,54.199999999999996,14.348387096774195,3.7516129032258063,49.3,9.325806451612904,10.67741935483871
2000-09-01,90.5,16.316666666666666,6.46,76.0,10.833333333333334,12.226666666666667
2000-10-01,48.6,18.606451612903225,6.535483870967742,105.2,10.919354838709678,18.82903225806452
2000-11-01,69.0,25.529999999999998,11.216666666666667,166.2,14.076666666666666,25.366666666666667
2000-12-01,8.600000000000001,27.312903225806455,9.016129032258064,225.6,11.561290322580644,28.22258064516129
2001-01-01,11.0,31.89032258064516,14.112903225806452,255.2,13.609677419354838,26.751612903225805
2001-02-01,15.4,30.896428571428572,14.457142857142857,224.1,13.517857142857142,24.87857142857143
2001-03-01,56.4,24.625806451612902,9.819354838709677,148.1,12.348387096774195,18.87741935483871
2001-04-01,26.8,20.509999999999998,6.526666666666667,88.9,11.096666666666666,13.416666666666666
2001-05-01,23.2,16.73225806451613,5.535483870967742,47.8,10.529032258064515,8.383870967741935
2001-06-01,71.6,14.41,5.966666666666667,32.3,10.536666666666667,5.666666666666667
2001-07-01,28.8,13.596774193548388,3.9322580645161294,34.0,9.53225806451613,7.719354838709677
2001-08-01,105.60000000000001,14.754838709677419,5.22258064516129,63.9,9.441935483870967,10.348387096774195
2001-09-01,79.1,17.91,7.0233333333333325,89.4,11.096666666666666,14.256666666666666
2001-10-01,99.2,17.03548387096774,6.609677419354839,100.39999999999999,11.154838709677419,18.306451612903224
2001-11-01,42.0,20.673333333333336,6.956666666666666,123.9,11.413333333333332,22.493333333333332
2001-12-01,32.4,21.703225806451613,7.419354838709677,150.9,11.258064516129032,25.112903225806452
2002-01-01,17.8,26.038709677419355,9.55483870967742,178.8,12.035483870967743,25.203225806451613
2002-02-01,4.2,26.464285714285715,9.260714285714286,173.5,11.742857142857144,24.042857142857144
2002-03-01,3.4,25.567741935483873,8.95483870967742,152.1,12.19032258064516,19.41290322580645
2002-04-01,17.2,23.62,7.17,89.6,11.503333333333334,13.643333333333334
2002-05-01,44.2,18.40967741935484,4.929032258064517,60.8,9.806451612903226,8.861290322580645
2002-06-01,42.6,14.466666666666667,4.466666666666667,45.3,9.316666666666666,6.933333333333334
2002-07-01,76.0,13.916129032258064,4.503225806451613,51.7,8.906451612903227,7.361290322580645
2002-08-01,44.9,14.670967741935485,2.9741935483870967,61.9,8.816129032258065,10.229032258064516
2002-09-01,53.1,16.866666666666667,5.033333333333333,98.7,9.613333333333333,14.996666666666666
2002-10-01,45.0,19.903225806451612,6.032258064516129,127.6,10.3,18.14516129032258
2002-11-01,40.0,24.503333333333334,7.8566666666666665,176.8,10.34,23.55
2002-12-01,29.0,27.5,9.706451612903225,217.1,11.100000000000001,28.258064516129032
2003-01-01,30.0,29.88064516129032,11.174193548387096,249.2,11.62258064516129,28.016129032258064
2003-02-01,57.800000000000004,28.328571428571426,11.742857142857144,181.3,14.146428571428572,24.432142857142857
2003-03-01,22.799999999999997,23.374193548387098,8.87741935483871,136.9,12.62258064516129,18.096774193548388
2003-04-01,22.6,21.64333333333333,7.5,86.3,11.76,13.543333333333333
2003-05-01,36.2,17.27741935483871,5.767741935483872,49.8,10.141935483870967,8.519354838709678
2003-06-01,129.8,13.56,6.033333333333333,41.6,9.95,6.2266666666666675
2003-07-01,70.0,13.261290322580646,4.512903225806451,45.4,8.816129032258065,8.09032258064516
2003-08-01,86.2,13.138709677419355,4.083870967741936,59.0,8.812903225806451,10.154838709677419
2003-09-01,80.6,15.233333333333333,4.663333333333333,81.6,9.843333333333334,14.66
2003-10-01,65.9,16.406451612903226,5.267741935483872,103.0,9.94516129032258,18.23548387096774
2003-11-01,23.0,23.90666666666667,8.063333333333334,175.1,10.846666666666666,26.983333333333334
2003-12-01,27.8,28.01290322580645,10.990322580645161,211.4,12.393548387096773,25.874193548387098
2004-01-01,22.6,24.270967741935483,8.625806451612902,184.3,12.025806451612903,25.251612903225805
2004-02-01,9.2,29.175862068965518,11.020689655172415,192.6,12.568965517241379,23.889655172413793
2004-03-01,27.599999999999998,24.725806451612904,8.012903225806452,156.0,10.883870967741935,19.848387096774193
2004-04-01,19.2,21.123333333333335,7.41,87.7,11.09,13.163333333333332
2004-05-01,43.2,16.425806451612903,5.061290322580645,52.6,10.361290322580645,8.361290322580645
2004-06-01,121.6,13.606666666666666,6.1866666666666665,43.0,9.873333333333333,5.89
2004-07-01,71.0,12.364516129032259,4.422580645161291,41.5,9.129032258064516,6.84516129032258
2004-08-01,106.0,14.261290322580646,5.419354838709677,62.0,9.387096774193548,9.66451612903226
2004-09-01,40.6,15.906666666666666,6.23,67.7,10.393333333333334,13.306666666666667
2004-10-01,22.400000000000002,20.980645161290322,6.380645161290323,145.2,10.54516129032258,21.093548387096774
2004-11-01,64.3,22.486666666666668,8.086666666666666,154.0,11.166666666666666,22.34
2004-12-01,25.4,27.016129032258064,10.993548387096775,196.4,12.193548387096774,25.44516129032258
2005-01-01,20.6,28.329032258064515,11.325806451612904,219.7,12.567741935483872,26.62258064516129
2005-02-01,28.0,25.425,10.475,147.1,12.439285714285715,21.582142857142856
2005-03-01,6.6,24.677419354838708,8.729032258064517,149.8,11.370967741935484,19.270967741935483
2005-04-01,12.8,24.58,8.993333333333334,117.6,10.766666666666667,14.186666666666667
2005-05-01,16.2,18.003225806451614,5.04516129032258,59.3,9.980645161290322,9.490322580645161
2005-06-01,79.8,15.426666666666668,4.8133333333333335,44.0,9.513333333333332,7.3966666666666665
2005-07-01,36.8,13.751612903225807,4.187096774193549,34.6,9.716129032258063,6.97741935483871
2005-08-01,83.8,14.958064516129031,5.509677419354839,68.3,9.40967741935484,9.893548387096773
2005-09-01,46.2,16.553333333333335,6.180000000000001,79.8,10.483333333333333,14.896666666666667
2005-10-01,73.4,19.238709677419354,7.912903225806452,114.89999999999999,11.703225806451613,19.10967741935484
2005-11-01,29.799999999999997,23.696666666666665,9.629999999999999,154.1,12.133333333333333,24.313333333333333
2005-12-01,52.599999999999994,27.42258064516129,10.64516129032258,209.6,11.619354838709677,26.067741935483873
2006-01-01,25.000000000000004,30.748387096774195,14.125806451612904,233.4,13.758064516129032,25.625806451612902
2006-02-01,27.9,26.460714285714285,11.203571428571427,163.0,13.307142857142859,25.139285714285712
2006-03-01,20.4,27.932258064516127,11.290322580645162,170.3,12.422580645161291,20.503225806451614
2006-04-01,42.8,17.886666666666667,7.416666666666667,70.0,10.496666666666666,10.323333333333332
2006-05-01,40.0,14.787096774193548,5.032258064516129,37.0,10.254838709677419,7.416129032258064
2006-06-01,8.9,13.853333333333333,2.013333333333333,33.3,8.326666666666666,6.983333333333333
2006-07-01,48.599999999999994,12.94516129032258,3.838709677419355,37.5,8.748387096774193,6.716129032258064
2006-08-01,27.4,15.874193548387098,4.248387096774193,67.2,9.406451612903227,11.461290322580645
2006-09-01,34.7,18.240000000000002,6.383333333333334,108.0,9.483333333333333,16.503333333333334
2006-10-01,6.4,22.519354838709678,5.52258064516129,178.8,8.070967741935483,24.774193548387096
2006-11-01,9.4,25.583333333333332,8.966666666666667,196.2,9.663333333333332,25.82
2006-12-01,8.8,27.083870967741937,9.26774193548387,237.9,9.429032258064517,27.345161290322583
2007-01-01,100.8,28.580645161290324,13.993548387096775,226.3,14.287096774193548,25.603225806451615
2007-02-01,5.0,31.275000000000002,14.360714285714286,198.7,14.771428571428572,25.717857142857145
2007-03-01,12.0,26.041935483870965,11.241935483870968,165.5,12.819354838709677,18.45483870967742
2007-04-01,41.6,23.0,10.020000000000001,106.8,11.33,12.876666666666667
2007-05-01,94.6,17.758064516129032,9.654838709677419,60.5,12.374193548387098,7.9
2007-06-01,20.9,12.276666666666667,3.5966666666666667,30.6,9.0,6.683333333333334
2007-07-01,87.5,13.009677419354839,4.506451612903225,41.3,9.02258064516129,7.890322580645161
2007-08-01,30.5,15.441935483870967,5.34516129032258,68.0,9.76774193548387,11.538709677419355
2007-09-01,50.6,17.37,6.116666666666666,100.6,9.806666666666667,14.696666666666665
2007-10-01,19.6,20.03548387096774,6.687096774193549,129.1,10.203225806451613,19.33225806451613
2007-11-01,46.8,25.813333333333333,10.186666666666667,160.3,12.53,26.743333333333332
2007-12-01,36.0,28.0258064516129,11.041935483870969,214.3,11.748387096774193,26.345161290322583
2008-01-01,17.6,29.4741935483871,12.98709677419355,235.0,12.838709677419354,28.448387096774194
2008-02-01,5.8,26.317241379310346,11.086206896551724,178.5,12.217241379310344,24.52758620689655
2008-03-01,23.6,29.04516129032258,11.62258064516129,187.1,11.303225806451612,18.038709677419355
2008-04-01,29.7,20.563333333333333,7.4766666666666675,83.4,10.566666666666666,12.283333333333333
2008-05-01,58.800000000000004,16.55483870967742,7.212903225806452,42.6,11.16451612903226,7.661290322580645
2008-06-01,33.4,14.91,6.793333333333334,40.0,10.353333333333333,6.416666666666667
2008-07-01,66.2,12.416129032258064,4.348387096774194,42.7,8.506451612903225,6.72258064516129
2008-08-01,65.4,12.741935483870968,3.851612903225807,46.3,9.148387096774194,9.490322580645161
2008-09-01,60.2,16.82,5.426666666666667,93.1,9.610000000000001,15.633333333333333
2008-10-01,15.0,21.635483870967743,6.835483870967742,142.3,9.916129032258064,19.190322580645162
2008-11-01,21.0,22.866666666666667,9.456666666666667,154.0,10.51,22.096666666666668
2008-12-01,95.80000000000001,23.161290322580644,10.558064516129033,165.5,11.754838709677419,24.5
2009-01-01,0.0,30.280645161290323,11.641935483870967,257.1,11.2,31.135483870967743
2009-02-01,0.0,30.09642857142857,12.817857142857141,204.1,11.87857142857143,24.357142857142858
2009-03-01,27.7,25.125806451612902,9.654838709677419,131.4,12.758064516129032,17.36774193548387
2009-04-01,40.0,20.513333333333332,8.066666666666666,85.3,11.373333333333333,12.46
2009-05-01,34.4,16.725806451612904,7.04516129032258,41.2,11.577419354838709,7.696774193548387
2009-06-01,36.4,14.013333333333332,5.48,32.6,9.85,6.516666666666667
2009-07-01,89.3,13.53225806451613,5.303225806451613,40.1,9.235483870967743,6.922580645161291
2009-08-01,104.2,15.274193548387096,6.6,67.2,9.993548387096775,10.100000000000001
2009-09-01,71.4,16.763333333333332,6.35,80.7,10.71,12.846666666666666
2009-10-01,41.2,19.13225806451613,6.896774193548387,110.6,10.861290322580645,20.396774193548385
2009-11-01,36.0,28.43,12.446666666666665,178.3,13.813333333333333,23.21333333333333
2009-12-01,31.0,27.225806451612904,10.619354838709677,206.5,12.174193548387096,27.774193548387096
2010-01-01,23.1,29.580645161290324,11.329032258064515,218.4,11.970967741935485,28.14516129032258
2010-02-01,56.8,30.035714285714285,14.257142857142856,176.6,14.864285714285714,23.914285714285715
2010-03-01,31.9,26.03548387096774,11.59032258064516,131.9,13.19032258064516,16.896774193548385
2010-04-01,55.2,20.686666666666667,10.79,68.5,13.49,10.82
2010-05-01,42.3,16.65806451612903,6.129032258064516,40.3,11.274193548387096,8.135483870967741
2010-06-01,70.2,13.396666666666667,4.073333333333333,27.5,9.473333333333333,6.4366666666666665
2010-07-01,44.2,13.17741935483871,3.7870967741935484,32.7,9.22258064516129,6.648387096774194
2010-08-01,132.6,12.761290322580646,4.751612903225807,50.3,9.151612903225805,9.17741935483871
2010-09-01,67.1,14.786666666666667,6.336666666666667,60.1,10.496666666666666,13.396666666666667
2010-10-01,33.0,19.80322580645161,7.370967741935484,114.3,10.667741935483871,19.838709677419356
2010-11-01,62.0,22.586666666666666,9.82,128.3,12.3,20.720000000000002
2010-12-01,156.7,24.741935483870968,11.37741935483871,165.4,13.76774193548387,26.003225806451614
2011-01-01,119.8,27.309677419354838,13.103225806451613,181.4,14.390322580645162,25.58709677419355
2011-02-01,66.0,26.207142857142856,13.271428571428572,128.0,15.239285714285714,20.49642857142857
2011-03-01,82.4,22.364516129032257,11.019354838709678,108.9,13.574193548387097,16.329032258064515
2011-04-01,34.3,19.759999999999998,8.696666666666665,71.5,12.453333333333335,11.646666666666667
2011-05-01,40.8,15.193548387096774,6.774193548387097,44.1,10.574193548387097,7.300000000000001
2011-06-01,56.2,14.51,5.046666666666667,38.2,9.74,6.8133333333333335
2011-07-01,89.8,13.27741935483871,5.164516129032258,40.6,9.358064516129033,6.612903225806452
2011-08-01,84.4,15.787096774193548,6.519354838709678,58.4,10.574193548387097,10.225806451612904
2011-09-01,32.6,17.67,6.55,94.6,10.66,14.313333333333333
2011-10-01,35.2,20.238709677419354,8.706451612903225,114.4,11.238709677419354,17.370967741935484
2011-11-01,21.400000000000002,24.733333333333334,10.083333333333334,146.0,13.016666666666667,21.266666666666666
2011-12-01,21.900000000000002,27.4,10.806451612903226,193.2,12.390322580645162,28.31935483870968
2012-01-01,9.4,30.193548387096776,13.961290322580645,244.0,12.848387096774195,27.570967741935487
2012-02-01,3.4,28.47241379310345,13.262068965517242,174.1,13.63103448275862,22.375862068965517
2012-03-01,48.6,24.048387096774192,11.151612903225805,144.5,13.316129032258065,16.087096774193547
2012-04-01,23.2,22.27,9.033333333333333,111.3,12.113333333333333,12.586666666666668
2012-05-01,27.0,16.483870967741936,6.496774193548387,61.6,10.948387096774193,8.103225806451613
2012-06-01,81.6,13.313333333333333,4.533333333333333,40.8,9.5,6.136666666666667
2012-07-01,71.5,13.383870967741935,5.319354838709677,36.3,10.187096774193549,6.641935483870968
2012-08-01,84.3,13.883870967741935,4.970967741935484,61.6,9.719354838709679,9.87741935483871
2012-09-01,41.1,17.029999999999998,6.040000000000001,93.4,10.266666666666667,15.326666666666666
2012-10-01,33.6,19.687096774193545,6.103225806451612,122.3,10.038709677419355,17.938709677419357
2012-11-01,15.0,24.993333333333332,9.22,174.5,11.110000000000001,24.470000000000002
2012-12-01,21.2,26.870967741935484,10.893548387096773,210.0,11.580645161290322,26.248387096774195
2013-01-01,0.6,29.312903225806455,11.5,243.4,11.44516129032258,28.661290322580644
2013-02-01,19.0,29.946428571428573,13.810714285714285,197.2,14.078571428571427,24.217857142857145
2013-03-01,9.2,27.45483870967742,13.32258064516129,171.8,12.51290322580645,17.1
2013-04-01,31.8,21.94,8.47,90.0,12.180000000000001,12.723333333333333
2013-05-01,39.3,17.532258064516128,6.948387096774193,60.7,10.59032258064516,8.429032258064517
2013-06-01,67.9,14.29,5.403333333333333,31.7,9.879999999999999,6.383333333333334
2013-07-01,119.5,13.87741935483871,5.867741935483871,41.6,10.26774193548387,6.77741935483871
2013-08-01,145.5,14.787096774193548,6.529032258064516,62.8,10.548387096774194,9.925806451612903
2013-09-01,56.0,18.403333333333332,8.49,87.4,11.673333333333334,13.193333333333333
2013-10-01,58.0,18.425806451612903,7.664516129032258,122.3,10.329032258064515,17.58709677419355
2013-11-01,9.6,21.540000000000003,8.056666666666667,142.4,10.773333333333333,22.826666666666664
2013-12-01,13.799999999999999,26.65806451612903,9.883870967741935,198.5,11.548387096774194,26.393548387096775
2014-01-01,33.8,30.980645161290322,13.583870967741936,243.7,11.812903225806451,28.148387096774194
2014-02-01,4.8,29.45,12.521428571428572,193.0,12.785714285714286,22.839285714285715
2014-03-01,23.7,25.838709677419356,10.04516129032258,134.3,13.196774193548388,16.64516129032258
2014-04-01,42.6,21.283333333333335,9.43,84.5,12.853333333333333,10.966666666666667
2014-05-01,44.5,18.596774193548388,8.59032258064516,52.8,12.148387096774194,7.951612903225806
2014-06-01,102.5,14.15,6.6,34.5,10.656666666666666,5.583333333333333
2014-07-01,67.0,12.94516129032258,4.890322580645161,43.1,9.706451612903225,6.648387096774194
2014-08-01,29.200000000000003,15.287096774193548,3.725806451612903,50.9,9.370967741935484,10.76774193548387
2014-09-01,29.5,18.459999999999997,6.176666666666667,97.2,10.586666666666668,15.173333333333334
2014-10-01,12.4,23.148387096774194,7.422580645161291,152.9,10.422580645161291,19.490322580645163
2014-11-01,20.6,25.779999999999998,8.613333333333333,187.8,10.22,22.006666666666668
2014-12-01,12.399999999999999,26.503225806451614,10.303225806451612,196.3,12.735483870967743,25.767741935483873
