date,rainfall_mm,TMax,TMin,Evap,VP,Rad
1889-01-01,59.2,26.948387096774194,14.738709677419354,167.9,17.016129032258064,22.338709677419356
1889-02-01,86.10000000000001,25.974999999999998,14.210714285714285,135.3,17.4,19.932142857142857
1889-03-01,1.0,25.516129032258064,13.05483870967742,112.8,15.506451612903225,16.406451612903226
1889-04-01,57.50000000000001,21.32,11.476666666666667,75.1,14.396666666666667,12.270000000000001
1889-05-01,117.5,18.251612903225805,9.035483870967743,52.9,11.741935483870968,8.658064516129032
1889-06-01,149.4,15.110000000000001,6.95,43.7,10.01,7.11
1889-07-01,30.7,15.109677419354838,4.638709677419355,50.8,9.100000000000001,8.067741935483872
1889-08-01,20.0,16.161290322580644,5.945161290322581,65.0,9.641935483870967,10.948387096774193
1889-09-01,46.0,17.94,6.933333333333334,87.6,10.896666666666667,14.74
1889-10-01,56.6,20.990322580645163,9.858064516129033,114.2,13.403225806451612,18.23225806451613
1889-11-01,58.7,22.793333333333333,11.806666666666667,133.5,15.110000000000001,20.96333333333333
1889-12-01,25.6,25.429032258064513,13.370967741935484,160.0,16.34516129032258,22.651612903225807
1890-01-01,40.4,27.780645161290323,15.325806451612904,167.9,18.06451612903226,22.593548387096774
1890-02-01,56.599999999999994,26.282142857142855,15.092857142857143,135.3,18.707142857142856,20.139285714285712
1890-03-01,42.5,24.4,13.44516129032258,112.8,17.164516129032258,16.4
1890-04-01,25.1,21.653333333333332,9.823333333333332,75.1,13.816666666666666,12.58
1890-05-01,116.1,18.551612903225806,8.112903225806452,52.9,11.570967741935483,8.69032258064516
1890-06-01,183.7,15.816666666666666,7.423333333333333,43.7,10.68,7.1466666666666665
1890-07-01,114.6,14.406451612903227,4.409677419354838,50.8,9.067741935483872,8.14516129032258
1890-08-01,79.3,15.751612903225807,5.158064516129032,65.0,9.535483870967743,10.845161290322581
1890-09-01,46.7,18.68,7.193333333333333,87.6,11.206666666666667,14.543333333333333
1890-10-01,116.80000000000001,20.30322580645161,8.46774193548387,114.2,12.251612903225807,18.4
1890-11-01,63.2,21.736666666666668,10.413333333333332,133.5,14.013333333333332,21.30666666666667
1890-12-01,79.7,23.63225806451613,11.64516129032258,160.0,15.451612903225806,22.741935483870968
1891-01-01,85.2,25.51290322580645,13.077419354838709,167.9,17.55483870967742,22.81935483870968
1891-02-01,35.1,25.410714285714285,12.385714285714286,135.3,16.867857142857144,20.439285714285713
1891-03-01,15.5,25.151612903225807,12.587096774193547,112.8,16.370967741935484,16.638709677419353
1891-04-01,55.6,20.726666666666667,9.813333333333333,75.1,13.933333333333334,12.443333333333333
1891-05-01,79.0,18.651612903225807,7.058064516129033,52.9,11.2,8.932258064516128
1891-06-01,228.3,15.370000000000001,6.83,43.7,10.446666666666665,7.196666666666667
1891-07-01,125.3,14.97741935483871,5.206451612903226,50.8,9.332258064516129,8.25483870967742
1891-08-01,95.7,16.37741935483871,5.593548387096774,65.0,9.80967741935484,11.100000000000001
1891-09-01,73.4,18.67,7.126666666666667,87.6,11.020000000000001,14.996666666666666
1891-10-01,54.2,20.312903225806455,8.86774193548387,114.2,12.558064516129033,18.429032258064513
1891-11-01,87.6,22.459999999999997,10.870000000000001,133.5,14.706666666666667,21.396666666666665
1891-12-01,48.199999999999996,24.40967741935484,12.503225806451614,160.0,15.164516129032258,22.919354838709676
1892-01-01,157.2,25.9741935483871,13.016129032258064,167.9,16.606451612903225,22.648387096774194
1892-02-01,6.8,26.982758620689655,14.058620689655172,139.8,17.782758620689656,20.482758620689655
1892-03-01,26.3,25.516129032258064,13.374193548387098,112.8,16.65806451612903,16.158064516129034
1892-04-01,161.5,20.626666666666665,9.186666666666667,75.1,12.946666666666665,12.29
1892-05-01,47.3,17.677419354838708,7.161290322580645,52.9,11.32258064516129,8.719354838709679
1892-06-01,11.9,15.096666666666666,5.3933333333333335,43.7,9.616666666666667,7.213333333333334
1892-07-01,39.8,15.064516129032258,4.077419354838709,50.8,8.887096774193548,8.241935483870968
1892-08-01,49.7,16.15806451612903,5.183870967741935,65.0,9.619354838709677,11.041935483870969
1892-09-01,103.2,17.833333333333332,6.953333333333333,87.6,11.17,14.85
1892-10-01,119.7,19.9,8.709677419354838,114.2,12.993548387096775,18.506451612903227
1892-11-01,103.19999999999999,22.80666666666667,11.086666666666668,133.5,15.28,21.683333333333334
1892-12-01,33.3,23.519354838709678,11.535483870967743,160.0,15.080645161290322,22.906451612903226
1893-01-01,75.9,25.88064516129032,13.058064516129033,167.9,16.216129032258063,22.52258064516129
1893-02-01,0.0,26.775000000000002,13.657142857142857,135.3,17.15357142857143,20.285714285714285
1893-03-01,111.0,24.838709677419356,12.53225806451613,112.8,15.922580645161291,16.438709677419357
1893-04-01,114.2,20.333333333333332,9.573333333333332,75.1,13.59,12.520000000000001
1893-05-01,94.0,18.048387096774192,8.190322580645162,52.9,11.361290322580645,8.729032258064517
1893-06-01,31.2,14.68,6.14,43.7,9.8,7.2266666666666675
1893-07-01,139.9,14.774193548387096,4.616129032258065,50.8,9.087096774193547,8.219354838709679
1893-08-01,20.5,16.506451612903227,5.158064516129032,65.0,9.567741935483872,11.096774193548388
1893-09-01,73.19999999999999,18.283333333333335,7.08,87.6,10.76,14.886666666666667
1893-10-01,47.8,21.225806451612904,9.525806451612903,114.2,12.803225806451612,18.72258064516129
1893-11-01,91.8,22.116666666666667,11.016666666666667,133.5,14.783333333333333,21.42
1893-12-01,372.8,24.916129032258063,12.612903225806452,160.0,15.325806451612904,23.051612903225806
1894-01-01,76.0,26.35483870967742,14.73225806451613,167.9,17.261290322580646,22.532258064516128
1894-02-01,28.4,25.675,13.671428571428573,135.3,16.87857142857143,20.478571428571428
1894-03-01,39.9,23.79032258064516,13.293548387096775,112.8,16.845161290322583,16.480645161290322
1894-04-01,74.2,21.173333333333336,10.69,75.1,14.186666666666667,12.54
1894-05-01,9.7,17.37741935483871,6.938709677419355,52.9,10.712903225806452,9.035483870967743
1894-06-01,114.6,15.603333333333333,6.54,43.7,9.976666666666667,7.426666666666667
1894-07-01,48.4,14.077419354838709,4.558064516129033,50.8,8.648387096774194,8.141935483870968
1894-08-01,22.9,15.764516129032257,5.680645161290323,65.0,9.370967741935484,10.951612903225806
1894-09-01,71.0,17.666666666666668,6.79,87.6,10.636666666666667,14.856666666666666
1894-10-01,64.8,20.95483870967742,10.061290322580644,114.2,13.396774193548387,18.43548387096774
1894-11-01,17.0,24.423333333333336,11.606666666666666,133.5,14.633333333333333,21.476666666666667
1894-12-01,87.1,24.174193548387095,13.890322580645162,160.0,16.44516129032258,22.648387096774194
1895-01-01,7.6,25.299999999999997,14.14516129032258,167.9,17.5,22.874193548387098
1895-02-01,24.6,26.460714285714285,14.332142857142857,135.3,17.41785714285714,20.535714285714285
1895-03-01,41.9,24.39032258064516,12.383870967741935,112.8,15.5,16.493548387096773
1895-04-01,42.699999999999996,21.86,10.0,75.1,13.21,12.603333333333333
1895-05-01,32.599999999999994,17.516129032258064,7.135483870967741,52.9,10.735483870967743,8.858064516129033
1895-06-01,107.4,15.613333333333333,5.483333333333333,43.7,9.35,7.319999999999999
1895-07-01,27.0,14.125806451612902,3.458064516129032,50.8,8.22258064516129,8.229032258064516
1895-08-01,72.6,16.716129032258067,5.883870967741935,65.0,9.319354838709677,10.96774193548387
1895-09-01,134.6,18.633333333333333,6.7,87.6,10.42,15.106666666666666
1895-10-01,6.1,22.241935483870968,9.551612903225807,114.2,12.896774193548387,19.019354838709678
1895-11-01,0.0,23.14,10.8,133.5,14.106666666666666,22.013333333333332
1895-12-01,73.60000000000001,24.90967741935484,13.40967741935484,160.0,16.232258064516127,23.270967741935483
1896-01-01,46.3,27.858064516129033,15.306451612903226,167.9,17.858064516129033,22.729032258064517
1896-02-01,43.400000000000006,25.117241379310343,14.99655172413793,139.8,18.148275862068964,19.53448275862069
1896-03-01,35.6,23.793548387096774,12.519354838709678,112.8,15.55483870967742,16.36774193548387
1896-04-01,2.5,20.736666666666668,9.293333333333333,75.1,13.076666666666666,12.520000000000001
1896-05-01,100.8,17.287096774193547,7.319354838709677,52.9,10.925806451612903,8.896774193548387
1896-06-01,314.4,14.343333333333334,5.463333333333334,43.7,9.389999999999999,7.543333333333334
1896-07-01,44.699999999999996,13.745161290322581,3.832258064516129,50.8,8.351612903225806,8.393548387096773
1896-08-01,289.2,15.441935483870967,4.819354838709677,65.0,9.141935483870967,11.154838709677419
1896-09-01,207.6,18.273333333333333,6.456666666666666,87.6,10.42,15.313333333333333
1896-10-01,16.0,22.703225806451613,9.587096774193547,114.2,12.687096774193549,19.283870967741933
1896-11-01,72.5,23.933333333333334,11.49,133.5,14.646666666666667,22.173333333333336
1896-12-01,54.400000000000006,26.029032258064515,13.7,160.0,16.361290322580643,23.39032258064516
1897-01-01,259.8,25.46451612903226,13.600000000000001,167.9,16.74516129032258,22.62258064516129
1897-02-01,294.6,25.55,13.957142857142857,135.3,16.742857142857144,20.09642857142857
1897-03-01,54.199999999999996,22.845161290322583,10.838709677419354,112.8,14.374193548387096,16.56451612903226
1897-04-01,70.69999999999999,22.35,9.736666666666668,75.1,13.026666666666667,12.426666666666668
1897-05-01,115.4,17.75483870967742,6.203225806451614,52.9,9.787096774193548,8.73225806451613
1897-06-01,9.7,16.093333333333334,6.27,43.7,9.803333333333335,7.083333333333333
1897-07-01,22.099999999999998,15.290322580645162,5.648387096774194,50.8,9.47741935483871,8.193548387096774
1897-08-01,60.4,15.64516129032258,4.748387096774193,65.0,9.348387096774195,11.035483870967743
1897-09-01,40.199999999999996,19.19333333333333,7.003333333333333,87.6,10.993333333333334,14.893333333333334
1897-10-01,71.3,20.225806451612904,8.2,114.2,12.074193548387097,18.825806451612905
1897-11-01,24.0,24.703333333333333,11.636666666666667,133.5,14.543333333333333,21.59333333333333
1897-12-01,25.5,26.60967741935484,13.993548387096775,160.0,15.7,22.95483870967742
1898-01-01,6.9,28.01290322580645,15.025806451612903,167.9,16.796774193548387,23.238709677419354
1898-02-01,121.19999999999999,28.189285714285713,15.835714285714285,135.3,17.460714285714285,20.635714285714283
1898-03-01,12.5,25.04516129032258,13.04516129032258,112.8,15.01290322580645,16.91290322580645
1898-04-01,16.5,21.153333333333332,9.583333333333334,75.1,12.623333333333333,12.616666666666667
1898-05-01,118.3,16.683870967741935,6.806451612903226,52.9,9.80967741935484,8.916129032258064
1898-06-01,38.5,15.226666666666667,6.516666666666667,43.7,9.853333333333333,7.346666666666667
1898-07-01,45.699999999999996,15.029032258064515,4.948387096774193,50.8,8.62258064516129,8.287096774193548
1898-08-01,39.6,16.90967741935484,6.058064516129033,65.0,9.458064516129031,11.01290322580645
1898-09-01,54.7,19.016666666666666,7.696666666666667,87.6,10.876666666666667,14.94
1898-10-01,42.8,22.10967741935484,9.59032258064516,114.2,12.206451612903225,18.96451612903226
1898-11-01,29.8,22.5,11.21,133.5,13.56,21.473333333333336
1898-12-01,33.199999999999996,25.312903225806455,12.583870967741936,160.0,14.80967741935484,23.43548387096774
1899-01-01,117.4,24.316129032258065,12.903225806451612,167.9,15.093548387096773,22.496774193548386
1899-02-01,0.0,27.110714285714288,14.625,135.3,17.0,20.392857142857142
1899-03-01,21.1,25.33225806451613,12.858064516129033,112.8,15.33548387096774,16.45483870967742
1899-04-01,280.6,21.583333333333332,10.733333333333333,75.1,13.733333333333333,12.516666666666667
1899-05-01,85.1,17.458064516129035,7.0,52.9,10.464516129032257,8.870967741935484
1899-06-01,105.9,14.756666666666666,5.946666666666667,43.7,9.613333333333333,7.303333333333333
1899-07-01,105.6,14.77741935483871,3.6806451612903226,50.8,8.44516129032258,8.399999999999999
1899-08-01,116.1,16.31935483870968,5.425806451612903,65.0,9.296774193548387,11.148387096774194
1899-09-01,31.799999999999997,20.123333333333335,8.153333333333332,87.6,11.183333333333334,14.823333333333332
1899-10-01,94.5,19.98709677419355,7.941935483870967,114.2,11.419354838709678,18.919354838709676
1899-11-01,26.4,22.523333333333333,11.243333333333334,133.5,14.326666666666666,21.37
1899-12-01,20.6,26.60967741935484,13.53225806451613,160.0,15.261290322580646,23.125806451612902
1900-01-01,67.3,27.567741935483873,15.058064516129033,167.9,16.603225806451615,22.77741935483871
1900-02-01,8.8,27.99285714285714,14.775,135.3,17.22142857142857,20.735714285714288
1900-03-01,98.8,23.993548387096773,12.925806451612903,112.8,16.225806451612904,16.67096774193548
1900-04-01,126.39999999999999,19.34333333333333,9.743333333333334,75.1,13.49,12.446666666666665
1900-05-01,94.8,17.06451612903226,7.825806451612903,52.9,11.119354838709677,8.725806451612904
1900-06-01,59.6,15.706666666666667,6.73,43.7,10.1,7.34
1900-07-01,52.0,14.22258064516129,4.616129032258065,50.8,8.696774193548388,8.248387096774193
1900-08-01,23.599999999999998,15.480645161290322,4.974193548387096,65.0,9.009677419354839,10.980645161290322
1900-09-01,52.8,17.529999999999998,7.02,87.6,10.806666666666667,14.76
1900-10-01,13.200000000000001,21.125806451612902,8.387096774193548,114.2,12.241935483870968,18.780645161290323
1900-11-01,30.0,23.84,11.28,133.5,15.120000000000001,21.663333333333334
1900-12-01,38.0,25.019354838709678,12.932258064516128,160.0,16.329032258064515,23.029032258064515
1901-01-01,105.4,25.229032258064517,12.86774193548387,167.9,15.816129032258065,23.225806451612904
1901-02-01,8.8,26.910714285714285,14.671428571428573,135.3,16.87857142857143,20.87142857142857
1901-03-01,42.7,24.393548387096775,12.64516129032258,112.8,15.341935483870968,17.009677419354837
1901-04-01,156.8,20.476666666666667,9.733333333333333,75.1,12.9,12.82
1901-05-01,18.0,18.625806451612902,7.264516129032257,52.9,10.680645161290323,9.112903225806452
1901-06-01,80.8,13.81,4.303333333333333,43.7,8.536666666666667,7.496666666666667
1901-07-01,66.5,13.864516129032259,3.8193548387096774,50.8,8.025806451612903,8.393548387096773
1901-08-01,78.1,15.75483870967742,5.199999999999999,65.0,9.064516129032258,11.203225806451613
1901-09-01,26.7,19.316666666666666,8.056666666666667,87.6,11.223333333333333,15.120000000000001
1901-10-01,50.5,20.106451612903225,8.887096774193548,114.2,12.174193548387096,19.335483870967742
1901-11-01,33.8,24.46333333333333,12.173333333333334,133.5,14.716666666666667,22.10666666666667
1901-12-01,23.799999999999997,25.55806451612903,12.845161290322581,160.0,15.129032258064516,23.848387096774193
1902-01-01,59.9,25.96451612903226,13.525806451612903,167.9,16.393548387096775,23.312903225806455
1902-02-01,7.1,25.146428571428572,12.803571428571429,135.3,15.689285714285715,21.107142857142858
1902-03-01,149.5,23.92258064516129,11.570967741935483,112.8,14.238709677419354,17.23548387096774
1902-04-01,52.8,21.816666666666666,9.273333333333333,75.1,12.51,13.110000000000001
1902-05-01,5.6,18.906451612903226,6.851612903225806,52.9,10.30967741935484,9.329032258064515
1902-06-01,127.60000000000001,15.256666666666666,5.14,43.7,9.096666666666666,7.576666666666667
1902-07-01,93.39999999999999,15.812903225806451,4.254838709677419,50.8,8.438709677419356,8.538709677419355
1902-08-01,8.399999999999999,16.048387096774192,3.9419354838709677,65.0,8.548387096774194,11.364516129032259
1902-09-01,61.9,18.833333333333332,6.956666666666666,87.6,10.389999999999999,15.293333333333333
1902-10-01,105.0,21.703225806451613,9.64516129032258,114.2,12.280645161290321,19.325806451612905
1902-11-01,28.4,25.293333333333333,12.793333333333333,133.5,14.626666666666667,22.11
1902-12-01,150.6,24.309677419354838,13.106451612903227,160.0,15.770967741935483,23.061290322580643
1903-01-01,38.6,26.283870967741933,13.52258064516129,167.9,15.816129032258065,23.112903225806452
1903-02-01,7.8999999999999995,26.085714285714285,13.842857142857143,135.3,16.010714285714286,20.460714285714285
1903-03-01,41.0,25.003225806451614,13.583870967741936,112.8,16.719354838709677,16.983870967741936
1903-04-01,112.7,21.263333333333332,10.266666666666667,75.1,13.373333333333333,12.806666666666667
1903-05-01,77.9,17.16774193548387,7.267741935483872,52.9,10.874193548387098,8.816129032258065
1903-06-01,48.4,14.66,5.180000000000001,43.7,9.08,7.296666666666667
1903-07-01,78.4,14.496774193548386,4.606451612903226,50.8,8.803225806451612,8.351612903225806
1903-08-01,8.9,16.025806451612905,4.47741935483871,65.0,8.845161290322581,11.016129032258064
1903-09-01,195.5,18.316666666666666,7.3533333333333335,87.6,10.72,14.986666666666668
1903-10-01,51.0,21.02258064516129,9.438709677419356,114.2,12.864516129032259,18.870967741935484
1903-11-01,68.19999999999999,22.726666666666667,11.46,133.5,14.463333333333333,21.583333333333332
1903-12-01,55.5,23.61935483870968,12.73225806451613,160.0,15.438709677419356,23.280645161290323
1904-01-01,61.8,25.74516129032258,14.087096774193547,167.9,16.37741935483871,22.806451612903224
1904-02-01,99.1,24.76206896551724,13.624137931034484,139.8,15.89655172413793,20.389655172413793
1904-03-01,18.6,22.883870967741935,11.396774193548387,112.8,14.541935483870969,16.461290322580645
1904-04-01,16.7,22.516666666666666,10.383333333333333,75.1,13.879999999999999,12.706666666666667
1904-05-01,101.6,18.806451612903224,7.82258064516129,52.9,11.380645161290323,8.85483870967742
1904-06-01,69.89999999999999,14.986666666666668,4.943333333333333,43.7,9.0,7.4366666666666665
1904-07-01,51.3,14.893548387096773,4.858064516129032,50.8,8.951612903225806,8.26774193548387
1904-08-01,32.0,16.406451612903226,4.725806451612903,65.0,9.125806451612902,11.187096774193549
1904-09-01,73.9,17.613333333333333,5.526666666666666,87.6,10.096666666666666,15.623333333333333
1904-10-01,42.8,20.83225806451613,8.719354838709679,114.2,12.703225806451613,19.241935483870968
1904-11-01,28.4,22.996666666666666,10.51,133.5,14.22,22.30666666666667
1904-12-01,9.899999999999999,25.461290322580645,12.583870967741936,160.0,15.706451612903225,23.51290322580645
1905-01-01,110.0,27.496774193548386,14.887096774193548,167.9,17.13225806451613,22.661290322580644
1905-02-01,71.0,25.2,13.182142857142859,135.3,16.314285714285713,20.285714285714285
1905-03-01,1.5,24.35483870967742,12.006451612903225,112.8,14.870967741935484,16.496774193548386
1905-04-01,11.0,21.17,10.7,75.1,14.49,12.406666666666666
1905-05-01,93.4,17.990322580645163,7.922580645161291,52.9,11.3,8.709677419354838
1905-06-01,51.8,15.116666666666667,6.236666666666666,43.7,9.74,7.176666666666667
1905-07-01,88.8,14.45483870967742,4.612903225806452,50.8,8.754838709677419,8.22258064516129
1905-08-01,73.2,16.322580645161292,4.429032258064517,65.0,8.803225806451612,11.061290322580644
1905-09-01,64.6,16.456666666666667,4.86,87.6,9.31,14.736666666666668
1905-10-01,286.9,18.309677419354838,6.767741935483872,114.2,11.070967741935483,18.364516129032257
1905-11-01,21.0,22.886666666666667,9.9,133.5,13.616666666666667,21.33
1905-12-01,119.1,24.470967741935485,11.899999999999999,160.0,15.919354838709678,23.0
1906-01-01,3.5999999999999996,28.203225806451613,14.45483870967742,167.9,16.90967741935484,22.89032258064516
1906-02-01,3.3,27.467857142857145,14.814285714285715,135.3,17.62857142857143,20.292857142857144
1906-03-01,253.99999999999997,23.177419354838708,12.219354838709679,112.8,15.780645161290321,16.33225806451613
1906-04-01,23.4,21.42,10.483333333333333,75.1,13.783333333333333,12.536666666666667
1906-05-01,29.7,18.080645161290324,7.961290322580646,52.9,11.258064516129032,8.793548387096775
1906-06-01,36.0,15.916666666666666,6.6466666666666665,43.7,9.99,7.260000000000001
1906-07-01,24.5,15.129032258064516,4.77741935483871,50.8,8.754838709677419,8.190322580645162
1906-08-01,72.9,15.94516129032258,4.922580645161291,65.0,9.100000000000001,10.829032258064515
1906-09-01,24.4,17.946666666666665,7.363333333333333,87.6,10.986666666666668,14.553333333333335
1906-10-01,122.0,20.25483870967742,8.98709677419355,114.2,12.587096774193547,18.345161290322583
1906-11-01,86.3,20.740000000000002,9.603333333333333,133.5,13.706666666666667,21.009999999999998
1906-12-01,82.8,24.34193548387097,12.345161290322581,160.0,15.880645161290323,22.58709677419355
1907-01-01,26.9,25.906451612903226,13.932258064516128,167.9,16.883870967741935,23.34193548387097
1907-02-01,16.7,25.635714285714283,12.65,135.3,15.89642857142857,20.857142857142858
1907-03-01,29.799999999999997,22.9741935483871,10.996774193548386,112.8,14.748387096774193,16.990322580645163
1907-04-01,48.0,20.30666666666667,8.983333333333333,75.1,12.6,12.95
1907-05-01,39.9,18.683870967741935,7.216129032258064,52.9,10.80967741935484,9.193548387096774
1907-06-01,92.5,15.006666666666666,5.1466666666666665,43.7,9.466666666666667,7.459999999999999
1907-07-01,15.8,14.806451612903226,3.8870967741935485,50.8,8.490322580645161,8.464516129032257
1907-08-01,29.2,16.612903225806452,5.33225806451613,65.0,9.261290322580646,11.280645161290321
1907-09-01,23.4,19.613333333333333,6.406666666666666,87.6,10.493333333333334,15.223333333333333
1907-10-01,41.900000000000006,20.69677419354839,8.0,114.2,11.59032258064516,19.02258064516129
1907-11-01,51.8,23.216666666666665,11.366666666666667,133.5,14.476666666666667,21.68
1907-12-01,54.6,25.129032258064516,12.451612903225806,160.0,15.016129032258064,23.393548387096775
1908-01-01,40.199999999999996,29.106451612903225,15.73225806451613,167.9,17.42258064516129,23.493548387096773
1908-02-01,48.0,25.95862068965517,14.324137931034482,139.8,17.23793103448276,20.13103448275862
1908-03-01,26.7,23.729032258064517,12.13225806451613,112.8,14.880645161290323,16.206451612903226
1908-04-01,31.0,20.990000000000002,9.623333333333333,75.1,12.816666666666666,12.336666666666668
1908-05-01,15.0,17.125806451612902,7.470967741935484,52.9,10.741935483870968,8.73225806451613
1908-06-01,82.4,13.333333333333334,4.52,43.7,8.813333333333333,7.306666666666667
1908-07-01,34.5,14.100000000000001,4.087096774193548,50.8,8.64516129032258,8.435483870967742
1908-08-01,50.0,15.316129032258065,4.674193548387097,65.0,8.974193548387097,11.193548387096774
1908-09-01,245.20000000000002,17.14333333333333,6.8966666666666665,87.6,10.139999999999999,14.9
1908-10-01,130.1,20.41290322580645,8.580645161290322,114.2,11.925806451612903,18.816129032258065
1908-11-01,36.0,23.616666666666667,12.31,133.5,14.18,21.94333333333333
1908-12-01,19.4,25.14516129032258,13.474193548387097,160.0,14.619354838709677,23.229032258064517
1909-01-01,64.6,24.870967741935484,14.170967741935485,167.9,15.23225806451613,22.64516129032258
1909-02-01,123.9,24.089285714285715,13.717857142857143,135.3,16.00357142857143,20.357142857142858
1909-03-01,61.4,23.11935483870968,12.793548387096775,112.8,15.635483870967741,16.703225806451613
1909-04-01,33.4,19.1,8.5,75.1,12.09,12.656666666666666
1909-05-01,24.5,16.822580645161292,7.83225806451613,52.9,11.077419354838709,8.370967741935484
1909-06-01,184.2,14.389999999999999,6.723333333333333,43.7,9.973333333333333,6.883333333333334
1909-07-01,90.6,13.941935483870967,4.609677419354839,50.8,8.761290322580646,8.216129032258063
1909-08-01,53.2,15.067741935483872,5.735483870967743,65.0,9.564516129032258,10.235483870967743
1909-09-01,55.699999999999996,17.573333333333334,6.913333333333333,87.6,10.826666666666666,15.346666666666666
1909-10-01,52.4,20.229032258064517,9.135483870967741,114.2,12.080645161290322,19.14516129032258
1909-11-01,9.9,22.65,10.813333333333333,133.5,12.853333333333333,22.043333333333333
1909-12-01,58.099999999999994,22.86774193548387,11.612903225806452,160.0,13.180645161290323,23.519354838709678
1910-01-01,110.9,24.65806451612903,14.696774193548388,167.9,16.364516129032257,22.370967741935484
1910-02-01,16.5,25.682142857142857,13.982142857142858,135.3,16.29642857142857,21.739285714285717
1910-03-01,27.6,23.76451612903226,12.938709677419356,112.8,15.62258064516129,16.774193548387096
1910-04-01,3.0999999999999996,21.55666666666667,9.886666666666667,75.1,12.879999999999999,13.706666666666667
1910-05-01,20.0,17.983870967741936,8.361290322580645,52.9,11.212903225806452,9.04516129032258
1910-06-01,98.9,15.173333333333334,6.843333333333333,43.7,10.216666666666667,7.4399999999999995
1910-07-01,83.39999999999999,14.358064516129033,5.645161290322581,50.8,9.341935483870968,8.229032258064516
1910-08-01,13.1,16.903225806451612,6.490322580645161,65.0,9.69032258064516,11.345161290322581
1910-09-01,92.4,18.05,8.203333333333333,87.6,11.33,15.123333333333333
1910-10-01,105.0,18.34193548387097,8.503225806451614,114.2,10.825806451612904,19.18064516129032
1910-11-01,75.0,21.706666666666667,11.283333333333333,133.5,13.196666666666665,22.283333333333335
1910-12-01,63.4,22.370967741935484,11.97741935483871,160.0,13.783870967741937,23.34193548387097
1911-01-01,198.6,23.509677419354837,14.203225806451613,167.9,16.470967741935485,22.719354838709677
1911-02-01,101.3,23.910714285714285,14.728571428571428,135.3,17.521428571428572,18.974999999999998
1911-03-01,179.4,22.470967741935485,12.938709677419356,112.8,15.596774193548388,16.051612903225806
1911-04-01,17.8,19.383333333333333,8.726666666666667,75.1,12.023333333333333,13.15
1911-05-01,98.0,17.448387096774194,8.735483870967743,52.9,11.393548387096773,8.612903225806452
1911-06-01,139.79999999999998,13.646666666666667,5.016666666666667,43.7,8.93,7.15
1911-07-01,81.5,14.035483870967743,4.696774193548387,50.8,8.796774193548387,8.325806451612904
1911-08-01,29.599999999999998,16.6,6.574193548387097,65.0,9.63225806451613,11.051612903225807
1911-09-01,102.7,18.46333333333333,8.23,87.6,11.1,14.31
1911-10-01,28.099999999999998,19.970967741935485,8.712903225806452,114.2,11.264516129032257,19.325806451612905
1911-11-01,33.6,22.759999999999998,11.57,133.5,14.093333333333334,22.136666666666667
1911-12-01,88.9,22.9741935483871,12.416129032258064,160.0,14.038709677419355,23.467741935483872
1912-01-01,15.8,24.961290322580645,13.170967741935485,167.9,14.806451612903226,25.183870967741935
1912-02-01,38.8,25.886206896551727,15.220689655172414,139.8,16.375862068965517,20.66551724137931
1912-03-01,28.0,23.677419354838708,13.287096774193548,112.8,15.293548387096775,17.13225806451613
1912-04-01,64.6,19.986666666666668,9.533333333333333,75.1,11.946666666666665,13.283333333333333
1912-05-01,93.2,17.806451612903224,6.77741935483871,52.9,9.55483870967742,9.77741935483871
1912-06-01,47.0,15.17,6.58,43.7,9.643333333333334,7.17
1912-07-01,109.7,14.296774193548387,5.780645161290322,50.8,9.03225806451613,8.264516129032257
1912-08-01,35.8,16.051612903225806,6.196774193548387,65.0,9.548387096774194,11.30967741935484
1912-09-01,48.7,17.563333333333333,7.4399999999999995,87.6,9.983333333333333,15.683333333333334
1912-10-01,34.4,19.76451612903226,8.793548387096775,114.2,11.574193548387097,19.958064516129035
1912-11-01,64.0,21.136666666666667,11.236666666666668,133.5,13.68,22.103333333333335
1912-12-01,50.6,22.861290322580647,12.712903225806452,160.0,15.36774193548387,24.148387096774194
1913-01-01,9.6,25.032258064516128,13.8,167.9,15.63225806451613,23.612903225806452
1913-02-01,24.2,25.896428571428572,14.389285714285714,135.3,16.482142857142858,20.84642857142857
1913-03-01,231.9,21.60967741935484,12.345161290322581,112.8,14.938709677419356,15.951612903225806
1913-04-01,27.7,21.273333333333333,11.086666666666668,75.1,14.016666666666667,13.080000000000002
1913-05-01,118.80000000000001,16.506451612903227,7.738709677419355,52.9,10.67741935483871,9.003225806451614
1913-06-01,126.7,14.563333333333333,6.156666666666666,43.7,9.326666666666666,7.836666666666667
1913-07-01,24.799999999999997,15.025806451612903,5.216129032258064,50.8,8.896774193548387,8.774193548387096
1913-08-01,38.9,15.651612903225805,5.34516129032258,65.0,8.619354838709677,11.803225806451612
1913-09-01,81.89999999999999,17.726666666666667,7.39,87.6,10.366666666666667,15.403333333333334
1913-10-01,101.5,20.4,9.751612903225807,114.2,12.59032258064516,19.07741935483871
1913-11-01,57.8,20.44333333333333,9.786666666666667,133.5,12.520000000000001,22.866666666666667
1913-12-01,3.8,24.845161290322583,13.025806451612903,160.0,15.096774193548388,24.677419354838708
1914-01-01,47.5,25.561290322580643,13.793548387096775,167.9,15.490322580645161,24.18064516129032
1914-02-01,0.0,26.785714285714285,15.15,135.3,16.72142857142857,21.217857142857145
1914-03-01,15.399999999999999,24.612903225806452,14.180645161290323,112.8,16.19677419354839,16.583870967741937
1914-04-01,52.8,20.476666666666667,10.370000000000001,75.1,13.423333333333334,13.04
1914-05-01,104.5,17.706451612903226,8.587096774193547,52.9,11.048387096774194,8.948387096774193
1914-06-01,43.2,15.736666666666668,5.513333333333334,43.7,8.933333333333334,8.066666666666666
1914-07-01,139.1,14.32258064516129,4.993548387096775,50.8,8.606451612903227,8.551612903225807
1914-08-01,29.6,16.641935483870967,5.77741935483871,65.0,8.935483870967742,12.33548387096774
1914-09-01,52.6,18.240000000000002,7.1466666666666665,87.6,10.096666666666666,16.43
1914-10-01,14.7,23.061290322580643,10.425806451612903,114.2,11.98709677419355,20.296774193548387
1914-11-01,66.6,23.813333333333333,13.75,133.5,15.66,21.323333333333334
1914-12-01,149.5,23.85483870967742,14.83548387096774,160.0,16.551612903225806,22.506451612903227
1915-01-01,148.6,25.66774193548387,14.54516129032258,167.9,14.93225806451613,23.54516129032258
1915-02-01,20.2,26.12142857142857,15.353571428571428,135.3,16.67142857142857,20.914285714285715
1915-03-01,38.6,23.561290322580643,12.551612903225807,112.8,14.087096774193547,17.36774193548387
1915-04-01,12.8,20.94,10.336666666666668,75.1,12.903333333333334,13.066666666666666
1915-05-01,60.699999999999996,16.73548387096774,7.793548387096774,52.9,10.525806451612903,8.735483870967743
1915-06-01,34.1,14.806666666666667,6.383333333333334,43.7,9.596666666666666,7.11
1915-07-01,11.6,15.26774193548387,6.058064516129033,50.8,9.55483870967742,8.154838709677419
1915-08-01,39.5,15.803225806451612,6.567741935483871,65.0,9.55483870967742,11.0
1915-09-01,45.199999999999996,18.33,7.826666666666667,87.6,10.493333333333334,15.716666666666667
1915-10-01,88.39999999999999,18.66774193548387,8.55483870967742,114.2,11.348387096774195,19.322580645161292
1915-11-01,35.4,20.88,9.713333333333333,133.5,12.346666666666666,23.136666666666667
1915-12-01,30.0,23.103225806451615,12.725806451612904,160.0,14.858064516129032,23.47741935483871
1916-01-01,65.6,25.580645161290324,14.774193548387096,167.9,16.419354838709676,22.706451612903226
1916-02-01,117.9,24.86551724137931,14.851724137931035,139.8,16.49655172413793,20.99655172413793
1916-03-01,95.2,23.25483870967742,12.306451612903226,112.8,14.541935483870969,17.583870967741937
1916-04-01,15.399999999999999,19.69333333333333,9.906666666666666,75.1,12.916666666666666,12.163333333333332
1916-05-01,30.5,17.66774193548387,7.245161290322581,52.9,10.196774193548388,9.251612903225807
1916-06-01,43.8,14.203333333333335,6.52,43.7,9.9,6.506666666666666
1916-07-01,112.0,14.63225806451613,5.264516129032257,50.8,9.070967741935483,7.735483870967743
1916-08-01,46.8,15.067741935483872,5.66774193548387,65.0,9.261290322580646,10.432258064516128
1916-09-01,147.7,17.95,8.666666666666666,87.6,10.816666666666666,13.496666666666666
1916-10-01,42.0,18.612903225806452,9.583870967741936,114.2,12.077419354838709,17.88064516129032
1916-11-01,110.5,19.163333333333334,10.446666666666665,133.5,13.223333333333333,20.046666666666667
1916-12-01,29.4,23.190322580645162,13.399999999999999,160.0,15.580645161290322,22.43548387096774
1917-01-01,40.6,24.980645161290322,15.129032258064516,167.9,16.58709677419355,22.403225806451612
1917-02-01,61.2,23.467857142857145,14.046428571428573,135.3,16.064285714285713,20.017857142857142
1917-03-01,42.9,22.70967741935484,12.667741935483871,112.8,15.070967741935483,16.287096774193547
1917-04-01,95.7,19.046666666666667,8.96,75.1,11.94,12.533333333333333
1917-05-01,33.8,16.04516129032258,7.106451612903226,52.9,10.40967741935484,8.32258064516129
1917-06-01,33.7,14.583333333333334,6.593333333333334,43.7,9.65,6.526666666666667
1917-07-01,35.3,14.325806451612904,5.77741935483871,50.8,9.212903225806452,7.387096774193548
1917-08-01,42.3,15.577419354838709,5.648387096774194,65.0,9.16451612903226,10.670967741935485
1917-09-01,83.5,17.776666666666664,7.9366666666666665,87.6,10.65,14.663333333333332
1917-10-01,72.2,18.94193548387097,9.306451612903226,114.2,12.319354838709677,17.345161290322583
1917-11-01,81.8,20.35,11.393333333333334,133.5,14.273333333333333,19.853333333333335
1917-12-01,77.7,24.296774193548387,13.806451612903226,160.0,16.238709677419354,23.506451612903227
1918-01-01,70.4,24.76774193548387,15.041935483870969,167.9,17.548387096774192,22.36774193548387
1918-02-01,57.8,24.175,14.053571428571429,135.3,16.41785714285714,20.782142857142855
1918-03-01,93.7,23.261290322580646,12.345161290322581,112.8,15.283870967741937,16.480645161290322
1918-04-01,51.300000000000004,19.93,9.76,75.1,12.979999999999999,12.206666666666667
1918-05-01,34.3,18.183870967741935,8.412903225806453,52.9,11.283870967741937,8.464516129032257
1918-06-01,78.30000000000001,15.413333333333332,6.256666666666666,43.7,9.713333333333333,7.34
1918-07-01,134.9,14.12258064516129,4.564516129032258,50.8,8.458064516129031,8.435483870967742
1918-08-01,77.5,16.325806451612905,6.990322580645161,65.0,10.0,10.129032258064516
1918-09-01,62.3,18.763333333333332,7.513333333333334,87.6,10.42,16.36
1918-10-01,78.1,18.822580645161292,8.196774193548388,114.2,11.245161290322581,18.261290322580646
1918-11-01,19.3,21.41,11.016666666666667,133.5,12.893333333333334,22.83
1918-12-01,79.6,24.212903225806453,12.364516129032259,160.0,14.067741935483872,23.94193548387097
1919-01-01,11.7,25.6,13.69032258064516,167.9,14.980645161290322,24.274193548387096
1919-02-01,122.4,26.053571428571427,15.728571428571428,135.3,17.410714285714285,19.88214285714286
1919-03-01,83.2,22.458064516129035,12.435483870967742,112.8,14.67741935483871,15.680645161290323
1919-04-01,57.9,22.133333333333333,10.536666666666667,75.1,13.65,13.04
1919-05-01,157.0,18.15806451612903,9.280645161290321,52.9,11.670967741935485,8.741935483870968
1919-06-01,24.8,15.443333333333333,6.123333333333333,43.7,9.333333333333334,7.816666666666666
1919-07-01,73.8,14.641935483870968,4.203225806451614,50.8,8.09032258064516,9.361290322580645
1919-08-01,221.3,16.04516129032258,5.158064516129032,65.0,8.838709677419354,11.361290322580645
1919-09-01,85.2,18.65,7.75,87.6,10.383333333333333,14.79
1919-10-01,49.4,20.845161290322583,9.345161290322581,114.2,11.351612903225806,19.467741935483872
1919-11-01,40.8,22.8,12.306666666666667,133.5,13.623333333333333,22.363333333333333
1919-12-01,199.6,24.570967741935487,14.383870967741935,160.0,15.332258064516129,22.783870967741933
1920-01-01,196.1,23.780645161290323,14.038709677419355,167.9,16.338709677419356,22.23548387096774
1920-02-01,22.3,25.42413793103448,14.279310344827588,139.8,15.527586206896553,20.841379310344827
1920-03-01,115.0,22.674193548387095,11.47741935483871,112.8,13.970967741935485,16.73225806451613
1920-04-01,85.6,19.81,9.889999999999999,75.1,12.653333333333334,12.17
1920-05-01,47.900000000000006,16.793548387096774,6.45483870967742,52.9,9.54516129032258,9.503225806451614
1920-06-01,27.799999999999997,15.176666666666668,6.623333333333333,43.7,10.186666666666667,6.606666666666667
1920-07-01,19.5,15.064516129032258,5.309677419354839,50.8,9.264516129032257,8.248387096774193
1920-08-01,55.8,15.577419354838709,5.629032258064516,65.0,9.609677419354838,10.63225806451613
1920-09-01,65.0,17.493333333333332,7.676666666666667,87.6,11.303333333333335,14.110000000000001
1920-10-01,124.5,20.370967741935484,9.48709677419355,114.2,13.193548387096774,18.519354838709678
1920-11-01,59.1,22.653333333333332,11.336666666666668,133.5,14.426666666666668,20.223333333333336
1920-12-01,78.7,24.151612903225807,13.432258064516128,160.0,15.229032258064517,22.283870967741933
1921-01-01,28.3,25.932258064516127,15.003225806451614,167.9,16.82903225806452,23.690322580645162
1921-02-01,80.1,25.49285714285714,15.435714285714285,135.3,17.02857142857143,20.739285714285717
1921-03-01,29.5,23.92258064516129,12.567741935483872,112.8,15.029032258064515,17.11935483870968
1921-04-01,27.9,20.896666666666665,10.29,75.1,13.746666666666666,12.553333333333333
1921-05-01,60.1,18.274193548387096,9.36774193548387,52.9,12.135483870967741,8.880645161290323
1921-06-01,11.799999999999999,15.643333333333334,6.463333333333334,43.7,10.376666666666667,7.243333333333334
1921-07-01,56.4,15.600000000000001,5.761290322580645,50.8,9.080645161290322,8.264516129032257
1921-08-01,46.6,15.451612903225806,5.280645161290322,65.0,8.97741935483871,11.40967741935484
1921-09-01,46.0,18.813333333333333,8.306666666666667,87.6,11.293333333333333,15.67
1921-10-01,81.5,19.103225806451615,8.648387096774194,114.2,11.635483870967741,18.929032258064513
1921-11-01,50.0,22.776666666666664,12.629999999999999,133.5,14.6,21.293333333333333
1921-12-01,45.9,22.651612903225807,13.329032258064515,160.0,15.05483870967742,21.9741935483871
1922-01-01,94.8,24.32903225806452,13.803225806451614,167.9,15.174193548387096,22.80322580645161
1922-02-01,78.2,25.514285714285712,15.610714285714286,135.3,16.99642857142857,20.157142857142855
1922-03-01,59.7,23.68064516129032,11.76774193548387,112.8,13.46774193548387,18.1
1922-04-01,19.3,21.44,11.083333333333334,75.1,13.08,12.523333333333333
1922-05-01,45.699999999999996,17.75483870967742,8.429032258064517,52.9,11.361290322580645,9.067741935483872
1922-06-01,47.2,15.213333333333333,6.1066666666666665,43.7,9.846666666666666,7.1
1922-07-01,40.3,14.938709677419356,5.796774193548386,50.8,9.096774193548388,8.112903225806452
1922-08-01,54.2,15.258064516129032,5.325806451612903,65.0,9.04516129032258,10.912903225806453
1922-09-01,131.0,17.496666666666666,7.663333333333333,87.6,10.793333333333333,15.726666666666667
1922-10-01,86.4,19.838709677419356,9.248387096774193,114.2,11.858064516129033,18.64516129032258
1922-11-01,38.8,22.37,10.546666666666665,133.5,12.67,24.396666666666665
1922-12-01,27.7,23.700000000000003,13.009677419354839,160.0,15.574193548387097,22.54516129032258
1923-01-01,38.8,24.30322580645161,13.261290322580646,167.9,15.229032258064517,23.864516129032257
1923-02-01,2.0,25.407142857142855,13.735714285714286,135.3,16.16785714285714,22.732142857142858
1923-03-01,3.0,23.812903225806455,12.438709677419356,112.8,14.73225806451613,17.63225806451613
1923-04-01,9.399999999999999,21.683333333333334,10.713333333333333,75.1,13.023333333333333,13.870000000000001
1923-05-01,24.299999999999997,18.345161290322583,8.832258064516129,52.9,11.129032258064516,9.167741935483871
1923-06-01,69.4,14.956666666666667,7.286666666666666,43.7,10.31,6.4766666666666675
1923-07-01,110.5,14.619354838709677,6.112903225806452,50.8,9.80967741935484,8.029032258064516
1923-08-01,74.5,15.745161290322581,5.596774193548387,65.0,9.451612903225806,11.941935483870967
1923-09-01,79.2,17.223333333333336,7.246666666666667,87.6,10.639999999999999,14.476666666666667
1923-10-01,88.4,18.725806451612904,9.025806451612903,114.2,11.974193548387097,18.574193548387097
1923-11-01,115.6,20.13,9.29,133.5,12.31,23.516666666666666
1923-12-01,75.4,24.274193548387096,13.370967741935484,160.0,15.758064516129032,22.716129032258067
1924-01-01,138.9,23.606451612903225,13.009677419354839,167.9,15.441935483870967,22.103225806451615
1924-02-01,122.9,23.889655172413793,13.289655172413791,139.8,17.02758620689655,19.06896551724138
1924-03-01,54.6,22.87741935483871,12.509677419354839,112.8,15.703225806451613,16.66774193548387
1924-04-01,77.5,18.803333333333335,9.306666666666667,75.1,13.01,12.55
1924-05-01,57.1,17.12258064516129,6.838709677419355,52.9,10.561290322580644,9.635483870967741
1924-06-01,19.3,14.32,5.443333333333333,43.7,9.433333333333334,7.343333333333334
1924-07-01,54.9,15.187096774193549,4.493548387096775,50.8,8.958064516129031,9.435483870967742
1924-08-01,28.4,16.15483870967742,5.780645161290322,65.0,9.848387096774195,11.848387096774195
1924-09-01,64.39999999999999,17.77,8.136666666666667,87.6,11.25,13.996666666666666
1924-10-01,48.7,19.85483870967742,8.796774193548387,114.2,11.98709677419355,19.135483870967743
1924-11-01,77.7,20.296666666666667,11.263333333333332,133.5,14.683333333333334,20.933333333333334
1924-12-01,91.3,22.31935483870968,11.074193548387097,160.0,14.432258064516128,25.44516129032258
1925-01-01,64.5,23.58709677419355,13.47741935483871,167.9,16.719354838709677,22.383870967741935
1925-02-01,22.2,23.414285714285715,13.217857142857143,135.3,16.70357142857143,20.982142857142858
1925-03-01,50.3,23.003225806451614,11.519354838709678,112.8,15.03225806451613,17.299999999999997
1925-04-01,161.8,21.123333333333335,10.116666666666667,75.1,13.28,13.323333333333332
1925-05-01,138.8,17.480645161290322,9.064516129032258,52.9,11.535483870967743,8.287096774193548
1925-06-01,21.1,15.479999999999999,6.533333333333333,43.7,10.053333333333335,7.88
1925-07-01,219.39999999999998,14.270967741935483,4.72258064516129,50.8,8.55483870967742,8.154838709677419
1925-08-01,54.5,15.138709677419355,4.809677419354839,65.0,8.832258064516129,12.129032258064516
1925-09-01,35.9,16.87,5.8933333333333335,87.6,9.729999999999999,15.993333333333334
1925-10-01,56.0,20.406451612903226,8.112903225806452,114.2,11.496774193548386,19.729032258064517
1925-11-01,43.6,21.46333333333333,10.889999999999999,133.5,14.44,22.83
1925-12-01,22.400000000000002,23.638709677419353,12.180645161290323,160.0,15.038709677419355,24.94516129032258
1926-01-01,81.30000000000001,24.216129032258067,13.03225806451613,167.9,15.935483870967742,24.148387096774194
1926-02-01,2.5,27.035714285714285,14.117857142857144,135.3,16.646428571428572,22.042857142857144
1926-03-01,117.39999999999999,23.68064516129032,13.345161290322581,112.8,15.63225806451613,16.31935483870968
1926-04-01,95.80000000000001,20.756666666666668,11.3,75.1,14.093333333333334,12.813333333333333
1926-05-01,34.8,15.603225806451613,7.629032258064516,52.9,10.535483870967743,9.038709677419355
1926-06-01,43.4,15.316666666666666,6.77,43.7,10.496666666666666,7.416666666666667
1926-07-01,36.4,15.564516129032258,6.032258064516129,50.8,9.561290322580644,8.77741935483871
1926-08-01,98.6,15.925806451612903,6.093548387096774,65.0,9.370967741935484,11.403225806451612
1926-09-01,46.699999999999996,18.573333333333334,7.753333333333333,87.6,11.196666666666665,15.9
1926-10-01,71.7,20.287096774193547,9.316129032258065,114.2,12.26774193548387,19.729032258064517
1926-11-01,23.7,22.220000000000002,10.053333333333335,133.5,13.076666666666666,24.57
1926-12-01,70.89999999999999,23.23225806451613,12.625806451612904,160.0,15.077419354838709,23.641935483870967
1927-01-01,43.3,25.322580645161292,14.125806451612904,167.9,16.567741935483873,23.46451612903226
1927-02-01,33.699999999999996,25.04642857142857,12.885714285714286,135.3,15.62142857142857,22.13214285714286
1927-03-01,39.4,22.432258064516127,11.600000000000001,112.8,14.609677419354838,17.04516129032258
1927-04-01,37.3,19.816666666666666,9.543333333333333,75.1,12.483333333333333,13.17
1927-05-01,109.89999999999999,16.6,7.45483870967742,52.9,10.383870967741935,9.17741935483871
1927-06-01,10.7,13.806666666666667,3.963333333333333,43.7,8.27,8.553333333333335
1927-07-01,176.3,14.135483870967741,5.148387096774194,50.8,8.687096774193549,8.906451612903227
1927-08-01,41.0,15.351612903225806,5.048387096774194,65.0,8.903225806451612,11.89032258064516
1927-09-01,75.0,17.453333333333333,6.633333333333334,87.6,10.126666666666667,16.033333333333335
1927-10-01,97.1,20.61935483870968,9.69032258064516,114.2,12.548387096774194,19.838709677419356
1927-11-01,54.900000000000006,22.92,11.756666666666666,133.5,14.28,23.076666666666664
1927-12-01,41.2,24.212903225806453,13.206451612903225,160.0,15.970967741935484,23.58709677419355
1928-01-01,55.6,24.629032258064516,13.916129032258064,167.9,16.406451612903226,23.312903225806455
1928-02-01,93.1,24.896551724137932,15.310344827586206,139.8,19.013793103448275,19.010344827586206
1928-03-01,184.8,23.903225806451612,13.899999999999999,112.8,17.470967741935485,16.474193548387095
1928-04-01,92.4,21.123333333333335,11.626666666666667,75.1,14.943333333333333,13.056666666666667
1928-05-01,64.9,16.700000000000003,7.216129032258064,52.9,10.63225806451613,9.13225806451613
1928-06-01,89.4,14.906666666666666,5.866666666666666,43.7,9.253333333333334,7.89
1928-07-01,29.7,15.506451612903225,5.519354838709678,50.8,9.23225806451613,8.66451612903226
1928-08-01,20.5,17.4,5.374193548387097,65.0,9.593548387096773,12.603225806451613
1928-09-01,47.4,19.96333333333333,7.916666666666667,87.6,10.663333333333332,15.876666666666667
1928-10-01,77.2,19.08709677419355,8.306451612903226,114.2,11.458064516129031,18.948387096774194
1928-11-01,35.5,22.41,10.479999999999999,133.5,13.326666666666666,24.003333333333334
1928-12-01,40.6,24.02258064516129,12.803225806451612,160.0,14.851612903225806,24.687096774193545
1929-01-01,7.6,25.706451612903226,13.80967741935484,167.9,15.738709677419354,24.758064516129032
1929-02-01,54.5,25.196428571428573,15.342857142857143,135.3,19.789285714285715,20.189285714285713
1929-03-01,33.3,22.97741935483871,12.40967741935484,112.8,15.238709677419354,17.106451612903225
1929-04-01,55.49999999999999,20.523333333333333,9.843333333333334,75.1,12.92,12.379999999999999
1929-05-01,122.0,17.5258064516129,7.574193548387097,52.9,10.396774193548387,9.72258064516129
1929-06-01,43.7,14.276666666666667,4.783333333333333,43.7,8.7,8.163333333333334
1929-07-01,21.2,13.80967741935484,3.3,50.8,7.748387096774193,9.061290322580644
1929-08-01,76.89999999999999,15.525806451612903,4.912903225806452,65.0,8.593548387096773,11.641935483870967
1929-09-01,27.2,17.326666666666664,5.66,87.6,9.723333333333333,15.979999999999999
1929-10-01,59.4,19.183870967741935,8.651612903225805,114.2,11.825806451612904,18.896774193548385
1929-11-01,85.5,20.913333333333334,10.536666666666667,133.5,13.270000000000001,21.766666666666666
1929-12-01,69.2,22.406451612903226,12.0,160.0,14.37741935483871,22.5
1930-01-01,3.8,24.893548387096775,13.303225806451612,167.9,15.303225806451612,25.42258064516129
1930-02-01,42.8,27.02857142857143,15.514285714285714,135.3,17.675,21.478571428571428
1930-03-01,23.2,24.096774193548388,13.258064516129032,112.8,15.741935483870968,17.458064516129035
1930-04-01,34.0,20.416666666666668,9.623333333333333,75.1,12.493333333333334,13.139999999999999
1930-05-01,63.1,17.616129032258065,7.996774193548387,52.9,11.170967741935485,9.674193548387096
1930-06-01,146.9,15.05,6.163333333333333,43.7,9.323333333333332,8.173333333333334
1930-07-01,17.9,15.725806451612904,6.393548387096775,50.8,9.825806451612904,8.074193548387097
1930-08-01,47.2,15.75483870967742,5.961290322580646,65.0,9.674193548387096,10.893548387096773
1930-09-01,52.7,17.84333333333333,6.569999999999999,87.6,10.456666666666667,15.786666666666667
1930-10-01,103.9,20.493548387096773,10.32258064516129,114.2,13.567741935483872,17.861290322580647
1930-11-01,84.7,21.853333333333335,10.653333333333334,133.5,13.753333333333334,22.11
1930-12-01,93.1,22.825806451612905,13.325806451612904,160.0,16.161290322580644,22.003225806451614
1931-01-01,57.199999999999996,23.4741935483871,12.364516129032259,167.9,15.212903225806452,24.070967741935487
1931-02-01,34.3,24.810714285714287,12.382142857142856,135.3,15.275,22.714285714285715
1931-03-01,142.3,22.596774193548388,12.890322580645162,112.8,16.18064516129032,15.438709677419356
1931-04-01,69.0,19.19333333333333,9.596666666666666,75.1,12.966666666666667,12.893333333333334
1931-05-01,53.6,17.90967741935484,9.100000000000001,52.9,12.387096774193548,8.106451612903227
1931-06-01,86.7,14.573333333333332,6.766666666666667,43.7,10.346666666666666,6.8566666666666665
1931-07-01,70.39999999999999,14.422580645161291,5.303225806451613,50.8,9.093548387096773,8.364516129032259
1931-08-01,25.6,15.729032258064517,5.422580645161291,65.0,9.561290322580644,11.23225806451613
1931-09-01,50.7,17.44333333333333,6.73,87.6,10.66,15.233333333333333
1931-10-01,167.20000000000002,19.338709677419356,7.861290322580645,114.2,11.251612903225807,20.783870967741933
1931-11-01,59.7,21.19,10.746666666666666,133.5,13.766666666666667,22.029999999999998
1931-12-01,29.0,23.812903225806455,12.16451612903226,160.0,15.16451612903226,25.306451612903224
1932-01-01,9.9,27.251612903225805,14.035483870967743,167.9,15.85483870967742,24.23225806451613
1932-02-01,66.2,23.78620689655172,13.179310344827586,139.8,16.42758620689655,19.817241379310346
1932-03-01,63.3,23.061290322580643,12.980645161290322,112.8,15.980645161290324,15.374193548387098
1932-04-01,64.6,19.746666666666666,10.67,75.1,13.716666666666667,11.856666666666666
1932-05-01,21.5,17.41290322580645,7.72258064516129,52.9,10.899999999999999,9.874193548387098
1932-06-01,23.5,14.15,5.41,43.7,9.473333333333333,7.27
1932-07-01,267.5,14.13225806451613,4.303225806451613,50.8,8.696774193548388,8.370967741935484
1932-08-01,83.1,15.80967741935484,5.683870967741935,65.0,9.403225806451612,10.874193548387098
1932-09-01,20.4,17.64333333333333,8.203333333333333,87.6,11.063333333333333,14.71
1932-10-01,73.1,18.383870967741935,8.164516129032258,114.2,11.312903225806451,18.81935483870968
1932-11-01,28.299999999999997,22.27,11.286666666666667,133.5,13.816666666666666,21.94333333333333
1932-12-01,57.9,23.01290322580645,11.774193548387096,160.0,13.906451612903227,23.29032258064516
1933-01-01,39.599999999999994,23.72258064516129,13.103225806451613,167.9,15.358064516129033,23.651612903225807
1933-02-01,7.1,24.292857142857144,11.985714285714286,135.3,13.967857142857143,22.464285714285715
1933-03-01,43.8,23.67096774193548,12.312903225806451,112.8,14.887096774193548,17.019354838709678
1933-04-01,13.4,19.903333333333332,9.583333333333334,75.1,12.646666666666667,12.78
1933-05-01,49.1,16.94193548387097,7.893548387096774,52.9,10.883870967741935,9.135483870967741
1933-06-01,163.5,15.453333333333335,6.376666666666667,43.7,9.883333333333333,7.52
1933-07-01,157.9,14.674193548387096,5.596774193548387,50.8,9.45483870967742,8.22258064516129
1933-08-01,38.8,15.106451612903227,4.548387096774194,65.0,8.606451612903227,11.125806451612902
1933-09-01,38.9,17.523333333333333,7.723333333333333,87.6,10.623333333333333,14.643333333333334
1933-10-01,70.7,21.11935483870968,9.925806451612903,114.2,12.438709677419356,19.019354838709678
1933-11-01,83.9,21.636666666666667,11.303333333333335,133.5,14.233333333333333,21.48
1933-12-01,86.2,22.703225806451613,13.406451612903227,160.0,15.319354838709677,22.690322580645162
1934-01-01,153.4,25.85483870967742,14.40967741935484,167.9,16.267741935483873,23.651612903225807
1934-02-01,120.1,25.00357142857143,14.207142857142857,135.3,16.853571428571428,20.232142857142858
1934-03-01,60.3,24.861290322580647,13.996774193548386,112.8,16.261290322580646,17.364516129032257
1934-04-01,251.0,19.293333333333333,10.45,75.1,13.193333333333333,12.34
1934-05-01,10.4,18.69677419354839,7.616129032258065,52.9,10.883870967741935,10.474193548387097
1934-06-01,216.6,14.656666666666666,4.833333333333333,43.7,8.906666666666666,8.24
1934-07-01,54.699999999999996,15.229032258064517,5.887096774193548,50.8,9.729032258064517,8.035483870967742
1934-08-01,91.9,15.703225806451613,6.070967741935483,65.0,9.680645161290323,10.661290322580646
1934-09-01,40.400000000000006,18.623333333333335,6.73,87.6,10.120000000000001,16.453333333333333
1934-10-01,112.7,19.325806451612905,8.332258064516129,114.2,12.32258064516129,18.809677419354838
1934-11-01,110.6,21.263333333333332,11.826666666666666,133.5,14.773333333333333,20.34
1934-12-01,42.8,22.55806451612903,12.783870967741937,160.0,14.82258064516129,23.73548387096774
1935-01-01,113.8,24.151612903225807,13.383870967741935,167.9,15.709677419354838,23.041935483870965
1935-02-01,151.6,23.87857142857143,13.985714285714286,135.3,16.3,20.49642857142857
1935-03-01,25.9,22.76451612903226,11.858064516129033,112.8,14.429032258064517,17.174193548387095
1935-04-01,195.0,19.553333333333335,10.5,75.1,13.493333333333334,11.076666666666666
1935-05-01,56.9,16.651612903225807,6.9,52.9,10.32258064516129,9.509677419354839
1935-06-01,19.099999999999998,14.16,5.676666666666667,43.7,9.326666666666666,7.3966666666666665
1935-07-01,23.0,14.738709677419354,4.761290322580645,50.8,9.206451612903225,8.370967741935484
1935-08-01,22.599999999999998,16.306451612903224,6.129032258064516,65.0,9.754838709677419,11.35483870967742
1935-09-01,35.8,16.946666666666665,7.156666666666666,87.6,10.426666666666668,15.53
1935-10-01,79.3,19.761290322580646,8.948387096774193,114.2,11.938709677419356,18.95483870967742
1935-11-01,68.6,21.27,10.516666666666667,133.5,12.903333333333334,22.763333333333332
1935-12-01,509.90000000000003,23.31935483870968,12.422580645161291,160.0,14.55483870967742,23.76451612903226
1936-01-01,208.8,24.761290322580646,14.483870967741936,167.9,16.3,21.9
1936-02-01,40.0,24.29310344827586,14.179310344827586,139.8,16.782758620689656,20.182758620689654
1936-03-01,56.4,23.92258064516129,12.616129032258065,112.8,15.196774193548388,17.0
1936-04-01,114.7,19.616666666666667,9.023333333333333,75.1,12.24,12.71
1936-05-01,24.7,17.94193548387097,6.95483870967742,52.9,10.26774193548387,9.76774193548387
1936-06-01,200.7,14.15,5.253333333333333,43.7,9.183333333333334,7.533333333333333
1936-07-01,67.3,14.52258064516129,5.674193548387097,50.8,9.348387096774195,7.703225806451614
1936-08-01,46.8,15.961290322580645,6.47741935483871,65.0,9.741935483870968,11.319354838709677
1936-09-01,22.4,17.08,5.59,87.6,9.903333333333334,15.94
1936-10-01,43.0,19.53548387096774,8.406451612903227,114.2,11.754838709677419,19.43548387096774
1936-11-01,50.3,21.333333333333332,9.813333333333333,133.5,12.53,23.526666666666664
1936-12-01,82.89999999999999,22.76774193548387,13.935483870967742,160.0,16.648387096774194,20.725806451612904
1937-01-01,59.9,23.44193548387097,13.258064516129032,167.9,15.925806451612903,23.164516129032258
1937-02-01,29.799999999999997,24.282142857142855,14.114285714285714,135.3,15.796428571428573,20.767857142857142
1937-03-01,35.6,23.361290322580647,12.761290322580646,112.8,15.296774193548387,17.22258064516129
1937-04-01,15.5,19.716666666666665,9.1,75.1,12.003333333333334,13.583333333333334
1937-05-01,32.2,17.287096774193547,7.232258064516129,52.9,10.448387096774193,9.374193548387098
1937-06-01,100.7,14.056666666666667,5.406666666666666,43.7,8.883333333333333,8.13
1937-07-01,24.2,14.864516129032259,3.9806451612903224,50.8,8.251612903225807,9.180645161290323
1937-08-01,82.3,16.793548387096774,6.612903225806452,65.0,9.712903225806452,11.861290322580645
1937-09-01,61.2,18.646666666666665,8.133333333333333,87.6,10.696666666666665,15.889999999999999
1937-10-01,96.30000000000001,20.070967741935487,10.435483870967742,114.2,12.787096774193548,19.0
1937-11-01,18.5,23.19333333333333,12.236666666666668,133.5,14.22,22.459999999999997
1937-12-01,60.5,23.69677419354839,13.787096774193548,160.0,15.729032258064517,22.200000000000003
1938-01-01,70.6,25.4741935483871,13.861290322580645,167.9,16.429032258064517,22.870967741935484
1938-02-01,56.2,24.724999999999998,11.24642857142857,135.3,16.564285714285713,20.667857142857144
1938-03-01,442.7,24.08709677419355,12.096774193548388,112.8,15.754838709677419,17.187096774193552
1938-04-01,32.3,22.256666666666668,9.686666666666667,75.1,13.633333333333333,13.683333333333334
1938-05-01,22.8,19.26451612903226,6.641935483870968,52.9,11.674193548387096,9.351612903225806
1938-06-01,38.3,14.586666666666668,3.863333333333333,43.7,9.503333333333334,7.613333333333333
1938-07-01,66.8,13.412903225806453,1.7838709677419353,50.8,8.496774193548386,8.761290322580646
1938-08-01,51.3,15.674193548387096,4.364516129032259,65.0,9.306451612903226,11.887096774193548
1938-09-01,57.4,17.63,5.02,87.6,10.35,16.363333333333333
1938-10-01,18.7,20.43548387096774,8.361290322580645,114.2,12.432258064516128,19.43548387096774
1938-11-01,48.7,22.90666666666667,10.593333333333334,133.5,14.983333333333333,23.4
1938-12-01,25.2,23.551612903225806,10.548387096774194,160.0,13.996774193548386,24.706451612903226
1939-01-01,15.7,24.90967741935484,13.30967741935484,167.9,16.138709677419357,23.896774193548385
1939-02-01,73.1,27.985714285714288,14.539285714285715,135.3,16.271428571428572,20.235714285714288
1939-03-01,73.1,22.07741935483871,13.161290322580646,112.8,17.432258064516127,15.883870967741935
1939-04-01,45.4,21.486666666666668,10.75,75.1,15.953333333333335,11.870000000000001
1939-05-01,12.7,18.906451612903226,6.787096774193548,52.9,12.890322580645162,9.551612903225807
1939-06-01,78.3,15.45,5.05,43.7,10.59,6.833333333333333
1939-07-01,30.499999999999996,13.73225806451613,2.8870967741935485,50.8,8.387096774193548,8.980645161290322
1939-08-01,106.2,15.077419354838709,6.364516129032259,65.0,10.261290322580646,10.261290322580646
1939-09-01,45.4,18.043333333333333,5.636666666666667,87.6,11.046666666666665,15.433333333333334
1939-10-01,76.7,19.241935483870968,7.690322580645161,114.2,12.341935483870968,19.4741935483871
1939-11-01,98.0,20.276666666666664,10.34,133.5,15.003333333333334,21.15
1939-12-01,22.099999999999998,22.79032258064516,9.874193548387098,160.0,14.280645161290321,25.261290322580646
1940-01-01,42.0,25.780645161290323,12.564516129032258,167.9,16.351612903225806,23.996774193548386
1940-02-01,22.4,23.086206896551722,10.551724137931034,139.8,15.075862068965517,23.337931034482757
1940-03-01,11.7,28.312903225806448,12.216129032258063,112.8,15.46774193548387,18.858064516129033
1940-04-01,108.0,20.220000000000002,8.45,75.1,13.66,12.616666666666667
1940-05-01,69.39999999999999,15.848387096774195,6.377419354838709,52.9,10.470967741935485,9.535483870967743
1940-06-01,47.3,14.08,4.916666666666667,43.7,9.3,7.736666666666666
1940-07-01,29.4,15.038709677419355,4.616129032258065,50.8,9.17741935483871,8.261290322580646
1940-08-01,29.2,16.151612903225807,3.4419354838709677,65.0,9.567741935483872,12.325806451612904
1940-09-01,113.39999999999999,17.633333333333333,6.1433333333333335,87.6,10.816666666666666,15.866666666666667
1940-10-01,24.3,20.76774193548387,8.119354838709677,114.2,12.193548387096774,20.490322580645163
1940-11-01,60.699999999999996,20.040000000000003,9.97,133.5,13.253333333333334,22.316666666666666
1940-12-01,106.8,24.9741935483871,12.32258064516129,160.0,16.09032258064516,23.338709677419356
1941-01-01,143.6,23.532258064516128,13.980645161290322,167.9,17.483870967741936,22.358064516129033
1941-02-01,48.0,23.657142857142855,12.414285714285715,135.3,16.967857142857145,21.49285714285714
1941-03-01,90.8,21.55483870967742,11.474193548387097,112.8,15.922580645161291,16.193548387096776
1941-04-01,140.3,21.75,10.33,75.1,13.966666666666667,13.18
1941-05-01,26.2,17.42258064516129,6.15483870967742,52.9,10.706451612903225,9.774193548387096
1941-06-01,66.8,14.893333333333334,5.23,43.7,9.53,7.246666666666667
1941-07-01,48.3,14.158064516129032,4.229032258064516,50.8,9.245161290322581,8.164516129032258
1941-08-01,96.60000000000001,14.609677419354838,4.880645161290323,65.0,9.17741935483871,11.648387096774194
1941-09-01,61.8,17.246666666666666,5.930000000000001,87.6,10.95,15.46
1941-10-01,78.4,17.251612903225805,6.506451612903226,114.2,11.593548387096773,20.835483870967742
1941-11-01,33.4,21.506666666666668,9.043333333333333,133.5,14.35,22.75
1941-12-01,70.6,23.493548387096773,11.02258064516129,160.0,15.399999999999999,24.44516129032258
1942-01-01,12.6,24.654838709677417,11.425806451612903,167.9,16.238709677419354,23.80322580645161
1942-02-01,33.5,24.67142857142857,13.221428571428572,135.3,16.910714285714285,19.817857142857143
1942-03-01,165.4,22.96451612903226,11.719354838709679,112.8,15.167741935483871,16.612903225806452
1942-04-01,18.0,20.216666666666665,8.456666666666667,75.1,13.6,13.426666666666668
1942-05-01,58.7,17.73548387096774,8.316129032258065,52.9,12.670967741935485,7.54516129032258
1942-06-01,35.199999999999996,15.693333333333333,4.19,43.7,10.546666666666665,6.8133333333333335
1942-07-01,38.4,14.693548387096774,2.958064516129032,50.8,9.387096774193548,8.1
1942-08-01,10.899999999999999,16.506451612903227,4.403225806451613,65.0,10.296774193548387,10.558064516129033
1942-09-01,64.1,18.44,5.136666666666667,87.6,11.326666666666666,15.663333333333332
1942-10-01,109.9,19.041935483870965,7.84516129032258,114.2,13.029032258064515,17.951612903225808
1942-11-01,255.00000000000003,20.586666666666666,10.163333333333332,133.5,14.843333333333334,17.720000000000002
1942-12-01,45.5,23.851612903225806,11.938709677419356,160.0,17.0258064516129,22.916129032258063
1943-01-01,167.9,25.80322580645161,12.76774193548387,167.9,16.296774193548387,23.125806451612902
1943-02-01,29.2,24.439285714285713,12.25,135.3,16.50357142857143,20.135714285714283
1943-03-01,15.6,23.148387096774194,11.248387096774193,112.8,16.02258064516129,16.951612903225808
1943-04-01,67.0,19.426666666666666,8.293333333333333,75.1,13.046666666666665,11.34
1943-05-01,50.2,16.483870967741936,5.861290322580645,52.9,11.016129032258064,7.800000000000001
1943-06-01,89.8,13.613333333333335,3.8666666666666667,43.7,9.196666666666665,6.876666666666667
1943-07-01,26.7,14.316129032258065,1.9741935483870967,50.8,9.019354838709678,8.190322580645162
1943-08-01,72.0,13.635483870967741,3.0903225806451613,65.0,9.312903225806451,10.316129032258065
1943-09-01,51.1,15.91,5.3,87.6,11.016666666666667,14.033333333333333
1943-10-01,23.099999999999998,18.16774193548387,7.532258064516129,114.2,12.519354838709678,17.551612903225806
1943-11-01,50.199999999999996,20.583333333333332,8.53,133.5,14.32,21.61
1943-12-01,113.3,21.509677419354837,9.812903225806451,160.0,14.893548387096773,22.641935483870967
1944-01-01,4.6,26.674193548387095,12.26774193548387,167.9,16.096774193548388,24.103225806451615
1944-02-01,12.2,24.29310344827586,11.355172413793104,139.8,15.710344827586209,21.46896551724138
1944-03-01,49.7,23.938709677419357,10.899999999999999,112.8,14.783870967741937,17.312903225806455
1944-04-01,134.1,18.44333333333333,7.843333333333334,75.1,11.84,10.826666666666666
1944-05-01,171.6,16.55483870967742,7.570967741935483,52.9,11.83548387096774,6.629032258064516
1944-06-01,17.9,14.123333333333333,4.1466666666666665,43.7,9.086666666666668,7.66
1944-07-01,38.5,14.374193548387098,2.4645161290322584,50.8,8.887096774193548,8.151612903225805
1944-08-01,27.4,14.425806451612903,3.732258064516129,65.0,9.151612903225805,11.351612903225806
1944-09-01,37.8,19.509999999999998,5.516666666666667,87.6,10.91,14.633333333333333
1944-10-01,69.8,19.822580645161292,7.45483870967742,114.2,12.167741935483871,17.72258064516129
1944-11-01,22.8,21.25,9.653333333333334,133.5,13.656666666666666,19.8
1944-12-01,31.7,23.296774193548387,10.67741935483871,160.0,14.387096774193548,22.76774193548387
1945-01-01,107.8,23.761290322580646,12.096774193548388,167.9,16.42258064516129,20.212903225806453
1945-02-01,36.3,22.725,11.567857142857141,135.3,16.157142857142855,19.396428571428572
1945-03-01,44.8,21.39032258064516,9.303225806451612,112.8,14.041935483870969,17.351612903225806
1945-04-01,173.1,18.35,8.979999999999999,75.1,13.233333333333333,11.610000000000001
1945-05-01,48.3,16.361290322580643,5.938709677419355,52.9,10.816129032258065,8.241935483870968
1945-06-01,26.9,15.473333333333333,5.046666666666667,43.7,10.883333333333333,5.953333333333333
1945-07-01,57.4,13.345161290322581,3.012903225806452,50.8,9.01290322580645,7.612903225806452
1945-08-01,53.599999999999994,16.23548387096774,4.416129032258064,65.0,10.641935483870967,9.896774193548387
1945-09-01,65.9,17.279999999999998,4.91,87.6,10.746666666666666,14.563333333333333
1945-10-01,117.5,19.048387096774192,7.916129032258064,114.2,12.461290322580645,16.219354838709677
1945-11-01,94.4,23.240000000000002,10.636666666666667,133.5,14.82,18.35666666666667
1945-12-01,26.700000000000003,23.925806451612903,10.687096774193549,160.0,15.390322580645162,23.91290322580645
1946-01-01,27.3,26.60967741935484,12.480645161290322,167.9,17.532258064516128,23.780645161290323
1946-02-01,116.19999999999999,24.210714285714285,12.421428571428573,135.3,18.32857142857143,18.910714285714285
1946-03-01,72.6,22.651612903225807,10.67741935483871,112.8,15.893548387096773,15.100000000000001
1946-04-01,125.39999999999999,18.30666666666667,8.85,75.1,13.34,11.956666666666667
1946-05-01,49.300000000000004,17.625806451612902,5.341935483870968,52.9,10.600000000000001,9.348387096774195
1946-06-01,135.1,13.06,4.760000000000001,43.7,9.093333333333334,6.793333333333334
1946-07-01,19.2,15.422580645161291,5.438709677419355,50.8,9.52258064516129,7.712903225806452
1946-08-01,60.099999999999994,15.33548387096774,4.703225806451614,65.0,9.235483870967743,10.896774193548387
1946-09-01,92.2,16.103333333333335,5.116666666666666,87.6,10.123333333333333,14.863333333333333
1946-10-01,59.7,17.374193548387098,6.54516129032258,114.2,11.235483870967743,18.641935483870967
1946-11-01,69.8,21.176666666666666,9.573333333333332,133.5,13.860000000000001,18.596666666666668
1946-12-01,52.2,22.967741935483872,10.77741935483871,160.0,15.570967741935483,22.87741935483871
1947-01-01,27.4,25.496774193548386,10.941935483870967,167.9,16.570967741935487,24.77741935483871
1947-02-01,59.5,27.160714285714285,14.289285714285715,135.3,19.525000000000002,18.117857142857144
1947-03-01,105.9,23.687096774193545,11.948387096774193,112.8,16.664516129032258,16.432258064516127
1947-04-01,181.1,20.453333333333333,8.946666666666665,75.1,14.453333333333335,12.436666666666667
1947-05-01,3.8,20.274193548387096,8.216129032258063,52.9,12.341935483870968,8.961290322580645
1947-06-01,35.2,15.46,5.213333333333334,43.7,10.44,7.0
1947-07-01,43.4,15.096774193548388,4.070967741935484,50.8,9.774193548387096,7.896774193548388
1947-08-01,37.6,15.23225806451613,4.787096774193548,65.0,9.59032258064516,10.96774193548387
1947-09-01,40.199999999999996,17.813333333333333,5.4366666666666665,87.6,11.423333333333334,15.2
1947-10-01,57.2,19.287096774193547,7.051612903225807,114.2,12.206451612903225,17.93548387096774
1947-11-01,40.5,19.746666666666666,9.06,133.5,13.443333333333333,19.823333333333334
1947-12-01,89.89999999999999,23.174193548387095,12.44516129032258,160.0,16.80322580645161,20.503225806451614
1948-01-01,143.6,21.664516129032258,11.254838709677419,167.9,16.177419354838708,22.048387096774192
1948-02-01,75.0,25.268965517241377,13.886206896551723,139.8,18.413793103448278,18.862068965517242
1948-03-01,4.6,21.82903225806452,8.51290322580645,112.8,14.212903225806452,18.04516129032258
1948-04-01,226.5,19.373333333333335,9.116666666666667,75.1,13.596666666666666,11.126666666666667
1948-05-01,74.8,16.25483870967742,7.158064516129032,52.9,11.270967741935483,7.554838709677419
1948-06-01,11.7,14.996666666666666,3.73,43.7,9.753333333333334,6.586666666666667
1948-07-01,13.3,13.719354838709679,2.9096774193548387,50.8,8.580645161290322,8.048387096774194
1948-08-01,8.399999999999999,17.048387096774192,3.545161290322581,65.0,9.641935483870967,11.229032258064517
1948-09-01,50.300000000000004,19.02,5.626666666666667,87.6,11.296666666666665,14.85
1948-10-01,92.5,19.116129032258065,6.754838709677419,114.2,11.48709677419355,19.016129032258064
1948-11-01,33.2,21.07333333333333,8.68,133.5,13.783333333333333,20.093333333333337
1948-12-01,82.7,24.716129032258067,11.52258064516129,160.0,15.52258064516129,19.48709677419355
1949-01-01,289.6,23.916129032258063,12.312903225806451,167.9,15.887096774193548,21.216129032258067
1949-02-01,122.4,22.732142857142858,11.828571428571427,135.3,15.12857142857143,19.607142857142858
1949-03-01,87.4,22.506451612903227,12.609677419354838,112.8,16.72258064516129,14.26774193548387
1949-04-01,53.8,18.88,8.82,75.1,12.763333333333332,12.743333333333334
1949-05-01,100.3,15.86774193548387,6.783870967741936,52.9,11.048387096774194,7.903225806451613
1949-06-01,228.0,12.923333333333334,4.626666666666667,43.7,9.28,6.173333333333333
1949-07-01,88.3,14.864516129032259,4.112903225806452,50.8,9.141935483870968,7.583870967741936
1949-08-01,23.2,16.283870967741937,3.7096774193548385,65.0,9.274193548387096,11.535483870967743
1949-09-01,26.4,17.15,5.78,87.6,11.033333333333333,14.383333333333333
1949-10-01,82.7,20.712903225806453,9.064516129032258,114.2,13.748387096774193,14.87741935483871
1949-11-01,137.1,20.459999999999997,10.68,133.5,15.28,18.35
1949-12-01,29.099999999999998,21.55483870967742,10.435483870967742,160.0,14.241935483870968,21.674193548387095
1950-01-01,26.900000000000002,23.951612903225808,11.906451612903227,167.9,15.53225806451613,22.19677419354839
1950-02-01,133.29999999999998,22.79642857142857,13.707142857142857,135.3,17.728571428571428,17.267857142857142
1950-03-01,185.3,21.596774193548388,13.064516129032258,112.8,17.241935483870968,13.458064516129031
1950-04-01,103.2,19.673333333333336,9.46,75.1,14.176666666666668,12.16
1950-05-01,122.5,16.89032258064516,8.348387096774195,52.9,11.51290322580645,7.764516129032257
1950-06-01,58.4,13.963333333333333,4.993333333333334,43.7,9.706666666666667,6.303333333333333
1950-07-01,44.9,15.422580645161291,4.877419354838709,50.8,9.738709677419354,7.216129032258064
1950-08-01,48.0,15.651612903225805,4.619354838709677,65.0,9.85483870967742,10.574193548387097
1950-09-01,30.4,19.433333333333334,6.86,87.6,12.123333333333333,15.110000000000001
1950-10-01,160.5,19.406451612903226,9.54516129032258,114.2,14.203225806451613,15.783870967741937
1950-11-01,56.6,22.323333333333334,10.853333333333333,133.5,15.626666666666667,18.55666666666667
1950-12-01,65.8,24.829032258064515,12.541935483870969,160.0,16.990322580645163,24.225806451612904
1951-01-01,31.7,26.80322580645161,12.62258064516129,167.9,18.18064516129032,22.406451612903226
1951-02-01,158.2,25.792857142857144,14.392857142857142,135.3,17.817857142857143,19.307142857142857
1951-03-01,0.8,25.480645161290322,12.600000000000001,112.8,16.693548387096776,17.616129032258065
1951-04-01,86.3,18.779999999999998,7.843333333333334,75.1,12.610000000000001,11.723333333333333
1951-05-01,52.1,17.783870967741933,7.825806451612903,52.9,11.735483870967743,7.961290322580645
1951-06-01,133.3,14.783333333333333,6.6899999999999995,43.7,10.92,5.96
1951-07-01,69.1,15.006451612903225,4.270967741935484,50.8,8.793548387096775,8.180645161290322
1951-08-01,172.8,14.364516129032259,5.006451612903225,65.0,8.951612903225806,10.40967741935484
1951-09-01,149.5,17.87,7.223333333333333,87.6,11.33,13.966666666666667
1951-10-01,62.8,19.429032258064513,8.23225806451613,114.2,11.841935483870968,19.141935483870967
1951-11-01,72.8,20.973333333333336,8.633333333333333,133.5,11.46,22.023333333333333
1951-12-01,27.799999999999997,23.938709677419357,11.196774193548388,160.0,13.312903225806451,23.538709677419355
1952-01-01,16.8,24.799999999999997,11.519354838709678,167.9,14.72258064516129,22.73548387096774
1952-02-01,42.7,23.593103448275862,12.144827586206896,139.8,14.189655172413794,19.06551724137931
1952-03-01,148.3,24.72258064516129,12.770967741935483,112.8,15.338709677419354,16.42258064516129
1952-04-01,135.5,17.913333333333334,9.983333333333333,75.1,13.256666666666666,10.966666666666667
1952-05-01,140.0,16.748387096774195,6.5,52.9,11.064516129032258,8.22258064516129
1952-06-01,136.7,14.81,7.323333333333333,43.7,10.193333333333333,6.680000000000001
1952-07-01,37.800000000000004,13.09032258064516,3.7451612903225806,50.8,8.558064516129033,8.390322580645162
1952-08-01,80.4,14.351612903225806,4.867741935483871,65.0,9.506451612903225,11.390322580645162
1952-09-01,60.2,18.743333333333332,6.233333333333333,87.6,10.683333333333334,15.423333333333334
1952-10-01,93.3,19.07741935483871,8.922580645161291,114.2,12.12258064516129,16.335483870967742
1952-11-01,165.6,19.716666666666665,9.773333333333333,133.5,12.870000000000001,21.03666666666667
1952-12-01,116.4,22.82903225806452,12.480645161290322,160.0,14.983870967741936,20.729032258064517
1953-01-01,39.8,23.82903225806452,13.858064516129033,167.9,15.861290322580645,23.15806451612903
1953-02-01,36.9,24.414285714285715,13.239285714285714,135.3,15.471428571428572,21.557142857142857
1953-03-01,26.9,24.112903225806452,11.261290322580646,112.8,14.387096774193548,17.280645161290323
1953-04-01,18.3,21.483333333333334,9.496666666666666,75.1,13.166666666666666,13.036666666666667
1953-05-01,136.0,17.6,8.283870967741937,52.9,11.35483870967742,8.203225806451613
1953-06-01,76.5,14.493333333333334,4.8566666666666665,43.7,8.936666666666667,7.54
1953-07-01,38.8,14.52258064516129,4.029032258064516,50.8,8.651612903225805,8.86774193548387
1953-08-01,109.0,15.148387096774194,4.470967741935484,65.0,9.358064516129033,10.803225806451612
1953-09-01,33.7,17.043333333333333,6.2,87.6,10.343333333333334,15.036666666666667
1953-10-01,115.80000000000001,19.280645161290323,7.445161290322581,114.2,11.870967741935484,19.661290322580644
1953-11-01,101.7,21.27,9.406666666666666,133.5,12.76,21.686666666666667
1953-12-01,32.0,24.54516129032258,11.251612903225807,160.0,13.416129032258064,24.093548387096774
1954-01-01,123.7,25.883870967741935,13.451612903225806,167.9,16.441935483870967,22.141935483870967
1954-02-01,104.1,22.732142857142858,13.303571428571429,135.3,16.196428571428573,20.060714285714287
1954-03-01,14.8,22.725806451612904,9.825806451612904,112.8,13.216129032258063,18.483870967741936
1954-04-01,35.6,21.543333333333333,9.69,75.1,13.31,11.976666666666667
1954-05-01,30.0,17.55483870967742,5.632258064516129,52.9,10.80967741935484,9.067741935483872
1954-06-01,197.0,14.6,5.180000000000001,43.7,9.5,6.883333333333334
1954-07-01,102.89999999999999,14.648387096774194,2.8870967741935485,50.8,8.548387096774194,8.432258064516128
1954-08-01,34.3,16.37741935483871,4.187096774193549,65.0,9.48709677419355,11.061290322580644
1954-09-01,38.699999999999996,18.003333333333334,4.663333333333333,87.6,10.25,16.01
1954-10-01,67.0,19.84193548387097,8.416129032258064,114.2,11.316129032258065,17.322580645161292
1954-11-01,209.7,20.220000000000002,10.936666666666667,133.5,13.82,19.983333333333334
1954-12-01,26.699999999999996,24.67096774193548,12.458064516129031,160.0,15.003225806451614,22.687096774193545
1955-01-01,37.5,26.193548387096776,12.790322580645162,167.9,15.416129032258066,22.774193548387096
1955-02-01,86.6,24.6,14.607142857142858,135.3,17.092857142857145,16.67142857142857
1955-03-01,38.3,23.36451612903226,12.403225806451612,112.8,16.480645161290322,15.36774193548387
1955-04-01,20.5,21.346666666666668,9.116666666666667,75.1,13.293333333333333,12.436666666666667
1955-05-01,57.1,16.93548387096774,5.664516129032258,52.9,10.806451612903226,8.570967741935483
1955-06-01,103.1,14.03,4.026666666666666,43.7,9.083333333333334,6.9399999999999995
1955-07-01,10.2,14.3,3.670967741935484,50.8,8.635483870967741,7.72258064516129
1955-08-01,31.5,17.458064516129035,5.296774193548386,65.0,9.509677419354839,10.887096774193548
1955-09-01,46.800000000000004,18.113333333333333,5.96,87.6,11.026666666666667,13.866666666666667
1955-10-01,136.8,20.23225806451613,9.12258064516129,114.2,12.493548387096775,17.95483870967742
1955-11-01,57.1,20.383333333333333,8.870000000000001,133.5,11.536666666666667,20.88
1955-12-01,194.0,22.116129032258065,11.361290322580645,160.0,14.193548387096774,21.200000000000003
1956-01-01,116.8,23.20967741935484,12.345161290322581,167.9,15.35483870967742,22.596774193548388
1956-02-01,24.0,26.3,14.76896551724138,139.8,18.224137931034484,18.96896551724138
1956-03-01,77.4,23.88064516129032,14.370967741935484,112.8,18.112903225806452,13.003225806451614
1956-04-01,32.0,21.456666666666667,9.65,75.1,13.629999999999999,11.94
1956-05-01,250.3,16.141935483870967,8.67741935483871,52.9,12.341935483870968,7.770967741935484
1956-06-01,92.9,14.889999999999999,6.1466666666666665,43.7,9.78,7.323333333333333
1956-07-01,45.4,14.483870967741936,4.432258064516129,50.8,9.119354838709677,7.932258064516129
1956-08-01,32.4,15.219354838709679,3.035483870967742,65.0,8.503225806451614,11.458064516129031
1956-09-01,101.3,16.37333333333333,5.816666666666666,87.6,10.536666666666667,14.713333333333333
1956-10-01,123.3,18.08709677419355,8.003225806451614,114.2,11.36774193548387,17.41290322580645
1956-11-01,91.8,19.103333333333335,9.053333333333335,133.5,11.813333333333333,21.276666666666664
1956-12-01,45.8,22.41290322580645,10.112903225806452,160.0,12.76774193548387,23.799999999999997
1957-01-01,13.0,24.570967741935487,10.206451612903225,167.9,13.225806451612904,26.751612903225805
1957-02-01,39.2,26.50714285714286,12.375,135.3,15.867857142857144,21.325
1957-03-01,42.4,23.55806451612903,10.667741935483871,112.8,13.206451612903225,16.25161290322581
1957-04-01,21.299999999999997,21.633333333333333,7.8966666666666665,75.1,11.32,13.366666666666667
1957-05-01,30.4,17.65806451612903,5.245161290322581,52.9,9.403225806451612,10.112903225806452
1957-06-01,45.3,18.203333333333333,6.516666666666667,43.7,9.996666666666666,6.933333333333334
1957-07-01,169.4,13.858064516129033,4.467741935483871,50.8,8.98709677419355,8.270967741935483
1957-08-01,90.1,15.470967741935485,4.0,65.0,9.374193548387098,10.958064516129031
1957-09-01,67.89999999999999,17.66,5.3133333333333335,87.6,9.81,15.976666666666667
1957-10-01,64.9,18.358064516129033,7.919354838709677,114.2,11.787096774193548,18.53548387096774
1957-11-01,68.0,21.873333333333335,9.376666666666667,133.5,11.553333333333335,21.706666666666667
1957-12-01,81.6,23.958064516129035,11.270967741935483,160.0,13.893548387096773,21.664516129032258
1958-01-01,45.8,22.41290322580645,11.509677419354839,167.9,14.087096774193547,22.706451612903226
1958-02-01,111.7,24.321428571428573,14.082142857142857,135.3,16.571428571428573,19.042857142857144
1958-03-01,88.6,23.280645161290323,11.8,112.8,15.619354838709677,16.30322580645161
1958-04-01,14.4,21.21333333333333,8.036666666666667,75.1,12.34,13.716666666666667
1958-05-01,33.6,19.574193548387097,7.912903225806451,52.9,11.203225806451613,9.761290322580646
1958-06-01,70.69999999999999,14.45,4.413333333333333,43.7,8.55,7.216666666666667
1958-07-01,52.9,13.796774193548387,3.8096774193548386,50.8,8.1,8.432258064516128
1958-08-01,56.5,15.54516129032258,5.445161290322581,65.0,9.235483870967743,10.66451612903226
1958-09-01,72.5,15.986666666666668,5.3100000000000005,87.6,10.423333333333334,14.823333333333332
1958-10-01,79.0,19.070967741935487,7.406451612903226,114.2,11.577419354838709,17.42258064516129
1958-11-01,50.8,23.253333333333334,11.203333333333335,133.5,14.766666666666667,20.37
1958-12-01,52.1,22.0,10.754838709677419,160.0,13.964516129032257,21.35483870967742
1959-01-01,18.5,28.58709677419355,14.90967741935484,167.9,16.14516129032258,25.374193548387098
1959-02-01,37.9,26.260714285714283,15.157142857142857,135.3,16.79285714285714,18.714285714285715
1959-03-01,46.8,24.0258064516129,12.790322580645162,112.8,15.648387096774194,15.693548387096774
1959-04-01,39.6,21.51,10.370000000000001,75.1,13.176666666666668,11.67
1959-05-01,36.5,16.94516129032258,6.080645161290323,52.9,9.916129032258064,9.703225806451613
1959-06-01,158.5,15.45,5.39,43.7,9.593333333333334,7.306666666666667
1959-07-01,157.7,14.648387096774194,5.358064516129032,50.8,9.358064516129033,7.351612903225806
1959-08-01,40.800000000000004,16.083870967741937,4.309677419354839,65.0,9.051612903225807,11.33548387096774
1959-09-01,139.4,16.386666666666667,5.760000000000001,87.6,10.533333333333333,14.533333333333333
1959-10-01,62.6,18.074193548387097,8.2,114.2,12.02258064516129,16.90967741935484
1959-11-01,92.1,23.25,11.513333333333332,133.5,15.146666666666667,20.709999999999997
1959-12-01,75.7,23.638709677419353,11.896774193548387,160.0,15.196774193548388,22.551612903225806
1960-01-01,11.5,28.429032258064517,14.612903225806452,167.9,18.74516129032258,22.4741935483871
1960-02-01,44.0,24.06896551724138,11.903448275862068,139.8,14.951724137931036,19.306896551724137
1960-03-01,11.899999999999999,24.970967741935485,11.387096774193548,112.8,15.325806451612904,17.887096774193548
1960-04-01,17.6,21.613333333333333,8.886666666666667,75.1,11.476666666666667,11.236666666666668
1960-05-01,118.3,16.587096774193547,6.541935483870968,52.9,9.696774193548386,8.22258064516129
1960-06-01,219.70000000000002,14.546666666666665,4.206666666666667,43.7,8.889999999999999,7.09
1960-07-01,106.6,14.312903225806451,5.112903225806452,50.8,9.116129032258065,7.216129032258064
1960-08-01,46.9,14.7,4.219354838709678,65.0,8.76774193548387,11.254838709677419
1960-09-01,121.4,17.276666666666664,6.623333333333333,87.6,10.203333333333331,13.26
1960-10-01,53.7,19.56451612903226,8.02258064516129,114.2,12.080645161290322,18.203225806451613
1960-11-01,76.3,19.866666666666667,8.526666666666667,133.5,12.576666666666666,21.10666666666667
1960-12-01,133.1,24.92258064516129,12.912903225806453,160.0,16.57741935483871,23.919354838709676
1961-01-01,70.6,26.874193548387098,13.709677419354838,167.9,17.574193548387097,25.316129032258065
1961-02-01,45.7,25.721428571428568,12.450000000000001,135.3,15.510714285714286,21.49285714285714
1961-03-01,207.5,22.84193548387097,11.874193548387098,112.8,15.751612903225807,15.819354838709678
1961-04-01,26.6,21.77,10.120000000000001,75.1,13.986666666666668,11.583333333333334
1961-05-01,113.3,16.983870967741936,5.641935483870968,52.9,10.296774193548387,9.570967741935483
1961-06-01,63.9,15.72,5.6466666666666665,43.7,9.413333333333332,7.483333333333333
1961-07-01,123.0,14.30967741935484,5.464516129032258,50.8,9.403225806451612,7.241935483870968
1961-08-01,98.3,15.425806451612903,4.95483870967742,65.0,9.503225806451614,11.261290322580646
1961-09-01,111.7,17.813333333333333,6.1066666666666665,87.6,10.936666666666667,16.566666666666666
1961-10-01,80.3,22.306451612903224,9.332258064516129,114.2,13.490322580645161,20.374193548387098
1961-11-01,63.6,21.923333333333336,10.926666666666668,133.5,14.426666666666668,18.633333333333333
1961-12-01,74.39999999999999,24.06451612903226,12.761290322580646,160.0,15.609677419354838,23.18064516129032
1962-01-01,109.5,25.206451612903226,13.693548387096774,167.9,17.083870967741937,20.612903225806452
1962-02-01,46.599999999999994,23.682142857142857,13.207142857142857,135.3,15.892857142857142,20.8
1962-03-01,14.9,24.51290322580645,12.064516129032258,112.8,15.516129032258064,18.116129032258065
1962-04-01,59.9,21.44333333333333,9.076666666666666,75.1,12.086666666666668,13.276666666666667
1962-05-01,149.5,17.05483870967742,5.754838709677419,52.9,10.006451612903225,8.635483870967741
1962-06-01,25.2,17.266666666666666,5.096666666666667,43.7,9.453333333333335,8.03
1962-07-01,17.9,15.725806451612904,4.490322580645161,50.8,8.619354838709677,8.874193548387098
1962-08-01,74.8,15.048387096774194,4.199999999999999,65.0,8.464516129032257,10.96774193548387
1962-09-01,93.3,17.646666666666665,5.836666666666667,87.6,9.84,15.65
1962-10-01,85.9,18.051612903225806,6.219354838709678,114.2,9.970967741935485,17.299999999999997
1962-11-01,22.0,21.779999999999998,9.186666666666667,133.5,11.566666666666666,22.096666666666668
1962-12-01,179.6,23.76774193548387,12.396774193548387,160.0,14.922580645161291,21.66774193548387
1963-01-01,58.99999999999999,25.583870967741937,13.635483870967741,167.9,16.15483870967742,21.748387096774195
1963-02-01,53.1,24.464285714285715,12.582142857142857,135.3,15.049999999999999,18.339285714285715
1963-03-01,39.6,23.664516129032258,12.319354838709677,112.8,14.709677419354838,15.990322580645161
1963-04-01,58.7,20.0,7.1433333333333335,75.1,11.706666666666667,13.473333333333333
1963-05-01,235.4,16.635483870967743,8.63225806451613,52.9,12.629032258064516,6.564516129032258
1963-06-01,20.7,13.93,4.486666666666666,43.7,9.55,6.963333333333334
1963-07-01,168.4,13.203225806451613,4.396774193548387,50.8,9.0,7.090322580645162
1963-08-01,66.6,14.609677419354838,3.893548387096774,65.0,9.238709677419354,10.332258064516129
1963-09-01,62.8,17.14,6.386666666666667,87.6,10.29,13.806666666666667
1963-10-01,40.9,21.16774193548387,9.59032258064516,114.2,13.883870967741935,17.470967741935485
1963-11-01,47.3,21.303333333333335,9.543333333333333,133.5,12.733333333333333,23.096666666666668
1963-12-01,52.2,23.61935483870968,11.829032258064515,160.0,15.306451612903226,19.89032258064516
1964-01-01,7.5,25.538709677419355,11.793548387096775,167.9,13.219354838709679,21.858064516129033
1964-02-01,47.599999999999994,24.82758620689655,12.186206896551724,139.8,14.789655172413791,16.679310344827584
1964-03-01,45.5,24.122580645161293,10.2,112.8,14.106451612903227,17.9741935483871
1964-04-01,98.5,20.993333333333332,10.046666666666665,75.1,14.686666666666667,10.32
1964-05-01,80.8,16.793548387096774,5.383870967741935,52.9,10.674193548387096,8.741935483870968
1964-06-01,99.4,15.253333333333334,5.28,43.7,10.163333333333332,6.723333333333333
1964-07-01,61.099999999999994,14.380645161290323,4.438709677419355,50.8,9.196774193548388,7.338709677419355
1964-08-01,54.6,15.158064516129032,5.932258064516129,65.0,8.941935483870967,9.661290322580646
1964-09-01,77.8,17.94333333333333,6.423333333333333,87.6,9.893333333333334,14.196666666666665
1964-10-01,90.1,18.006451612903227,7.780645161290322,114.2,10.606451612903227,17.148387096774194
1964-11-01,26.0,22.09,10.610000000000001,133.5,12.92,21.453333333333333
1964-12-01,100.8,21.967741935483872,10.906451612903227,160.0,12.40967741935484,20.80322580645161
1965-01-01,20.3,22.13225806451613,10.158064516129032,167.9,12.290322580645162,23.351612903225806
1965-02-01,11.8,26.232142857142858,12.335714285714285,135.3,14.467857142857143,21.54642857142857
1965-03-01,19.5,25.14516129032258,10.729032258064517,112.8,12.203225806451613,17.519354838709678
1965-04-01,103.9,19.376666666666665,7.576666666666667,75.1,10.843333333333334,11.19
1965-05-01,17.8,18.70967741935484,5.264516129032258,52.9,10.383870967741935,9.348387096774195
1965-06-01,40.099999999999994,16.37666666666667,3.646666666666667,43.7,7.746666666666666,7.4399999999999995
1965-07-01,47.9,14.261290322580646,3.1806451612903226,50.8,8.332258064516129,8.129032258064516
1965-08-01,78.9,15.951612903225806,5.496774193548387,65.0,9.83548387096774,9.35483870967742
1965-09-01,40.7,19.009999999999998,7.2733333333333325,87.6,10.99,14.49
1965-10-01,70.7,20.738709677419354,9.674193548387096,114.2,12.419354838709678,15.841935483870966
1965-11-01,151.7,21.31,9.733333333333333,133.5,11.863333333333333,19.206666666666667
1965-12-01,16.799999999999997,24.383870967741935,12.654838709677419,160.0,15.738709677419354,22.64516129032258
1966-01-01,41.4,26.616129032258065,13.216129032258063,167.9,14.506451612903225,23.103225806451615
1966-02-01,207.9,23.385714285714283,13.096428571428572,135.3,15.692857142857141,18.071428571428573
1966-03-01,61.0,23.68064516129032,13.174193548387098,112.8,15.66451612903226,15.63225806451613
1966-04-01,58.9,19.959999999999997,7.833333333333333,75.1,11.94,13.583333333333334
1966-05-01,65.1,17.299999999999997,6.464516129032258,52.9,10.006451612903225,7.506451612903225
1966-06-01,146.1,13.783333333333333,4.23,43.7,8.896666666666667,7.123333333333333
1966-07-01,108.8,13.648387096774194,3.629032258064516,50.8,7.783870967741935,7.990322580645161
1966-08-01,41.699999999999996,15.351612903225806,4.532258064516129,65.0,8.841935483870966,11.46774193548387
1966-09-01,51.5,16.843333333333334,7.116666666666666,87.6,10.91,14.416666666666666
1966-10-01,163.3,18.216129032258067,8.580645161290322,114.2,12.138709677419355,15.596774193548388
1966-11-01,149.6,21.279999999999998,11.106666666666666,133.5,13.546666666666665,20.240000000000002
1966-12-01,161.0,22.23225806451613,12.138709677419355,160.0,14.996774193548386,19.212903225806453
1967-01-01,30.7,23.687096774193545,13.13225806451613,167.9,16.04193548387097,20.661290322580644
1967-02-01,22.1,26.564285714285713,13.832142857142857,135.3,15.885714285714286,20.925
1967-03-01,35.1,24.03548387096774,11.17741935483871,112.8,14.35483870967742,17.309677419354838
1967-04-01,18.299999999999997,21.65666666666667,8.96,75.1,13.28,13.363333333333333
1967-05-01,110.4,18.0,7.387096774193548,52.9,11.212903225806452,8.696774193548388
1967-06-01,37.7,15.83,6.556666666666667,43.7,11.176666666666668,6.826666666666667
1967-07-01,29.2,14.667741935483871,3.858064516129032,50.8,9.261290322580644,7.706451612903226
1967-08-01,70.2,14.635483870967741,5.225806451612903,65.0,9.654838709677419,10.387096774193548
1967-09-01,70.2,16.686666666666667,5.6033333333333335,87.6,10.846666666666666,15.29
1967-10-01,45.0,20.43548387096774,8.525806451612903,114.2,12.280645161290321,18.648387096774194
1967-11-01,58.7,22.033333333333335,8.966666666666667,133.5,12.066666666666666,22.31
1967-12-01,46.9,21.751612903225805,10.09032258064516,160.0,12.69032258064516,20.56451612903226
1968-01-01,45.6,24.932258064516127,12.899999999999999,167.9,15.312903225806451,21.82903225806452
1968-02-01,11.8,28.803448275862067,15.406896551724138,139.8,15.4,22.675862068965518
1968-03-01,34.7,25.083870967741937,14.209677419354838,112.8,16.58709677419355,15.832258064516129
1968-04-01,31.0,23.613333333333333,11.403333333333334,75.1,13.276666666666667,12.023333333333333
1968-05-01,100.6,16.061290322580646,7.612903225806452,52.9,10.464516129032257,6.893548387096774
1968-06-01,44.3,14.206666666666667,5.816666666666666,43.7,8.913333333333332,6.836666666666667
1968-07-01,77.39999999999999,13.832258064516129,4.641935483870968,50.8,8.570967741935483,8.167741935483871
1968-08-01,130.5,16.15483870967742,5.283870967741936,65.0,8.774193548387096,12.161290322580646
1968-09-01,15.6,17.16,6.180000000000001,87.6,9.6,16.203333333333333
1968-10-01,53.1,20.438709677419357,8.038709677419355,114.2,10.887096774193548,19.33225806451613
1968-11-01,63.1,21.790000000000003,9.34,133.5,12.139999999999999,22.086666666666666
1968-12-01,137.1,22.24516129032258,11.609677419354838,160.0,13.845161290322581,20.322580645161292
1969-01-01,61.0,26.58709677419355,13.932258064516128,167.9,16.654838709677417,25.293548387096774
1969-02-01,45.9,26.135714285714283,16.20714285714286,135.3,18.50357142857143,17.67142857142857
1969-03-01,90.4,23.5258064516129,12.77741935483871,112.8,16.309677419354838,15.390322580645162
1969-04-01,96.10000000000001,20.87,10.183333333333334,75.1,13.223333333333333,12.95
1969-05-01,195.9,16.05483870967742,7.4,52.9,11.403225806451612,7.738709677419355
1969-06-01,57.599999999999994,14.276666666666667,4.1,43.7,9.59,7.8566666666666665
1969-07-01,20.599999999999998,15.516129032258064,4.680645161290323,50.8,9.351612903225806,8.55483870967742
1969-08-01,43.2,16.683870967741935,5.819354838709677,65.0,10.306451612903226,11.23225806451613
1969-09-01,55.1,14.96,6.25,87.6,9.656666666666666,14.266666666666667
1969-10-01,46.8,19.677419354838708,8.570967741935483,114.2,13.080645161290322,17.729032258064517
1969-11-01,148.9,20.43,11.486666666666668,133.5,14.143333333333334,18.876666666666665
1969-12-01,77.9,22.419354838709676,11.370967741935484,159.5,13.258064516129032,21.238709677419354
1970-01-01,76.0,23.712903225806453,12.651612903225805,195.3,16.31935483870968,19.93548387096774
1970-02-01,41.3,25.042857142857144,13.553571428571429,188.6,16.896428571428572,19.782142857142855
1970-03-01,260.3,22.0258064516129,11.94516129032258,151.0,15.361290322580645,14.625806451612902
1970-04-01,47.800000000000004,21.986666666666668,10.103333333333333,96.8,13.356666666666666,13.006666666666666
1970-05-01,134.5,15.596774193548388,7.503225806451613,54.199999999999996,11.303225806451612,7.383870967741935
1970-06-01,103.3,15.25,5.696666666666667,38.6,9.923333333333334,7.036666666666666
1970-07-01,10.1,15.770967741935483,4.687096774193549,69.8,8.403225806451612,9.061290322580644
1970-08-01,102.7,15.09032258064516,5.035483870967742,83.6,9.080645161290322,10.741935483870968
1970-09-01,76.1,15.786666666666667,5.073333333333333,88.8,9.563333333333333,14.146666666666668
1970-10-01,54.0,19.838709677419356,8.441935483870967,133.3,11.461290322580645,17.458064516129035
1970-11-01,63.199999999999996,20.38,10.35,158.5,13.85,21.790000000000003
1970-12-01,209.4,23.22258064516129,13.116129032258065,191.1,15.787096774193548,22.43548387096774
1971-01-01,151.7,24.793548387096774,15.129032258064516,189.9,18.0,18.816129032258065
1971-02-01,121.7,26.314285714285713,16.264285714285712,139.6,19.5,19.260714285714283
1971-03-01,20.1,24.616129032258065,13.83548387096774,130.9,16.91290322580645,15.464516129032257
1971-04-01,22.9,22.34,9.436666666666667,88.4,13.503333333333334,14.066666666666666
1971-05-01,44.5,17.567741935483873,6.480645161290322,52.2,10.793548387096775,9.05483870967742
1971-06-01,31.799999999999997,15.110000000000001,5.6866666666666665,38.3,9.7,7.819999999999999
1971-07-01,46.1,14.661290322580646,3.7193548387096773,38.0,8.87741935483871,8.506451612903225
1971-08-01,41.1,16.032258064516128,3.7903225806451615,58.7,8.712903225806452,11.141935483870967
1971-09-01,64.7,17.686666666666667,6.176666666666667,82.3,10.336666666666666,15.206666666666667
1971-10-01,52.6,19.651612903225807,8.158064516129032,145.8,10.577419354838709,18.993548387096773
1971-11-01,111.9,19.503333333333334,9.94,143.0,13.026666666666667,18.966666666666665
1971-12-01,53.7,24.73548387096774,12.938709677419354,196.1,15.158064516129032,23.654838709677417
1972-01-01,91.7,24.57741935483871,14.396774193548387,163.6,16.654838709677417,20.541935483870965
1972-02-01,70.3,26.617241379310343,15.06551724137931,157.7,17.489655172413794,19.686206896551724
1972-03-01,11.0,22.606451612903225,10.993548387096775,137.7,13.961290322580645,17.216129032258067
1972-04-01,27.200000000000003,21.756666666666668,8.82,81.4,12.256666666666666,13.0
1972-05-01,60.199999999999996,17.80322580645161,6.325806451612903,61.5,10.451612903225806,9.593548387096773
1972-06-01,21.0,16.206666666666667,3.7933333333333334,46.5,8.996666666666666,8.573333333333332
1972-07-01,6.5,15.87741935483871,5.135483870967741,66.4,8.483870967741936,8.719354838709679
1972-08-01,91.8,16.706451612903226,5.258064516129032,67.4,9.596774193548388,10.819354838709677
1972-09-01,18.0,20.73,5.55,113.5,9.703333333333335,17.233333333333334
1972-10-01,42.3,21.032258064516128,8.458064516129031,132.8,11.667741935483871,19.719354838709677
1972-11-01,127.3,21.23,9.746666666666666,149.0,13.229999999999999,23.05666666666667
1972-12-01,1.9000000000000001,25.112903225806452,11.796774193548387,244.6,13.27741935483871,25.906451612903226
1973-01-01,43.5,28.048387096774192,14.712903225806452,233.3,16.025806451612905,22.809677419354838
1973-02-01,73.69999999999999,26.035714285714285,15.125,147.3,17.59642857142857,19.625
1973-03-01,95.2,22.206451612903226,11.922580645161291,125.7,14.574193548387097,14.77741935483871
1973-04-01,49.5,22.553333333333335,10.486666666666668,81.4,13.946666666666665,12.533333333333333
1973-05-01,21.7,18.809677419354838,7.567741935483871,65.8,11.093548387096773,8.858064516129033
1973-06-01,67.5,14.843333333333334,4.173333333333334,41.3,9.6,7.5
1973-07-01,47.0,16.01290322580645,3.9451612903225803,39.9,9.438709677419354,8.693548387096774
1973-08-01,101.99999999999999,15.893548387096773,5.693548387096774,57.5,10.219354838709679,10.37741935483871
1973-09-01,48.5,19.493333333333332,7.183333333333334,86.6,11.41,15.436666666666667
1973-10-01,100.7,19.719354838709677,10.048387096774194,97.9,14.458064516129031,16.480645161290322
1973-11-01,169.3,19.566666666666666,11.17,125.6,14.073333333333332,19.540000000000003
1973-12-01,75.9,25.432258064516127,13.325806451612904,181.0,16.429032258064517,24.429032258064513
1974-01-01,93.4,26.916129032258063,15.1,173.5,18.038709677419355,23.40967741935484
1974-02-01,56.4,24.62142857142857,13.260714285714286,152.1,16.639285714285716,20.349999999999998
1974-03-01,2.3000000000000003,26.506451612903227,13.541935483870969,139.2,17.45483870967742,16.84193548387097
1974-04-01,126.5,20.46333333333333,11.263333333333332,71.1,14.813333333333333,9.076666666666666
1974-05-01,164.2,18.59032258064516,8.509677419354839,46.5,12.958064516129031,8.064516129032258
1974-06-01,174.0,15.513333333333332,5.806666666666667,70.7,10.26,7.636666666666667
1974-07-01,191.5,15.041935483870969,5.651612903225806,79.7,9.238709677419354,7.887096774193548
1974-08-01,73.2,14.72258064516129,5.616129032258065,72.2,9.754838709677419,10.229032258064517
1974-09-01,87.7,16.513333333333332,6.9766666666666675,104.5,10.06,14.333333333333334
1974-10-01,115.3,19.33225806451613,8.577419354838709,113.4,12.432258064516128,17.80322580645161
1974-11-01,151.7,19.136666666666667,9.516666666666667,125.8,13.043333333333333,20.64333333333333
1974-12-01,54.4,22.661290322580644,11.241935483870968,178.2,14.158064516129032,26.625806451612902
1975-01-01,64.0,23.60967741935484,11.406451612903227,173.5,14.516129032258064,23.541935483870965
1975-02-01,62.6,26.360714285714288,14.775,156.8,17.435714285714287,21.357142857142858
1975-03-01,27.7,23.316129032258065,11.635483870967741,120.4,15.19032258064516,15.419354838709678
1975-04-01,85.7,20.07,9.563333333333333,74.1,13.666666666666666,11.006666666666666
1975-05-01,15.200000000000001,20.074193548387097,7.619354838709677,67.8,11.196774193548388,8.774193548387096
1975-06-01,178.2,14.55,5.626666666666667,44.3,10.166666666666666,6.666666666666667
1975-07-01,24.8,17.067741935483873,4.841935483870968,61.9,9.470967741935484,9.058064516129033
1975-08-01,133.9,15.161290322580646,5.94516129032258,59.1,9.90967741935484,10.3
1975-09-01,122.0,18.7,8.309999999999999,83.8,12.343333333333334,13.813333333333333
1975-10-01,99.2,19.419354838709676,9.138709677419355,99.5,13.858064516129033,15.745161290322581
1975-11-01,39.2,23.78666666666667,11.696666666666665,140.7,15.073333333333332,21.676666666666666
1975-12-01,131.3,24.42258064516129,13.816129032258065,157.1,16.493548387096773,20.65806451612903
1976-01-01,46.1,24.541935483870965,13.787096774193548,169.0,16.700000000000003,21.661290322580644
1976-02-01,43.900000000000006,26.513793103448275,14.779310344827588,141.1,18.231034482758623,19.23448275862069
1976-03-01,54.9,23.148387096774194,13.303225806451612,114.39999999999999,16.09032258064516,15.51290322580645
1976-04-01,29.8,21.493333333333332,10.639999999999999,89.4,13.129999999999999,12.923333333333334
1976-05-01,11.2,18.16774193548387,6.735483870967743,68.7,10.374193548387098,9.238709677419354
1976-06-01,140.1,15.626666666666667,6.056666666666667,47.2,9.796666666666665,7.010000000000001
1976-07-01,17.7,14.348387096774195,4.358064516129032,49.0,8.809677419354838,7.958064516129032
1976-08-01,153.8,14.948387096774193,4.780645161290322,76.1,9.070967741935483,11.535483870967743
1976-09-01,86.7,16.256666666666668,7.193333333333333,73.0,11.086666666666668,14.610000000000001
1976-10-01,90.9,17.919354838709676,8.85483870967742,92.3,12.53225806451613,17.01290322580645
1976-11-01,76.8,20.216666666666665,10.386666666666667,113.2,13.97,20.666666666666668
1976-12-01,39.0,24.103225806451615,11.587096774193547,184.9,14.761290322580646,24.477419354838712
1977-01-01,58.1,24.87741935483871,13.12258064516129,179.3,16.138709677419357,24.91290322580645
1977-02-01,82.0,26.282142857142855,14.975,140.3,17.55,18.914285714285715
1977-03-01,40.4,24.248387096774195,12.100000000000001,116.2,15.761290322580646,17.625806451612902
1977-04-01,91.3,19.45,9.626666666666667,75.2,12.879999999999999,12.393333333333334
1977-05-01,26.0,17.548387096774192,7.235483870967743,50.4,11.103225806451613,8.651612903225805
1977-06-01,107.0,14.426666666666668,6.653333333333333,44.4,10.306666666666667,6.676666666666667
1977-07-01,117.10000000000001,13.83548387096774,3.116129032258064,49.3,8.332258064516129,8.925806451612903
1977-08-01,20.2,18.174193548387095,6.27741935483871,74.5,9.412903225806453,12.116129032258065
1977-09-01,200.3,16.303333333333335,5.72,74.9,10.276666666666667,14.783333333333333
1977-10-01,36.4,21.200000000000003,9.22258064516129,134.1,12.399999999999999,20.629032258064516
1977-11-01,34.0,22.216666666666665,10.406666666666666,156.7,13.45,22.03666666666667
1977-12-01,31.2,23.177419354838708,11.33548387096774,201.0,13.64516129032258,24.774193548387096
1978-01-01,61.4,25.225806451612904,13.725806451612904,175.4,16.15806451612903,20.69677419354839
1978-02-01,39.4,24.667857142857144,13.210714285714285,153.2,16.364285714285714,20.00357142857143
1978-03-01,132.2,25.067741935483873,14.54516129032258,119.5,17.396774193548385,15.429032258064517
1978-04-01,330.3,20.05666666666667,10.123333333333333,67.7,13.426666666666668,12.043333333333333
1978-05-01,148.4,18.770967741935483,8.761290322580646,50.1,12.8,8.158064516129032
1978-06-01,347.6,14.356666666666666,6.243333333333334,39.2,10.639999999999999,6.48
1978-07-01,106.0,14.580645161290322,4.077419354838709,50.0,8.325806451612902,9.493548387096775
1978-08-01,40.4,15.151612903225805,4.764516129032257,59.9,9.029032258064515,11.7
1978-09-01,39.0,17.703333333333333,7.25,77.5,10.846666666666666,14.47
1978-10-01,95.19999999999999,20.44193548387097,8.709677419354838,110.8,12.351612903225806,19.02258064516129
1978-11-01,69.7,22.833333333333332,11.556666666666667,135.4,14.2,22.08
1978-12-01,149.2,22.22258064516129,11.774193548387096,142.2,14.932258064516128,21.94193548387097
1979-01-01,17.6,28.33225806451613,15.290322580645162,188.0,17.538709677419355,25.4
1979-02-01,12.6,27.592857142857145,14.228571428571428,161.5,16.478571428571428,22.34642857142857
1979-03-01,129.20000000000002,24.741935483870968,13.038709677419355,112.39999999999999,16.664516129032258,15.806451612903226
1979-04-01,38.2,20.220000000000002,9.33,73.6,12.25,12.106666666666666
1979-05-01,97.8,16.55483870967742,6.816129032258065,46.2,11.196774193548388,8.403225806451612
1979-06-01,15.3,16.83,4.95,36.4,10.136666666666667,7.42
1979-07-01,11.8,15.90967741935484,3.680645161290323,52.0,8.525806451612903,9.274193548387096
1979-08-01,64.9,16.283870967741937,5.206451612903226,59.2,9.19032258064516,10.848387096774195
1979-09-01,46.800000000000004,18.336666666666666,6.846666666666667,88.2,10.366666666666667,14.34
1979-10-01,41.2,21.322580645161292,8.106451612903227,110.6,12.529032258064515,18.55483870967742
1979-11-01,31.5,23.16,10.926666666666668,138.8,13.673333333333334,21.513333333333332
1979-12-01,12.399999999999999,25.89032258064516,11.596774193548388,217.1,14.04516129032258,25.816129032258065
1980-01-01,167.4,23.283870967741933,12.77741935483871,177.2,14.983870967741936,22.509677419354837
1980-02-01,4.3,26.46896551724138,12.755172413793103,166.2,15.327586206896552,22.079310344827583
1980-03-01,32.6,24.096774193548388,11.72258064516129,135.0,14.661290322580646,17.10967741935484
1980-04-01,21.4,23.596666666666668,9.883333333333333,92.4,13.013333333333332,13.360000000000001
1980-05-01,54.6,19.870967741935484,8.270967741935483,56.9,11.848387096774195,8.76774193548387
1980-06-01,51.3,15.97,5.79,47.3,9.770000000000001,7.303333333333333
1980-07-01,49.4,15.23225806451613,5.461290322580646,51.2,9.22258064516129,8.464516129032257
1980-08-01,23.4,18.55806451612903,5.287096774193548,82.7,9.303225806451612,11.941935483870967
1980-09-01,42.6,21.116666666666667,7.29,129.9,9.860000000000001,16.833333333333332
1980-10-01,90.8,22.177419354838708,9.141935483870967,133.9,11.874193548387098,19.970967741935485
1980-11-01,75.6,24.126666666666665,11.21,166.2,12.836666666666668,22.42
1980-12-01,175.0,26.338709677419356,13.970967741935485,188.2,15.638709677419355,21.761290322580646
1981-01-01,74.0,29.187096774193545,15.841935483870968,186.6,18.396774193548385,22.52258064516129
1981-02-01,59.4,27.553571428571427,15.299999999999999,140.0,18.842857142857145,20.592857142857145
1981-03-01,65.39999999999999,24.02258064516129,11.561290322580644,120.8,14.990322580645161,17.429032258064513
1981-04-01,9.9,23.290000000000003,9.713333333333333,105.3,13.05,14.303333333333335
1981-05-01,311.1,18.47741935483871,6.674193548387097,51.7,11.009677419354839,9.041935483870969
1981-06-01,93.0,15.533333333333333,5.08,47.0,9.46,7.526666666666667
1981-07-01,63.2,15.780645161290321,4.312903225806451,57.5,8.383870967741935,8.629032258064516
1981-08-01,54.0,15.790322580645162,5.577419354838709,69.8,9.167741935483871,10.761290322580646
1981-09-01,39.0,20.743333333333332,7.5633333333333335,100.1,10.983333333333333,16.196666666666665
1981-10-01,39.6,21.612903225806452,9.029032258064515,128.8,12.154838709677419,20.325806451612905
1981-11-01,78.8,22.183333333333334,11.01,126.69999999999999,13.673333333333334,21.373333333333335
1981-12-01,84.6,23.15806451612903,12.55483870967742,159.8,15.206451612903226,21.661290322580644
1982-01-01,100.39999999999999,28.61935483870968,15.351612903225806,192.2,16.86774193548387,23.161290322580644
1982-02-01,5.4,27.685714285714287,13.942857142857141,165.5,15.439285714285715,22.61785714285714
1982-03-01,181.3,26.164516129032258,13.509677419354839,129.6,15.964516129032257,16.729032258064517
1982-04-01,33.9,22.259999999999998,10.0,75.2,13.506666666666666,13.416666666666666
1982-05-01,24.2,18.809677419354838,7.306451612903226,61.9,10.358064516129033,8.741935483870968
1982-06-01,92.7,15.056666666666667,4.983333333333333,38.8,9.146666666666667,7.716666666666667
1982-07-01,96.6,13.874193548387098,3.3870967741935485,39.9,8.348387096774195,8.66451612903226
1982-08-01,12.7,19.216129032258067,4.958064516129032,65.8,9.787096774193548,12.687096774193549
1982-09-01,56.3,18.293333333333337,5.53,98.1,9.536666666666667,16.483333333333334
1982-10-01,56.5,20.009677419354837,7.790322580645161,132.0,11.180645161290323,20.429032258064513
1982-11-01,11.8,24.653333333333332,9.893333333333334,188.5,12.833333333333334,25.17
1982-12-01,43.5,24.461290322580645,12.035483870967743,188.5,14.216129032258063,24.35483870967742
1983-01-01,45.8,25.04516129032258,11.825806451612904,209.7,13.538709677419355,25.451612903225808
1983-02-01,5.2,29.321428571428573,14.35,198.5,16.064285714285713,21.785714285714285
1983-03-01,45.6,26.0,14.374193548387098,148.1,16.34516129032258,16.24838709677419
1983-04-01,201.4,20.016666666666666,9.653333333333334,74.4,12.49,11.58
1983-05-01,216.20000000000002,18.52258064516129,8.370967741935484,58.5,11.783870967741937,8.609677419354838
1983-06-01,28.2,15.526666666666667,5.37,38.8,8.66,8.016666666666667
1983-07-01,57.7,15.493548387096775,3.4000000000000004,39.7,8.187096774193547,9.077419354838709
1983-08-01,72.4,17.674193548387095,5.745161290322581,57.8,9.325806451612904,10.641935483870967
1983-09-01,72.4,17.916666666666668,7.043333333333334,81.0,10.533333333333333,14.389999999999999
1983-10-01,82.8,19.70967741935484,9.64516129032258,93.0,12.641935483870967,17.316129032258065
1983-11-01,38.1,23.06,10.623333333333333,134.0,13.223333333333333,22.206666666666667
1983-12-01,53.4,24.651612903225807,13.01290322580645,182.0,14.893548387096773,23.80322580645161
1984-01-01,116.0,24.490322580645163,13.929032258064517,167.5,15.029032258064516,20.425806451612903
1984-02-01,55.6,25.110344827586207,12.772413793103448,148.2,15.289655172413791,20.26551724137931
1984-03-01,43.1,22.76451612903226,11.070967741935483,116.7,13.870967741935484,16.816129032258065
1984-04-01,55.0,20.206666666666667,10.043333333333333,77.2,13.03,12.526666666666667
1984-05-01,73.0,17.83225806451613,5.793548387096774,48.2,10.525806451612903,9.474193548387097
1984-06-01,70.5,16.016666666666666,4.776666666666667,38.8,9.526666666666667,8.083333333333334
1984-07-01,248.4,13.941935483870967,5.154838709677419,44.3,9.416129032258064,7.235483870967742
1984-08-01,53.6,15.69032258064516,5.719354838709677,66.9,9.319354838709677,10.387096774193548
1984-09-01,137.9,16.066666666666666,7.526666666666666,79.3,10.206666666666667,13.46
1984-10-01,26.599999999999998,19.4741935483871,7.967741935483871,128.5,10.880645161290323,20.203225806451613
1984-11-01,20.6,22.566666666666666,10.91,145.1,12.936666666666666,21.813333333333333
1984-12-01,67.2,21.893548387096775,10.59032258064516,177.7,12.864516129032259,22.19677419354839
1985-01-01,39.0,23.032258064516128,11.393548387096773,198.8,13.516129032258064,24.24516129032258
1985-02-01,8.0,25.7,11.674999999999999,157.2,14.410714285714286,21.553571428571427
1985-03-01,57.4,25.490322580645163,13.509677419354839,121.7,16.903225806451612,16.451612903225808
1985-04-01,83.0,21.416666666666668,10.42,75.9,14.610000000000001,12.663333333333334
1985-05-01,24.4,18.32903225806452,7.319354838709677,48.4,11.306451612903226,9.17741935483871
1985-06-01,120.6,14.913333333333332,4.48,46.0,9.226666666666667,7.616666666666666
1985-07-01,63.800000000000004,14.406451612903227,4.5,43.7,8.519354838709676,8.641935483870967
1985-08-01,73.4,15.80967741935484,4.909677419354838,56.2,9.245161290322581,10.716129032258063
1985-09-01,90.4,16.36,6.723333333333333,82.3,10.666666666666666,15.226666666666667
1985-10-01,172.39999999999998,19.741935483870968,9.17741935483871,114.6,12.464516129032257,18.14516129032258
1985-11-01,140.8,20.026666666666664,10.873333333333333,120.1,14.41,18.226666666666667
1985-12-01,201.6,22.43548387096774,13.370967741935484,149.6,14.961290322580645,20.69677419354839
1986-01-01,81.0,22.296774193548387,11.54516129032258,179.8,13.903225806451612,21.44516129032258
1986-02-01,11.6,24.40357142857143,11.782142857142857,145.3,13.382142857142856,21.5
1986-03-01,24.2,24.580645161290324,12.16451612903226,136.8,15.290322580645162,16.68064516129032
1986-04-01,36.199999999999996,21.4,8.516666666666667,96.0,12.0,12.563333333333333
1986-05-01,30.6,17.651612903225807,7.732258064516128,41.9,11.070967741935483,8.399999999999999
1986-06-01,11.200000000000001,14.896666666666667,5.193333333333333,43.7,8.47,7.4399999999999995
1986-07-01,56.4,14.66451612903226,4.267741935483872,47.2,8.667741935483871,8.374193548387098
1986-08-01,28.0,16.432258064516127,4.283870967741936,59.5,9.03225806451613,11.683870967741935
1986-09-01,56.4,17.623333333333335,6.72,78.4,10.270000000000001,14.283333333333333
1986-10-01,73.6,19.66774193548387,7.612903225806452,109.9,10.351612903225806,18.9741935483871
1986-11-01,100.60000000000001,20.65666666666667,10.06,142.6,11.963333333333333,21.736666666666668
1986-12-01,48.0,22.845161290322583,10.983870967741936,155.3,11.819354838709677,23.39032258064516
1987-01-01,23.599999999999998,24.274193548387096,11.600000000000001,184.8,13.412903225806453,24.029032258064515
1987-02-01,56.0,25.782142857142855,12.728571428571428,153.0,14.132142857142856,21.49642857142857
1987-03-01,74.2,21.429032258064513,11.087096774193547,112.0,12.36774193548387,15.841935483870968
1987-04-01,35.4,22.113333333333333,9.466666666666667,81.3,12.546666666666665,13.096666666666666
1987-05-01,62.2,18.641935483870967,7.422580645161291,62.2,10.37741935483871,9.303225806451612
1987-06-01,40.0,15.389999999999999,5.163333333333333,36.4,9.236666666666668,7.666666666666667
1987-07-01,126.6,14.577419354838709,2.035483870967742,49.3,7.990322580645161,8.941935483870967
1987-08-01,57.8,15.23225806451613,4.893548387096774,49.6,9.570967741935483,10.180645161290323
1987-09-01,62.0,18.94333333333333,7.2266666666666675,92.6,10.35,15.483333333333333
1987-10-01,48.6,19.270967741935483,7.358064516129032,118.1,11.138709677419355,20.032258064516128
1987-11-01,47.0,22.243333333333332,11.123333333333333,143.3,12.896666666666667,21.013333333333332
1987-12-01,93.39999999999999,22.387096774193548,11.04516129032258,158.3,13.858064516129033,21.98709677419355
1988-01-01,48.800000000000004,27.996774193548386,14.719354838709679,194.7,16.183870967741935,23.44516129032258
1988-02-01,20.2,24.56551724137931,11.793103448275861,165.7,13.058620689655172,21.596551724137928
1988-03-01,37.2,24.54516129032258,11.541935483870969,123.4,14.206451612903225,17.43548387096774
1988-04-01,131.7,21.403333333333332,10.82,76.6,13.803333333333335,11.996666666666666
1988-05-01,84.0,18.38064516129032,9.887096774193548,42.3,12.67741935483871,7.635483870967741
1988-06-01,26.2,16.06,5.966666666666667,40.8,9.546666666666665,7.69
1988-07-01,28.4,16.01290322580645,4.725806451612903,38.7,9.019354838709676,8.416129032258064
1988-08-01,43.4,16.706451612903226,4.661290322580645,63.7,9.393548387096773,12.264516129032257
1988-09-01,117.80000000000001,19.06,7.36,84.4,10.536666666666667,15.393333333333334
1988-10-01,34.4,21.193548387096776,7.851612903225806,144.6,10.080645161290322,20.306451612903224
1988-11-01,308.4,21.403333333333332,11.18,126.5,13.016666666666667,19.916666666666668
1988-12-01,111.39999999999999,24.44193548387097,14.087096774193547,143.9,16.374193548387098,20.219354838709677
1989-01-01,26.599999999999998,24.748387096774195,12.525806451612903,168.5,14.883870967741935,24.061290322580643
1989-02-01,17.0,26.103571428571428,13.674999999999999,144.5,15.782142857142857,22.307142857142857
1989-03-01,78.0,24.616129032258065,13.693548387096774,106.9,15.683870967741935,15.074193548387097
1989-04-01,140.0,20.666666666666668,10.906666666666666,65.0,14.883333333333333,10.776666666666667
1989-05-01,48.8,18.583870967741937,8.22258064516129,42.3,12.23225806451613,8.261290322580646
1989-06-01,123.8,15.003333333333334,4.95,33.8,9.166666666666666,6.8
1989-07-01,145.6,14.229032258064517,4.406451612903226,54.0,8.841935483870966,7.729032258064516
1989-08-01,66.0,14.5,4.983870967741935,49.3,8.54516129032258,10.464516129032257
1989-09-01,83.6,17.543333333333337,6.5,80.2,10.106666666666666,14.65
1989-10-01,95.8,19.35483870967742,8.170967741935485,111.9,10.441935483870967,18.55806451612903
1989-11-01,52.6,21.576666666666664,11.03,121.2,13.563333333333333,20.793333333333333
1989-12-01,63.8,24.22258064516129,11.841935483870968,165.8,13.903225806451612,23.448387096774194
1990-01-01,13.6,26.1,13.516129032258064,197.6,14.287096774193548,26.051612903225806
1990-02-01,83.2,23.178571428571427,13.37142857142857,114.6,16.232142857142858,18.849999999999998
1990-03-01,47.0,24.27741935483871,12.087096774193547,117.4,14.629032258064516,17.89032258064516
1990-04-01,219.6,20.90666666666667,11.996666666666666,68.0,13.93,10.003333333333334
1990-05-01,37.0,17.86774193548387,8.17741935483871,63.300000000000004,10.97741935483871,8.006451612903225
1990-06-01,16.0,15.383333333333333,4.536666666666666,39.0,8.67,7.156666666666666
1990-07-01,36.199999999999996,15.535483870967743,4.629032258064516,47.6,8.574193548387097,7.080645161290323
1990-08-01,66.0,14.606451612903227,5.851612903225806,58.9,9.21290322580645,9.370967741935484
1990-09-01,90.8,17.993333333333332,6.64,80.9,10.256666666666666,14.5
1990-10-01,142.6,20.635483870967743,8.609677419354838,110.7,12.480645161290322,18.793548387096774
1990-11-01,54.6,21.103333333333335,10.736666666666668,137.6,13.533333333333333,20.720000000000002
1990-12-01,62.2,24.883870967741935,12.451612903225806,181.1,14.551612903225806,23.593548387096774
1991-01-01,106.8,26.164516129032258,14.887096774193548,176.4,17.096774193548388,23.893548387096775
1991-02-01,49.0,23.896428571428572,13.364285714285714,137.6,16.00357142857143,18.414285714285715
1991-03-01,71.2,24.048387096774192,11.780645161290321,122.3,14.706451612903225,16.096774193548388
1991-04-01,30.799999999999997,20.40666666666667,8.75,77.0,12.476666666666667,12.346666666666666
1991-05-01,24.2,17.480645161290322,7.17741935483871,50.4,11.35483870967742,8.751612903225807
1991-06-01,135.79999999999998,16.893333333333334,8.073333333333332,45.4,11.65,5.446666666666667
1991-07-01,127.4,14.293548387096775,6.212903225806452,42.4,9.370967741935484,6.993548387096775
1991-08-01,54.2,15.848387096774195,4.932258064516129,74.4,8.125806451612902,10.674193548387096
1991-09-01,88.8,17.3,6.776666666666667,76.0,10.110000000000001,13.42
1991-10-01,22.8,20.703225806451613,8.990322580645161,124.5,11.819354838709677,17.874193548387098
1991-11-01,24.8,21.7,9.786666666666667,150.5,11.813333333333333,24.240000000000002
1991-12-01,88.4,22.270967741935483,11.709677419354838,148.7,13.974193548387097,21.59032258064516
1992-01-01,80.2,22.074193548387097,12.541935483870969,147.8,14.325806451612904,22.080645161290324
1992-02-01,85.60000000000001,23.196551724137933,13.479310344827585,115.4,15.379310344827585,18.66896551724138
1992-03-01,36.0,24.661290322580644,13.351612903225806,112.5,16.67096774193548,15.906451612903227
1992-04-01,54.199999999999996,21.30666666666667,9.243333333333334,72.1,13.116666666666667,12.196666666666665
1992-05-01,32.2,18.212903225806453,7.303225806451613,43.6,11.696774193548388,8.63225806451613
1992-06-01,107.2,14.706666666666667,4.716666666666667,41.8,9.91,6.9
1992-07-01,46.4,15.319354838709677,5.054838709677419,50.0,8.67741935483871,7.248387096774193
1992-08-01,55.2,15.077419354838709,4.83225806451613,56.0,8.570967741935483,9.935483870967742
1992-09-01,152.79999999999998,15.093333333333334,5.926666666666666,71.8,10.44,11.72
1992-10-01,78.8,19.625806451612902,8.716129032258063,97.9,12.258064516129032,17.54516129032258
1992-11-01,188.6,19.95,9.65,112.7,13.096666666666666,19.11
1992-12-01,106.4,23.13225806451613,13.661290322580646,137.4,15.638709677419355,20.493548387096773
1993-01-01,63.800000000000004,25.903225806451612,14.651612903225805,149.0,17.129032258064516,22.261290322580646
1993-02-01,56.599999999999994,25.785714285714285,14.360714285714286,127.3,16.510714285714286,18.539285714285715
1993-03-01,128.4,22.129032258064516,12.329032258064515,95.4,15.938709677419356,15.55483870967742
1993-04-01,16.6,22.126666666666665,9.976666666666667,76.5,13.756666666666666,12.81
1993-05-01,26.599999999999998,17.66774193548387,7.1,45.9,10.97741935483871,7.977419354838709
1993-06-01,44.4,14.333333333333334,6.08,42.0,9.023333333333333,6.673333333333333
1993-07-01,59.9,15.841935483870968,4.138709677419355,38.1,9.40967741935484,7.296774193548386
1993-08-01,45.2,17.848387096774193,5.519354838709678,66.0,9.429032258064517,10.577419354838709
1993-09-01,215.0,17.146666666666665,7.946666666666667,74.6,11.123333333333333,13.053333333333335
1993-10-01,122.8,18.82903225806452,8.838709677419354,111.1,11.53225806451613,19.438709677419357
1993-11-01,55.400000000000006,20.553333333333335,9.786666666666667,125.2,12.473333333333333,22.113333333333333
1993-12-01,139.8,22.448387096774194,12.435483870967742,157.7,13.551612903225807,21.548387096774192
1994-01-01,45.0,24.445161290322584,12.438709677419356,173.2,14.219354838709679,24.241935483870968
1994-02-01,186.0,25.057142857142857,14.435714285714285,114.3,17.74642857142857,16.99642857142857
1994-03-01,64.2,21.40967741935484,10.206451612903225,98.0,14.422580645161291,16.67096774193548
1994-04-01,89.4,20.873333333333335,9.17,85.4,12.673333333333334,12.22
1994-05-01,40.6,18.135483870967743,6.480645161290322,69.2,10.12258064516129,8.709677419354838
1994-06-01,60.6,14.923333333333334,5.4399999999999995,33.2,9.913333333333332,6.64
1994-07-01,14.2,16.093548387096774,4.048387096774194,48.6,8.564516129032258,8.483870967741936
1994-08-01,11.8,15.329032258064515,3.725806451612903,68.0,8.587096774193547,13.280645161290321
1994-09-01,57.2,16.07,4.966666666666667,82.0,9.546666666666665,13.743333333333334
1994-10-01,45.0,19.748387096774195,7.470967741935484,126.5,11.64516129032258,18.470967741935485
1994-11-01,87.4,21.136666666666667,9.18,125.6,12.46,19.636666666666667
1994-12-01,52.4,25.741935483870968,11.829032258064515,174.8,15.17741935483871,27.212903225806453
1995-01-01,127.6,26.548387096774192,14.54516129032258,168.4,17.148387096774194,22.17096774193548
1995-02-01,45.6,25.95,12.975,149.4,15.932142857142859,21.38214285714286
1995-03-01,55.4,21.580645161290324,10.990322580645161,106.8,13.603225806451613,16.58709677419355
1995-04-01,44.0,18.743333333333332,6.9366666666666665,70.2,11.43,12.103333333333333
1995-05-01,73.2,17.041935483870965,7.712903225806452,41.9,12.087096774193547,7.480645161290322
1995-06-01,78.2,14.783333333333333,5.27,39.0,10.083333333333334,5.819999999999999
1995-07-01,37.800000000000004,13.461290322580645,4.467741935483871,41.4,8.990322580645161,6.877419354838709
1995-08-01,29.6,17.509677419354837,4.467741935483871,67.8,10.109677419354838,12.077419354838709
1995-09-01,79.4,16.666666666666668,5.276666666666666,66.8,10.47,14.729999999999999
1995-10-01,165.8,17.461290322580645,8.5,78.0,11.706451612903225,14.287096774193548
1995-11-01,82.4,21.403333333333332,10.086666666666668,102.0,13.006666666666666,18.073333333333334
1995-12-01,199.1,20.083870967741937,10.151612903225805,117.1,13.432258064516128,21.73225806451613
1996-01-01,77.4,23.31935483870968,15.0,148.1,16.46451612903226,22.36774193548387
1996-02-01,80.6,22.70689655172414,10.948275862068966,114.2,14.76896551724138,20.727586206896554
1996-03-01,21.2,23.34193548387097,11.30967741935484,107.4,14.358064516129032,16.25483870967742
1996-04-01,96.80000000000001,19.259999999999998,8.48,63.8,11.636666666666667,10.75
1996-05-01,57.400000000000006,18.13225806451613,7.761290322580645,43.0,11.270967741935483,8.258064516129032
1996-06-01,34.0,15.926666666666668,4.510000000000001,28.8,10.05,6.626666666666667
1996-07-01,152.79999999999998,14.364516129032259,4.761290322580645,36.0,9.570967741935483,6.816129032258065
1996-08-01,43.0,16.067741935483873,5.232258064516128,55.8,9.745161290322581,9.364516129032259
1996-09-01,65.2,18.85666666666667,6.616666666666666,103.2,9.923333333333334,14.953333333333335
1996-10-01,55.8,20.751612903225805,8.464516129032257,116.4,11.458064516129031,19.85483870967742
1996-11-01,128.6,19.956666666666667,8.5,118.8,11.833333333333334,20.243333333333332
1996-12-01,56.6,20.612903225806452,10.46774193548387,105.4,13.203225806451613,18.47741935483871
1997-01-01,57.0,26.016129032258064,13.264516129032257,177.4,15.509677419354839,25.641935483870967
1997-02-01,20.8,27.88214285714286,14.153571428571428,143.8,17.33214285714286,21.77857142857143
1997-03-01,67.8,22.438709677419357,11.603225806451613,92.5,14.451612903225806,14.870967741935484
1997-04-01,40.800000000000004,21.253333333333334,8.393333333333334,64.8,12.603333333333333,12.123333333333333
1997-05-01,66.6,17.625806451612902,8.035483870967742,40.8,11.80967741935484,7.254838709677419
1997-06-01,88.60000000000001,15.620000000000001,5.223333333333333,23.8,10.153333333333334,6.373333333333333
1997-07-01,29.8,14.619354838709677,4.783870967741936,41.6,8.629032258064516,7.329032258064516
1997-08-01,17.8,16.232258064516127,4.396774193548388,70.5,8.670967741935485,12.080645161290322
1997-09-01,51.8,16.743333333333332,6.483333333333333,63.4,10.756666666666666,12.93
1997-10-01,71.4,20.793548387096774,7.835483870967742,119.8,11.151612903225805,19.716129032258067
1997-11-01,51.199999999999996,23.216666666666665,10.153333333333334,129.6,13.166666666666666,22.653333333333332
1997-12-01,86.6,23.94516129032258,11.961290322580645,148.6,14.209677419354838,23.96451612903226
1998-01-01,23.8,26.725806451612904,14.90967741935484,157.0,16.177419354838708,21.580645161290324
1998-02-01,34.2,26.49285714285714,13.264285714285714,146.8,14.510714285714286,23.417857142857144
1998-03-01,57.4,24.416129032258063,11.229032258064517,132.8,13.525806451612903,18.438709677419357
1998-04-01,49.2,20.613333333333333,8.656666666666666,79.0,11.696666666666665,11.73
1998-05-01,28.2,17.825806451612905,8.070967741935483,51.3,11.287096774193548,7.7774193548387105
1998-06-01,425.0,15.023333333333333,5.8566666666666665,29.7,9.97,6.16
1998-07-01,61.2,13.990322580645161,3.8806451612903223,42.7,8.529032258064515,7.296774193548386
1998-08-01,71.8,15.883870967741935,5.338709677419355,43.1,10.296774193548387,9.083870967741936
1998-09-01,31.400000000000002,19.78666666666667,7.489999999999999,78.1,11.416666666666666,14.493333333333334
1998-10-01,63.6,19.509677419354837,7.603225806451613,122.8,11.53225806451613,17.164516129032258
1998-11-01,85.4,20.203333333333333,9.853333333333333,93.8,13.54,18.386666666666667
1998-12-01,72.4,23.432258064516127,12.27741935483871,142.2,14.848387096774195,22.309677419354838
1999-01-01,83.2,26.612903225806452,15.14516129032258,132.6,19.41290322580645,19.438709677419357
1999-02-01,58.0,27.482142857142858,14.217857142857143,140.0,17.6,22.99642857142857
1999-03-01,68.0,23.91290322580645,12.516129032258064,101.4,15.899999999999999,15.548387096774194
1999-04-01,100.80000000000001,19.473333333333336,8.206666666666667,64.8,12.263333333333332,11.296666666666669
1999-05-01,23.8,19.383870967741935,6.470967741935484,43.2,11.729032258064517,8.829032258064515
1999-06-01,60.2,15.696666666666667,4.746666666666667,28.8,9.76,6.506666666666666
1999-07-01,36.2,16.112903225806452,4.764516129032257,40.4,9.693548387096774,7.838709677419355
1999-08-01,36.6,17.36774193548387,5.719354838709678,52.8,10.935483870967742,9.896774193548387
1999-09-01,37.0,19.66,7.306666666666667,79.6,11.786666666666667,14.21
1999-10-01,65.2,19.874193548387098,9.274193548387096,87.7,13.59032258064516,15.958064516129031
1999-11-01,42.2,21.073333333333334,7.763333333333334,136.6,11.69,24.396666666666665
1999-12-01,88.6,23.896774193548385,12.751612903225807,138.6,14.577419354838709,19.690322580645162
2000-01-01,85.2,23.683870967741935,11.738709677419354,142.0,15.167741935483871,22.183870967741935
2000-02-01,37.8,29.055172413793105,14.755172413793103,145.0,17.71034482758621,21.268965517241377
2000-03-01,97.39999999999999,23.929032258064513,13.848387096774195,91.6,16.50967741935484,13.209677419354838
2000-04-01,66.0,22.123333333333335,9.513333333333332,62.4,13.773333333333333,12.106666666666666
2000-05-01,115.6,17.825806451612905,6.625806451612903,46.6,10.803225806451612,8.541935483870969
2000-06-01,84.0,15.6,5.239999999999999,26.4,9.610000000000001,6.42
2000-07-01,44.0,15.396774193548387,4.225806451612903,38.5,9.574193548387097,7.761290322580645
2000-08-01,87.2,15.748387096774193,3.9064516129032256,52.6,9.67741935483871,10.19032258064516
2000-09-01,83.0,18.573333333333334,6.239999999999999,71.4,11.176666666666668,13.743333333333334
2000-10-01,58.2,19.73548387096774,8.538709677419355,94.5,12.238709677419354,16.683870967741935
2000-11-01,72.39999999999999,22.896666666666665,12.556666666666667,117.60000000000001,15.913333333333332,19.153333333333332
2000-12-01,30.599999999999998,24.93548387096774,12.387096774193548,157.8,14.661290322580646,24.61935483870968
2001-01-01,59.1,28.164516129032258,14.3,143.9,17.306451612903224,18.780645161290323
2001-02-01,55.8,27.36785714285714,15.164285714285715,140.2,18.15357142857143,19.696428571428573
2001-03-01,81.0,24.812903225806455,11.303225806451612,115.0,14.66451612903226,17.36774193548387
2001-04-01,109.0,21.279999999999998,8.996666666666666,58.199999999999996,13.183333333333334,11.75
2001-05-01,64.0,16.980645161290322,8.1,40.8,11.90967741935484,7.158064516129032
2001-06-01,57.2,16.966666666666665,5.61,36.0,10.103333333333333,7.663333333333333
2001-07-01,75.6,15.038709677419355,5.567741935483871,30.4,10.561290322580644,6.770967741935484
2001-08-01,127.39999999999999,16.325806451612905,5.119354838709677,66.8,9.883870967741935,10.44516129032258
2001-09-01,45.5,19.263333333333332,7.706666666666666,73.5,12.26,14.479999999999999
2001-10-01,111.2,19.229032258064517,8.451612903225806,92.8,12.003225806451614,16.903225806451612
2001-11-01,96.1,19.959999999999997,10.043333333333333,102.5,13.203333333333335,18.18
2001-12-01,65.8,20.687096774193545,11.316129032258065,106.0,13.861290322580645,17.561290322580643
2002-01-01,44.4,24.629032258064516,13.05483870967742,151.4,15.8,23.08709677419355
2002-02-01,186.4,23.421428571428574,13.521428571428572,100.6,15.867857142857144,16.053571428571427
2002-03-01,34.4,22.932258064516127,11.329032258064515,102.1,14.390322580645162,15.448387096774193
2002-04-01,165.8,21.706666666666667,11.266666666666667,64.4,15.003333333333334,10.92
2002-05-01,45.2,18.10967741935484,7.145161290322581,46.800000000000004,11.680645161290323,8.548387096774194
2002-06-01,86.6,16.443333333333335,5.543333333333334,54.8,9.33,7.5633333333333335
2002-07-01,25.0,16.206451612903226,3.6451612903225805,49.8,9.077419354838709,8.106451612903227
2002-08-01,10.4,16.529032258064515,4.245161290322581,66.9,9.812903225806451,11.280645161290321
2002-09-01,59.400000000000006,19.616666666666667,6.203333333333333,99.2,10.976666666666667,14.870000000000001
2002-10-01,28.0,20.638709677419353,7.935483870967742,120.5,11.3,18.90967741935484
2002-11-01,63.8,23.94,10.22,148.1,12.866666666666667,23.403333333333332
2002-12-01,57.6,23.68064516129032,11.44516129032258,157.8,14.587096774193547,23.706451612903226
2003-01-01,18.2,26.187096774193545,13.451612903225806,175.3,14.538709677419355,24.683870967741935
2003-02-01,19.400000000000002,26.114285714285717,14.37857142857143,124.2,16.525,20.457142857142856
2003-03-01,63.8,23.1,11.258064516129032,115.7,14.741935483870968,16.403225806451612
2003-04-01,78.39999999999999,20.766666666666666,10.01,76.2,14.716666666666667,12.15
2003-05-01,38.6,19.10967741935484,6.367741935483871,54.0,11.577419354838709,9.819354838709677
2003-06-01,14.8,16.493333333333332,5.616666666666666,63.2,9.97,6.846666666666667
2003-07-01,24.4,16.116129032258065,3.47741935483871,48.4,9.206451612903225,8.216129032258063
2003-08-01,54.800000000000004,16.496774193548386,4.029032258064516,65.7,9.209677419354838,10.861290322580645
2003-09-01,43.4,18.14,5.913333333333333,108.8,9.706666666666667,14.92
2003-10-01,84.6,17.574193548387097,6.467741935483871,93.5,10.667741935483871,15.358064516129033
2003-11-01,65.39999999999999,22.033333333333335,10.483333333333333,117.2,13.110000000000001,21.490000000000002
2003-12-01,52.800000000000004,26.35483870967742,13.012903225806452,172.5,15.283870967741937,26.32903225806452
2004-01-01,46.4,23.929032258064513,12.812903225806451,139.8,14.56774193548387,21.361290322580647
2004-02-01,38.0,25.303448275862067,13.786206896551725,128.2,15.620689655172415,20.058620689655175
2004-03-01,9.4,24.419354838709676,11.303225806451612,114.6,13.935483870967742,17.225806451612904
2004-04-01,99.4,21.726666666666667,10.53,78.5,12.553333333333335,11.056666666666667
2004-05-01,91.0,17.36774193548387,7.780645161290322,54.2,10.422580645161291,8.170967741935485
2004-06-01,24.0,16.426666666666666,5.7,51.4,9.796666666666665,7.076666666666667
2004-07-01,65.4,14.72258064516129,4.338709677419355,41.4,9.496774193548386,7.480645161290322
2004-08-01,41.400000000000006,16.83225806451613,4.732258064516128,70.4,10.348387096774195,11.59032258064516
2004-09-01,65.0,17.273333333333333,7.45,62.0,11.97,11.503333333333334
2004-10-01,54.4,20.361290322580647,8.819354838709677,104.0,12.593548387096773,17.606451612903225
2004-11-01,81.8,22.84,10.603333333333333,128.6,13.953333333333335,21.456666666666667
2004-12-01,95.6,22.9741935483871,12.0,129.5,15.59032258064516,22.074193548387097
2005-01-01,43.4,26.151612903225807,13.932258064516128,161.4,15.996774193548386,23.322580645161292
2005-02-01,120.6,23.557142857142857,12.932142857142859,103.2,15.292857142857143,17.964285714285715
2005-03-01,98.0,22.63225806451613,11.09032258064516,105.0,14.53225806451613,16.806451612903224
2005-04-01,40.2,23.813333333333333,10.860000000000001,81.5,14.956666666666667,12.886666666666667
2005-05-01,27.0,17.925806451612903,6.812903225806451,41.4,11.27741935483871,7.906451612903226
2005-06-01,47.199999999999996,17.28666666666667,4.863333333333333,36.6,10.1,6.983333333333333
2005-07-01,122.8,16.44516129032258,6.058064516129033,50.6,9.551612903225807,7.603225806451613
2005-08-01,59.6,17.345161290322583,4.941935483870967,67.60000000000001,9.316129032258065,10.980645161290322
2005-09-01,109.60000000000001,18.25,6.39,63.8,11.843333333333334,13.293333333333333
2005-10-01,70.8,21.26774193548387,8.606451612903227,113.0,13.035483870967743,18.96451612903226
2005-11-01,102.2,23.47666666666667,11.323333333333332,135.0,14.913333333333332,21.053333333333335
2005-12-01,48.4,25.874193548387098,11.496774193548386,161.0,14.851612903225806,26.31935483870968
2006-01-01,81.0,27.73548387096774,15.290322580645162,151.7,18.47741935483871,23.37741935483871
2006-02-01,22.2,24.714285714285715,12.37857142857143,110.6,16.4,18.978571428571428
2006-03-01,20.8,24.758064516129032,11.816129032258065,110.0,15.593548387096773,16.770967741935483
2006-04-01,56.4,19.446666666666665,7.866666666666666,77.8,11.506666666666666,11.423333333333334
2006-05-01,128.2,16.76774193548387,7.116129032258065,49.8,11.7,7.393548387096774
2006-06-01,89.0,14.653333333333334,4.756666666666666,36.8,9.306666666666667,6.633333333333334
2006-07-01,71.2,15.216129032258063,5.390322580645161,39.1,10.09032258064516,6.990322580645161
2006-08-01,46.8,16.75483870967742,4.32258064516129,49.5,10.112903225806452,11.041935483870969
2006-09-01,92.8,19.11,6.4766666666666675,83.4,11.936666666666667,16.5
2006-10-01,21.2,20.432258064516127,6.72258064516129,121.4,11.94516129032258,22.503225806451614
2006-11-01,36.6,21.9,8.716666666666667,132.5,12.520000000000001,22.88
2006-12-01,14.2,24.451612903225808,10.864516129032259,159.7,12.787096774193548,22.96451612903226
2007-01-01,4.8,28.03548387096774,14.396774193548387,176.6,15.093548387096773,23.893548387096775
2007-02-01,129.89999999999998,27.364285714285717,14.62142857142857,145.6,17.72142857142857,21.678571428571427
2007-03-01,33.8,24.009677419354837,12.619354838709677,103.9,15.525806451612903,16.858064516129033
2007-04-01,93.89999999999999,21.39,9.386666666666667,62.4,13.876666666666667,12.306666666666667
2007-05-01,11.299999999999999,20.60967741935484,8.790322580645162,60.1,12.938709677419356,8.787096774193548
2007-06-01,292.3,13.636666666666667,6.416666666666667,65.9,10.120000000000001,5.846666666666667
2007-07-01,90.7,14.783870967741937,5.04516129032258,42.1,9.22258064516129,8.074193548387097
2007-08-01,38.9,17.67096774193548,6.512903225806451,75.1,10.290322580645162,11.683870967741935
2007-09-01,29.2,18.326666666666664,6.183333333333334,77.4,10.056666666666667,14.776666666666667
2007-10-01,30.0,21.361290322580647,8.761290322580646,113.7,11.48709677419355,19.241935483870968
2007-11-01,92.39999999999999,22.08,11.736666666666668,110.0,15.22,19.783333333333335
2007-12-01,87.39999999999999,24.774193548387096,12.696774193548388,138.9,15.66451612903226,24.07741935483871
2008-01-01,40.6,26.97741935483871,14.961290322580645,158.0,17.04516129032258,24.616129032258065
2008-02-01,101.0,23.524137931034485,12.444827586206896,124.3,15.289655172413791,20.662068965517243
2008-03-01,28.400000000000002,25.961290322580645,12.345161290322581,110.3,15.180645161290323,17.261290322580646
2008-04-01,22.1,20.596666666666668,7.973333333333333,63.2,12.473333333333333,12.336666666666668
2008-05-01,11.0,18.593548387096774,7.058064516129033,45.5,11.46774193548387,8.44516129032258
2008-06-01,24.0,17.246666666666666,6.663333333333333,41.2,10.493333333333334,6.4399999999999995
2008-07-01,48.0,15.254838709677419,3.238709677419355,43.8,8.680645161290323,7.380645161290323
2008-08-01,61.6,15.241935483870968,5.206451612903226,58.8,8.964516129032257,9.683870967741935
2008-09-01,29.799999999999997,19.83,6.1466666666666665,98.1,9.543333333333333,16.62666666666667
2008-10-01,33.199999999999996,21.65806451612903,8.37741935483871,115.7,10.793548387096775,19.270967741935483
2008-11-01,174.2,21.256666666666668,10.596666666666666,136.0,13.166666666666666,20.5
2008-12-01,117.0,22.316129032258065,12.096774193548388,124.9,14.764516129032257,22.299999999999997
2009-01-01,17.4,26.838709677419356,12.506451612903225,162.9,15.025806451612903,26.76451612903226
2009-02-01,20.8,25.375,13.396428571428572,114.2,16.289285714285715,19.535714285714285
2009-03-01,22.4,25.12258064516129,12.306451612903226,116.5,14.341935483870968,16.351612903225806
2009-04-01,44.2,21.456666666666667,9.526666666666667,81.2,12.383333333333333,12.229999999999999
2009-05-01,33.8,18.567741935483873,7.054838709677419,60.5,10.780645161290321,8.72258064516129
2009-06-01,45.199999999999996,16.173333333333332,4.4433333333333325,32.9,9.996666666666666,6.39
2009-07-01,39.800000000000004,16.39677419354839,4.690322580645161,59.0,8.816129032258065,8.125806451612904
2009-08-01,37.199999999999996,18.635483870967743,6.006451612903225,90.6,8.516129032258064,11.029032258064515
2009-09-01,93.2,19.913333333333334,6.593333333333334,97.5,10.389999999999999,14.639999999999999
2009-10-01,100.4,18.861290322580647,8.154838709677419,102.9,11.59032258064516,17.68064516129032
2009-11-01,52.2,26.333333333333332,12.16,150.79999999999998,15.503333333333334,22.566666666666666
2009-12-01,52.8,25.029032258064515,11.764516129032257,169.3,13.667741935483871,25.641935483870967
2010-01-01,50.0,27.006451612903227,13.86774193548387,177.4,16.164516129032258,23.848387096774193
2010-02-01,133.0,26.353571428571428,15.528571428571428,135.4,18.964285714285715,19.239285714285717
2010-03-01,47.2,25.23225806451613,12.780645161290321,112.9,16.761290322580646,16.138709677419357
2010-04-01,59.0,22.740000000000002,10.396666666666667,84.0,14.479999999999999,11.703333333333335
2010-05-01,73.9,18.10967741935484,6.548387096774194,47.8,11.670967741935485,8.33548387096774
2010-06-01,42.7,15.370000000000001,4.930000000000001,38.3,9.436666666666667,6.903333333333333
2010-07-01,20.4,15.109677419354838,3.1258064516129034,38.3,9.070967741935483,7.635483870967741
2010-08-01,102.60000000000001,15.358064516129033,4.016129032258065,64.9,9.106451612903227,9.864516129032259
2010-09-01,37.2,17.133333333333333,6.193333333333333,88.8,9.683333333333334,14.020000000000001
2010-10-01,101.4,20.48709677419355,8.029032258064516,116.8,12.738709677419354,18.85483870967742
2010-11-01,40.800000000000004,22.94333333333333,10.853333333333333,122.3,14.69,19.266666666666666
2010-12-01,120.0,23.89032258064516,12.441935483870967,140.9,15.048387096774194,22.851612903225806
2011-01-01,30.2,26.651612903225807,15.716129032258063,143.9,18.187096774193545,21.651612903225807
2011-02-01,96.0,25.521428571428572,14.521428571428572,122.6,17.235714285714288,17.710714285714285
2011-03-01,88.10000000000001,22.774193548387096,12.403225806451612,95.3,15.506451612903225,13.858064516129032
2011-04-01,76.2,20.506666666666668,8.466666666666667,66.7,13.41,11.973333333333333
2011-05-01,116.89999999999999,16.322580645161292,7.403225806451613,45.5,10.983870967741936,7.470967741935484
2011-06-01,106.19999999999999,15.573333333333332,5.22,41.0,9.83,6.6433333333333335
2011-07-01,139.0,14.719354838709679,4.596774193548387,53.4,8.922580645161291,7.106451612903226
2011-08-01,113.8,16.925806451612903,5.390322580645161,54.6,10.5,10.274193548387096
2011-09-01,40.0,18.953333333333333,6.63,80.5,10.76,13.79
2011-10-01,102.2,20.370967741935484,8.774193548387096,93.7,12.48709677419355,17.480645161290322
2011-11-01,83.6,23.459999999999997,12.866666666666667,134.5,15.383333333333333,19.756666666666668
2011-12-01,93.0,22.041935483870965,12.338709677419354,166.2,15.029032258064515,23.4741935483871
2012-01-01,37.300000000000004,26.03548387096774,15.351612903225806,194.5,16.838709677419356,25.135483870967743
2012-02-01,50.4,25.79310344827586,14.96896551724138,127.3,17.575862068965517,18.73793103448276
2012-03-01,159.1,22.529032258064515,13.496774193548386,106.4,15.135483870967741,13.24516129032258
2012-04-01,67.7,21.31,11.76,73.1,14.383333333333333,11.986666666666668
2012-05-01,50.3,17.719354838709677,8.012903225806452,54.4,10.464516129032257,8.464516129032257
2012-06-01,135.8,14.903333333333334,5.876666666666667,35.6,9.543333333333333,6.306666666666667
2012-07-01,34.7,15.038709677419355,5.403225806451613,38.6,9.290322580645162,7.451612903225806
2012-08-01,77.5,15.51290322580645,5.909677419354838,62.2,9.064516129032258,9.745161290322581
2012-09-01,25.0,18.53666666666667,7.97,99.1,10.496666666666666,15.47
2012-10-01,40.0,20.135483870967743,8.948387096774193,127.2,10.94516129032258,18.638709677419353
2012-11-01,74.0,22.496666666666666,12.363333333333333,138.7,14.126666666666667,19.71333333333333
2012-12-01,43.4,24.98709677419355,12.970967741935485,197.4,14.651612903225805,24.4
2013-01-01,34.1,27.39354838709677,14.264516129032257,220.6,15.100000000000001,24.361290322580647
2013-02-01,33.2,27.360714285714288,15.37857142857143,158.3,16.742857142857144,20.957142857142856
2013-03-01,47.7,25.945161290322584,13.912903225806453,145.5,15.506451612903225,18.05483870967742
2013-04-01,67.6,21.233333333333334,11.603333333333333,75.9,13.29,11.306666666666667
2013-05-01,28.8,18.53548387096774,8.14516129032258,51.1,10.906451612903227,8.070967741935483
2013-06-01,326.9,14.693333333333333,6.633333333333334,36.8,10.8,5.7266666666666675
2013-07-01,14.3,16.34516129032258,6.429032258064517,46.2,9.474193548387097,7.616129032258065
2013-08-01,36.400000000000006,17.838709677419356,7.035483870967742,78.9,9.648387096774194,11.561290322580644
2013-09-01,55.3,20.029999999999998,9.463333333333333,87.7,11.833333333333334,14.186666666666667
2013-10-01,95.3,20.648387096774194,9.596774193548388,133.1,10.974193548387097,18.416129032258063
2013-11-01,93.8,20.55,10.476666666666667,138.1,13.426666666666668,18.46333333333333
2013-12-01,70.6,24.364516129032257,13.151612903225805,187.1,15.103225806451613,25.325806451612905
2014-01-01,40.900000000000006,27.129032258064516,14.73225806451613,213.9,15.67741935483871,26.51290322580645
2014-02-01,10.5,27.17142857142857,14.62857142857143,167.1,15.87857142857143,21.49642857142857
2014-03-01,52.2,25.4741935483871,14.280645161290321,125.3,16.15806451612903,15.764516129032257
2014-04-01,160.29999999999998,21.243333333333332,11.756666666666666,71.3,14.486666666666668,9.35
2014-05-01,50.300000000000004,19.322580645161292,9.90967741935484,52.3,11.838709677419354,7.651612903225807
2014-06-01,153.3,15.633333333333333,8.156666666666666,40.3,10.66,5.510000000000001
2014-07-01,34.699999999999996,15.993548387096775,6.864516129032259,50.1,9.503225806451614,7.606451612903226
2014-08-01,77.5,15.593548387096773,5.645161290322581,56.6,10.029032258064515,10.609677419354838
2014-09-01,76.1,18.796666666666667,8.093333333333334,88.8,11.22,14.133333333333333
2014-10-01,69.8,20.532258064516128,10.070967741935483,123.7,12.567741935483872,17.467741935483872
2014-11-01,39.4,22.216666666666665,10.813333333333333,164.7,13.19,19.296666666666667
2014-12-01,119.3,24.112903225806452,13.812903225806451,164.0,15.974193548387097,22.45806451612903
