date,rainfall_mm,TMax,TMin,Evap,VP,Rad
1889-01-01,112.3,32.68387096774194,15.33548387096774,233.9,15.419354838709678,24.79032258064516
1889-02-01,76.8,31.50357142857143,14.457142857142857,187.2,15.617857142857144,22.592857142857145
1889-03-01,0.0,29.5258064516129,12.041935483870969,148.7,13.790322580645162,18.664516129032258
1889-04-01,81.8,22.733333333333334,9.343333333333334,82.0,13.26,13.45
1889-05-01,178.6,17.74516129032258,6.374193548387097,44.7,11.141935483870967,8.990322580645161
1889-06-01,153.4,13.806666666666667,4.48,30.400000000000002,9.463333333333333,7.246666666666667
1889-07-01,23.3,12.970967741935485,2.3161290322580643,32.300000000000004,8.751612903225807,7.770967741935484
1889-08-01,122.89999999999999,14.577419354838709,4.141935483870968,49.1,9.429032258064517,10.887096774193548
1889-09-01,128.8,17.290000000000003,5.0,75.5,10.479999999999999,15.24
1889-10-01,68.6,22.393548387096775,8.564516129032258,120.3,13.219354838709679,19.364516129032257
1889-11-01,94.4,26.5,11.033333333333333,164.3,14.306666666666667,22.873333333333335
1889-12-01,6.8,30.825806451612905,13.329032258064515,213.9,15.096774193548388,25.503225806451614
1890-01-01,0.0,33.877419354838715,16.07741935483871,233.9,16.596774193548388,25.03548387096774
1890-02-01,30.3,31.892857142857142,15.471428571428572,187.2,17.275,22.760714285714283
1890-03-01,37.4,28.216129032258067,12.393548387096773,148.7,15.82258064516129,18.651612903225807
1890-04-01,81.8,23.4,7.37,82.0,12.603333333333333,13.78
1890-05-01,55.5,18.112903225806452,5.270967741935484,44.7,10.932258064516128,9.03225806451613
1890-06-01,119.7,14.576666666666666,5.033333333333333,30.400000000000002,10.293333333333333,7.29
1890-07-01,116.4,12.264516129032257,2.229032258064516,32.300000000000004,8.706451612903225,7.858064516129032
1890-08-01,69.1,14.12258064516129,3.2838709677419353,49.1,9.274193548387096,10.764516129032257
1890-09-01,54.5,18.113333333333333,5.253333333333333,75.5,10.866666666666667,15.013333333333334
1890-10-01,64.89999999999999,21.529032258064515,6.835483870967742,120.3,11.764516129032257,19.538709677419355
1890-11-01,56.2,25.163333333333334,9.316666666666666,164.3,12.870000000000001,23.196666666666665
1890-12-01,51.300000000000004,28.770967741935483,11.303225806451612,213.9,14.02258064516129,25.606451612903225
1891-01-01,98.1,30.97741935483871,13.264516129032257,233.9,16.106451612903225,25.306451612903224
1891-02-01,8.4,30.928571428571427,12.278571428571428,187.2,15.049999999999999,23.175
1891-03-01,77.8,28.92258064516129,11.458064516129031,148.7,14.838709677419354,18.919354838709676
1891-04-01,52.3,22.05666666666667,7.41,82.0,12.723333333333333,13.629999999999999
1891-05-01,12.799999999999999,18.225806451612904,4.058064516129032,44.7,10.53225806451613,9.283870967741937
1891-06-01,90.7,14.033333333333333,4.306666666666667,30.400000000000002,10.053333333333335,7.343333333333334
1891-07-01,86.10000000000001,12.770967741935483,2.9838709677419355,32.300000000000004,8.95483870967742,7.95483870967742
1891-08-01,38.6,14.816129032258065,3.648387096774193,49.1,9.59032258064516,11.016129032258064
1891-09-01,38.6,18.09,5.1033333333333335,75.5,10.603333333333333,15.503333333333334
1891-10-01,68.6,21.44193548387097,7.351612903225806,120.3,12.161290322580646,19.56451612903226
1891-11-01,83.89999999999999,26.136666666666667,9.91,164.3,13.906666666666666,23.293333333333333
1891-12-01,5.4,29.612903225806452,12.23225806451613,213.9,13.76774193548387,25.79032258064516
1892-01-01,19.2,31.638709677419353,13.087096774193547,233.9,14.893548387096773,25.04516129032258
1892-02-01,10.3,32.84827586206897,14.23793103448276,193.2,16.16896551724138,23.13103448275862
1892-03-01,4.8,29.906451612903226,12.53225806451613,148.7,15.187096774193549,18.351612903225806
1892-04-01,66.0,22.09333333333333,6.386666666666667,82.0,11.41,13.486666666666668
1892-05-01,111.9,17.12258064516129,4.338709677419355,44.7,10.66451612903226,9.070967741935483
1892-06-01,34.9,13.770000000000001,2.7366666666666664,30.400000000000002,9.043333333333333,7.366666666666666
1892-07-01,44.0,12.916129032258064,1.7225806451612902,32.300000000000004,8.474193548387097,7.932258064516129
1892-08-01,106.2,14.667741935483871,3.3225806451612905,49.1,9.406451612903227,10.97741935483871
1892-09-01,91.7,17.12,4.989999999999999,75.5,10.81,15.386666666666667
1892-10-01,41.199999999999996,21.05483870967742,7.329032258064516,120.3,12.706451612903225,19.616129032258065
1892-11-01,89.0,26.233333333333334,10.236666666666668,164.3,14.713333333333333,23.62
1892-12-01,15.299999999999999,28.406451612903226,11.14516129032258,213.9,13.612903225806452,25.787096774193547
1893-01-01,0.2,31.46451612903226,13.254838709677419,233.9,14.461290322580645,25.01290322580645
1893-02-01,3.0,32.857142857142854,13.614285714285714,187.2,15.342857142857143,22.928571428571427
1893-03-01,29.800000000000004,28.92258064516129,11.483870967741936,148.7,14.412903225806453,18.706451612903226
1893-04-01,106.0,21.533333333333335,7.196666666666667,82.0,12.276666666666667,13.733333333333333
1893-05-01,130.4,17.574193548387097,5.590322580645162,44.7,10.725806451612904,9.05483870967742
1893-06-01,101.7,13.253333333333334,3.5933333333333333,30.400000000000002,9.276666666666667,7.363333333333333
1893-07-01,95.5,12.567741935483872,2.329032258064516,32.300000000000004,8.729032258064517,7.935483870967742
1893-08-01,59.2,14.912903225806453,3.1548387096774193,49.1,9.358064516129033,11.02258064516129
1893-09-01,106.7,17.540000000000003,5.136666666666667,75.5,10.296666666666665,15.423333333333334
1893-10-01,68.7,22.5258064516129,8.04516129032258,120.3,12.364516129032259,20.04516129032258
1893-11-01,37.4,25.523333333333333,10.08,164.3,13.816666666666666,23.353333333333335
1893-12-01,71.2,30.05806451612903,12.441935483870967,213.9,13.874193548387098,25.948387096774194
1894-01-01,22.0,32.15161290322581,15.219354838709679,233.9,15.735483870967743,25.112903225806452
1894-02-01,30.3,31.017857142857142,13.75357142857143,187.2,15.057142857142859,23.09642857142857
1894-03-01,128.7,27.325806451612905,12.283870967741937,148.7,15.451612903225806,18.716129032258067
1894-04-01,87.5,22.423333333333336,8.393333333333334,82.0,13.03,13.706666666666667
1894-05-01,51.2,16.664516129032258,4.051612903225807,44.7,9.983870967741936,9.345161290322581
1894-06-01,119.8,14.26,3.89,30.400000000000002,9.360000000000001,7.636666666666667
1894-07-01,90.7,11.858064516129033,2.2580645161290325,32.300000000000004,8.206451612903226,7.812903225806451
1894-08-01,79.5,14.112903225806452,3.858064516129032,49.1,9.13225806451613,10.97741935483871
1894-09-01,82.5,16.87333333333333,4.616666666666666,75.5,10.16,15.413333333333332
1894-10-01,189.4,22.096774193548388,8.558064516129033,120.3,13.312903225806451,19.55483870967742
1894-11-01,0.2,28.31,10.703333333333335,164.3,13.629999999999999,23.383333333333333
1894-12-01,47.1,29.029032258064515,13.935483870967742,213.9,15.641935483870967,25.548387096774192
1895-01-01,31.500000000000004,30.60967741935484,14.51290322580645,233.9,16.04516129032258,25.38064516129032
1895-02-01,58.39999999999999,31.914285714285715,14.528571428571428,187.2,15.671428571428573,23.364285714285717
1895-03-01,45.8,28.080645161290324,11.290322580645162,148.7,13.803225806451612,18.787096774193547
1895-04-01,76.30000000000001,23.44333333333333,7.77,82.0,11.823333333333332,13.846666666666666
1895-05-01,51.3,16.916129032258063,4.270967741935484,44.7,9.958064516129031,9.183870967741935
1895-06-01,75.2,14.206666666666667,2.753333333333333,30.400000000000002,8.556666666666667,7.443333333333333
1895-07-01,30.1,11.874193548387098,1.1387096774193548,32.300000000000004,7.574193548387097,7.951612903225806
1895-08-01,65.7,15.358064516129033,4.109677419354839,49.1,9.038709677419355,10.896774193548387
1895-09-01,30.4,18.2,4.656666666666666,75.5,9.873333333333333,15.583333333333334
1895-10-01,44.300000000000004,23.864516129032257,8.096774193548388,120.3,12.44516129032258,20.309677419354838
1895-11-01,0.9,26.85,9.873333333333333,164.3,13.1,24.186666666666667
1895-12-01,82.6,30.05483870967742,13.248387096774193,213.9,15.187096774193549,26.312903225806455
1896-01-01,28.1,33.97096774193548,16.038709677419355,233.9,16.361290322580643,24.916129032258063
1896-02-01,122.80000000000001,30.49310344827586,15.306896551724137,193.2,16.7448275862069,22.03103448275862
1896-03-01,55.5,27.570967741935487,11.338709677419354,148.7,13.783870967741937,18.596774193548388
1896-04-01,119.6,22.103333333333335,6.766666666666667,82.0,11.743333333333334,13.85
1896-05-01,32.4,16.683870967741935,4.5,44.7,10.109677419354838,9.26774193548387
1896-06-01,70.39999999999999,13.15,2.5833333333333335,30.400000000000002,8.56,7.733333333333333
1896-07-01,38.1,11.603225806451613,1.4709677419354839,32.300000000000004,7.729032258064516,8.135483870967741
1896-08-01,30.9,13.82258064516129,2.851612903225807,49.1,8.738709677419354,11.109677419354838
1896-09-01,82.6,17.529999999999998,4.27,75.5,9.84,15.95
1896-10-01,15.7,24.503225806451614,8.067741935483872,120.3,12.212903225806452,20.529032258064515
1896-11-01,56.2,28.029999999999998,10.803333333333335,164.3,13.796666666666665,24.353333333333335
1896-12-01,28.6,31.274193548387096,13.748387096774193,213.9,15.1,26.345161290322583
1897-01-01,98.10000000000001,30.761290322580646,13.703225806451613,233.9,15.187096774193549,24.97741935483871
1897-02-01,30.3,31.082142857142856,14.260714285714286,187.2,14.928571428571429,22.510714285714283
1897-03-01,10.9,26.14516129032258,9.44516129032258,148.7,12.506451612903225,18.79032258064516
1897-04-01,3.6,24.203333333333333,7.373333333333333,82.0,11.516666666666667,13.55
1897-05-01,12.8,17.37741935483871,3.0870967741935487,44.7,8.729032258064517,9.109677419354838
1897-06-01,75.2,15.056666666666667,3.73,30.400000000000002,9.193333333333333,7.113333333333333
1897-07-01,64.9,13.261290322580646,3.774193548387097,32.300000000000004,9.174193548387096,7.929032258064516
1897-08-01,135.9,14.058064516129033,2.893548387096774,49.1,9.058064516129033,11.09032258064516
1897-09-01,78.0,18.709999999999997,4.989999999999999,75.5,10.566666666666666,15.506666666666666
1897-10-01,29.8,21.42258064516129,6.587096774193549,120.3,11.451612903225806,20.106451612903225
1897-11-01,15.4,28.783333333333335,11.01,164.3,13.389999999999999,23.673333333333336
1897-12-01,9.7,32.26129032258065,14.396774193548387,213.9,14.361290322580645,25.89032258064516
1898-01-01,12.2,34.16129032258065,15.687096774193549,233.9,15.19032258064516,26.07741935483871
1898-02-01,83.5,34.25714285714286,16.675,187.2,15.964285714285714,23.532142857142855
1898-03-01,9.1,28.774193548387096,11.883870967741935,148.7,13.219354838709679,19.335483870967742
1898-04-01,21.8,22.53666666666667,7.11,82.0,11.07,13.860000000000001
1898-05-01,39.5,16.048387096774192,3.838709677419355,44.7,8.870967741935484,9.316129032258065
1898-06-01,96.1,13.876666666666667,4.243333333333333,30.400000000000002,9.25,7.513333333333334
1898-07-01,61.0,12.903225806451612,2.6838709677419357,32.300000000000004,8.106451612903227,7.996774193548387
1898-08-01,65.7,15.509677419354839,4.464516129032258,49.1,9.22258064516129,10.993548387096775
1898-09-01,69.6,18.383333333333333,5.816666666666666,75.5,10.44,15.466666666666667
1898-10-01,64.8,23.748387096774195,8.235483870967743,120.3,11.63225806451613,20.187096774193545
1898-11-01,37.4,26.15666666666667,10.389999999999999,164.3,12.370000000000001,23.37
1898-12-01,28.5,30.758064516129032,12.829032258064515,213.9,13.35483870967742,26.506451612903227
1899-01-01,39.0,28.967741935483872,12.951612903225806,233.9,13.174193548387096,25.05483870967742
1899-02-01,38.5,33.010714285714286,15.232142857142858,187.2,15.285714285714286,23.24642857142857
1899-03-01,137.2,29.0,11.90967741935484,148.7,13.67741935483871,18.683870967741935
1899-04-01,52.3,23.40666666666667,8.663333333333332,82.0,12.413333333333332,13.793333333333333
1899-05-01,29.1,16.970967741935485,4.083870967741936,44.7,9.603225806451613,9.280645161290321
1899-06-01,132.7,13.466666666666667,3.4566666666666666,30.400000000000002,9.006666666666666,7.46
1899-07-01,30.1,12.670967741935485,1.2806451612903227,32.300000000000004,7.877419354838709,8.190322580645162
1899-08-01,47.0,15.006451612903225,3.661290322580645,49.1,9.025806451612903,11.125806451612902
1899-09-01,21.3,20.013333333333332,6.41,75.5,10.806666666666667,15.34
1899-10-01,41.2,21.219354838709677,6.4,120.3,10.832258064516129,20.135483870967743
1899-11-01,40.9,25.956666666666667,10.35,164.3,13.366666666666667,23.373333333333335
1899-12-01,6.7,32.229032258064514,13.751612903225807,213.9,13.738709677419356,26.106451612903225
1900-01-01,56.9,33.222580645161294,15.874193548387098,233.9,14.899999999999999,25.283870967741933
1900-02-01,0.8999999999999999,33.832142857142856,15.085714285714285,187.2,15.37142857142857,23.55
1900-03-01,105.1,27.20967741935484,11.741935483870968,148.7,14.606451612903227,18.89032258064516
1900-04-01,76.3,20.066666666666666,7.413333333333333,82.0,12.163333333333332,13.653333333333334
1900-05-01,64.4,16.27741935483871,5.02258064516129,44.7,10.338709677419354,9.064516129032258
1900-06-01,85.3,14.306666666666667,4.086666666666667,30.400000000000002,9.473333333333333,7.543333333333334
1900-07-01,50.4,11.970967741935485,2.332258064516129,32.300000000000004,8.180645161290322,7.958064516129032
1900-08-01,102.3,13.803225806451612,3.07741935483871,49.1,8.69032258064516,10.899999999999999
1900-09-01,51.1,16.656666666666666,4.98,75.5,10.393333333333334,15.233333333333333
1900-10-01,11.9,22.32903225806452,6.84516129032258,120.3,11.748387096774193,19.967741935483872
1900-11-01,22.5,27.790000000000003,10.493333333333334,164.3,14.286666666666667,23.696666666666665
1900-12-01,22.700000000000003,30.38064516129032,12.87741935483871,213.9,15.287096774193548,25.93548387096774
1901-01-01,10.299999999999999,30.44193548387097,13.212903225806452,233.9,13.987096774193548,25.774193548387096
1901-02-01,10.299999999999999,32.825,15.385714285714286,187.2,15.132142857142856,23.45
1901-03-01,77.9,28.14516129032258,11.506451612903225,148.7,13.548387096774194,19.23225806451613
1901-04-01,76.39999999999999,21.846666666666668,7.066666666666666,82.0,11.360000000000001,14.066666666666666
1901-05-01,20.2,18.32903225806452,4.374193548387097,44.7,9.693548387096774,9.480645161290322
1901-06-01,57.2,12.386666666666667,1.46,30.400000000000002,7.623333333333333,7.626666666666667
1901-07-01,53.800000000000004,11.6,1.6451612903225807,32.300000000000004,7.587096774193548,8.103225806451613
1901-08-01,65.7,14.135483870967741,3.335483870967742,49.1,8.72258064516129,11.109677419354838
1901-09-01,69.6,19.053333333333335,6.346666666666667,75.5,10.81,15.65
1901-10-01,80.4,21.335483870967742,7.290322580645161,120.3,11.606451612903227,20.551612903225806
1901-11-01,13.399999999999999,28.993333333333332,11.816666666666666,164.3,13.66,24.086666666666666
1901-12-01,4.3,31.11935483870968,13.02258064516129,213.9,13.593548387096773,26.903225806451612
1902-01-01,39.0,31.651612903225807,13.861290322580645,233.9,14.680645161290323,25.848387096774193
1902-02-01,2.2,30.88214285714286,12.914285714285715,187.2,13.714285714285714,23.75357142857143
1902-03-01,50.5,27.583870967741937,10.422580645161291,148.7,12.361290322580645,19.606451612903225
1902-04-01,0.2,23.683333333333334,6.8933333333333335,82.0,10.966666666666667,14.43
1902-05-01,0.4,18.703225806451613,3.9129032258064513,44.7,9.425806451612903,9.77741935483871
1902-06-01,85.39999999999999,14.116666666666667,2.31,30.400000000000002,8.353333333333333,7.806666666666667
1902-07-01,9.9,13.896774193548387,1.8709677419354838,32.300000000000004,7.874193548387097,8.32258064516129
1902-08-01,13.9,14.53225806451613,1.9903225806451614,49.1,8.129032258064516,11.40967741935484
1902-09-01,28.1,18.476666666666667,5.15,75.5,9.923333333333334,15.889999999999999
1902-10-01,41.199999999999996,23.29032258064516,8.458064516129031,120.3,11.670967741935485,20.583870967741937
1902-11-01,20.0,29.793333333333333,12.413333333333332,164.3,13.503333333333334,24.283333333333335
1902-12-01,101.7,29.151612903225807,13.003225806451614,213.9,14.422580645161291,26.074193548387097
1903-01-01,14.5,31.816129032258065,13.941935483870967,233.9,14.051612903225807,25.538709677419355
1903-02-01,23.3,31.196428571428573,13.714285714285714,187.2,14.00357142857143,23.110714285714288
1903-03-01,77.9,28.822580645161292,12.63225806451613,148.7,15.23225806451613,19.309677419354838
1903-04-01,76.3,22.543333333333333,7.9399999999999995,82.0,12.15,13.876666666666667
1903-05-01,17.7,16.641935483870967,4.412903225806452,44.7,10.119354838709677,9.116129032258065
1903-06-01,90.60000000000001,13.333333333333334,2.3666666666666667,30.400000000000002,8.363333333333333,7.433333333333334
1903-07-01,68.8,12.435483870967742,2.4064516129032256,32.300000000000004,8.370967741935484,8.1
1903-08-01,21.7,14.745161290322581,2.4387096774193546,49.1,8.493548387096775,10.929032258064517
1903-09-01,91.8,17.703333333333333,5.246666666666667,75.5,10.28,15.479999999999999
1903-10-01,50.8,22.458064516129035,8.0,120.3,12.329032258064515,20.05483870967742
1903-11-01,20.0,26.583333333333332,10.663333333333332,164.3,13.356666666666666,23.543333333333333
1903-12-01,55.9,28.40967741935484,12.438709677419356,213.9,14.04516129032258,26.193548387096776
1904-01-01,52.0,30.961290322580645,14.429032258064517,233.9,14.541935483870969,25.296774193548387
1904-02-01,20.200000000000003,29.900000000000002,13.572413793103447,193.2,13.87241379310345,23.03448275862069
1904-03-01,10.9,26.458064516129035,10.196774193548388,148.7,12.696774193548388,18.648387096774194
1904-04-01,33.5,24.41,8.073333333333332,82.0,12.536666666666667,13.976666666666667
1904-05-01,64.4,18.593548387096774,4.887096774193548,44.7,10.670967741935485,9.212903225806452
1904-06-01,70.4,13.803333333333335,2.0233333333333334,30.400000000000002,8.276666666666667,7.546666666666667
1904-07-01,105.7,12.848387096774195,2.519354838709677,32.300000000000004,8.587096774193547,7.958064516129032
1904-08-01,56.1,14.970967741935484,2.6548387096774193,49.1,8.83548387096774,11.096774193548388
1904-09-01,25.599999999999998,16.863333333333333,3.0900000000000003,75.5,9.693333333333333,15.973333333333333
1904-10-01,93.0,22.17096774193548,7.103225806451612,120.3,12.503225806451614,20.299999999999997
1904-11-01,28.0,26.69,9.56,164.3,13.083333333333334,24.246666666666666
1904-12-01,22.700000000000003,30.73225806451613,12.583870967741936,213.9,14.470967741935485,26.5
1905-01-01,56.9,33.54516129032258,15.761290322580646,233.9,15.525806451612903,25.10967741935484
1905-02-01,8.4,30.63214285714286,13.239285714285714,187.2,14.360714285714286,22.917857142857144
1905-03-01,7.5,28.11935483870968,10.780645161290321,148.7,12.974193548387097,18.73548387096774
1905-04-01,61.199999999999996,22.56,8.466666666666667,82.0,13.413333333333332,13.67
1905-05-01,78.9,17.635483870967743,4.993548387096775,44.7,10.606451612903227,9.070967741935483
1905-06-01,65.9,13.8,3.51,30.400000000000002,9.133333333333333,7.3100000000000005
1905-07-01,146.1,12.329032258064515,2.238709677419355,32.300000000000004,8.33548387096774,7.909677419354838
1905-08-01,28.6,14.764516129032257,2.1516129032258067,49.1,8.416129032258064,10.993548387096775
1905-09-01,44.6,15.676666666666668,2.3866666666666663,75.5,8.79,15.213333333333333
1905-10-01,76.3,19.206451612903226,4.761290322580645,120.3,10.483870967741936,19.45483870967742
1905-11-01,5.2,26.596666666666668,8.633333333333333,164.3,12.413333333333332,23.25
1905-12-01,25.5,29.638709677419357,11.66451612903226,213.9,14.474193548387097,26.05806451612903
1906-01-01,0.0,34.62903225806452,15.345161290322581,233.9,15.290322580645162,25.39032258064516
1906-02-01,10.3,33.714285714285715,15.6,187.2,15.992857142857144,22.914285714285715
1906-03-01,217.3,26.229032258064517,11.05483870967742,148.7,14.070967741935483,18.58709677419355
1906-04-01,8.200000000000001,22.996666666666666,8.466666666666667,82.0,12.576666666666666,13.72
1906-05-01,106.1,17.61935483870968,5.490322580645161,44.7,10.59032258064516,9.125806451612902
1906-06-01,139.29999999999998,14.773333333333333,4.3,30.400000000000002,9.353333333333333,7.406666666666666
1906-07-01,81.5,13.129032258064516,2.7,32.300000000000004,8.358064516129033,7.9
1906-08-01,65.7,14.361290322580645,3.351612903225807,49.1,8.816129032258065,10.754838709677419
1906-09-01,96.69999999999999,17.206666666666667,5.5600000000000005,75.5,10.639999999999999,15.026666666666667
1906-10-01,61.2,21.335483870967742,7.67741935483871,120.3,12.170967741935485,19.46451612903226
1906-11-01,94.39999999999999,23.966666666666665,8.536666666666667,164.3,12.566666666666666,22.81
1906-12-01,65.8,29.41290322580645,12.441935483870967,213.9,14.529032258064515,25.519354838709678
1907-01-01,16.7,31.20967741935484,14.219354838709679,233.9,15.125806451612904,25.967741935483872
1907-02-01,14.7,31.307142857142857,12.757142857142856,187.2,13.807142857142859,23.592857142857145
1907-03-01,23.3,26.406451612903226,9.735483870967743,148.7,12.848387096774195,19.406451612903226
1907-04-01,30.2,21.503333333333334,6.510000000000001,82.0,11.066666666666666,14.196666666666665
1907-05-01,51.2,18.296774193548387,4.367741935483871,44.7,9.951612903225806,9.658064516129032
1907-06-01,49.0,13.770000000000001,2.4033333333333333,30.400000000000002,8.72,7.659999999999999
1907-07-01,57.4,12.7,1.5193548387096774,32.300000000000004,7.993548387096775,8.203225806451613
1907-08-01,50.1,15.148387096774194,3.52258064516129,49.1,8.941935483870967,11.283870967741937
1907-09-01,30.5,19.77,4.510000000000001,75.5,9.879999999999999,15.866666666666667
1907-10-01,24.700000000000003,22.383870967741935,6.416129032258064,120.3,10.745161290322581,20.316129032258065
1907-11-01,78.9,27.13,10.526666666666667,164.3,13.370000000000001,23.66
1907-12-01,42.800000000000004,30.148387096774194,12.390322580645162,213.9,13.52258064516129,26.48709677419355
1908-01-01,7.0,35.91290322580645,17.05806451612903,233.9,15.703225806451613,26.154838709677417
1908-02-01,34.2,31.627586206896552,14.879310344827585,193.2,15.410344827586206,22.731034482758623
1908-03-01,13.1,27.177419354838708,11.029032258064515,148.7,13.025806451612903,18.383870967741935
1908-04-01,9.6,22.363333333333333,7.526666666666667,82.0,11.44,13.553333333333335
1908-05-01,64.5,16.30322580645161,4.661290322580645,44.7,9.848387096774195,9.141935483870967
1908-06-01,101.7,11.643333333333334,1.7933333333333332,30.400000000000002,7.98,7.473333333333333
1908-07-01,47.199999999999996,11.745161290322581,2.296774193548387,32.300000000000004,8.25483870967742,8.164516129032258
1908-08-01,36.0,13.496774193548386,3.012903225806452,49.1,8.683870967741935,11.125806451612902
1908-09-01,61.8,16.16,4.863333333333333,75.5,9.566666666666666,15.403333333333334
1908-10-01,44.3,21.77741935483871,7.258064516129032,120.3,11.425806451612903,19.932258064516127
1908-11-01,37.4,27.716666666666665,12.076666666666666,164.3,13.213333333333333,24.016666666666666
1908-12-01,13.200000000000001,30.648387096774194,13.72258064516129,213.9,13.138709677419355,26.177419354838708
1909-01-01,10.3,29.990322580645163,14.55483870967742,233.9,13.458064516129031,24.87741935483871
1909-02-01,23.3,29.192857142857143,13.653571428571428,187.2,14.153571428571428,22.928571428571427
1909-03-01,77.8,26.493548387096773,11.76774193548387,148.7,13.838709677419354,18.79032258064516
1909-04-01,99.7,20.113333333333333,5.9,82.0,10.536666666666667,13.883333333333333
1909-05-01,112.0,15.729032258064517,4.935483870967742,44.7,10.235483870967743,8.535483870967743
1909-06-01,119.8,12.753333333333334,4.366666666666666,30.400000000000002,9.506666666666666,6.7733333333333325
1909-07-01,90.7,11.538709677419355,2.3225806451612905,32.300000000000004,8.293548387096775,7.919354838709677
1909-08-01,118.6,13.296774193548387,4.216129032258064,49.1,9.448387096774193,10.058064516129033
1909-09-01,41.4,16.62,4.823333333333333,75.5,10.316666666666666,16.15
1909-10-01,27.2,21.493548387096773,7.680645161290323,120.3,11.54516129032258,20.396774193548385
1909-11-01,4.1,26.303333333333335,10.033333333333333,164.3,11.603333333333333,24.0
1909-12-01,11.3,27.335483870967742,11.100000000000001,213.9,11.32258064516129,26.42258064516129
1910-01-01,24.9,30.46451612903226,15.441935483870967,233.9,14.80967741935484,24.225806451612904
1910-02-01,0.9,31.785714285714285,14.275,187.2,14.299999999999999,24.49285714285714
1910-03-01,33.4,27.235483870967744,11.922580645161291,148.7,14.025806451612903,19.051612903225806
1910-04-01,1.1,23.57,7.586666666666667,82.0,11.423333333333334,15.006666666666666
1910-05-01,59.9,17.60967741935484,5.577419354838709,44.7,10.506451612903225,9.290322580645162
1910-06-01,85.4,14.07,4.616666666666666,30.400000000000002,9.713333333333333,7.406666666666666
1910-07-01,100.6,12.27741935483871,3.7161290322580647,32.300000000000004,9.080645161290322,7.861290322580645
1910-08-01,69.1,15.403225806451612,4.712903225806452,49.1,9.393548387096773,11.274193548387096
1910-09-01,112.0,17.763333333333332,6.243333333333334,75.5,10.953333333333335,15.566666666666666
1910-10-01,27.2,19.364516129032257,6.829032258064516,120.3,10.196774193548388,20.37741935483871
1910-11-01,64.89999999999999,25.766666666666666,10.629999999999999,164.3,12.146666666666667,23.966666666666665
1910-12-01,35.4,26.874193548387098,11.380645161290323,213.9,12.241935483870968,26.106451612903225
1911-01-01,47.4,29.183870967741935,14.654838709677419,233.9,14.893548387096773,24.56451612903226
1911-02-01,141.1,28.521428571428572,14.87857142857143,187.2,15.985714285714286,20.79642857142857
1911-03-01,60.7,25.274193548387096,11.670967741935485,148.7,13.948387096774193,18.125806451612902
1911-04-01,3.6,20.743333333333332,5.866666666666666,82.0,10.473333333333333,14.296666666666665
1911-05-01,106.1,17.048387096774192,6.380645161290323,44.7,10.745161290322581,8.651612903225805
1911-06-01,75.2,12.09,2.506666666666667,30.400000000000002,8.153333333333332,7.239999999999999
1911-07-01,38.1,12.325806451612904,2.6838709677419357,32.300000000000004,8.35483870967742,8.006451612903225
1911-08-01,21.8,15.719354838709679,5.122580645161291,49.1,9.348387096774195,10.858064516129033
1911-09-01,51.1,18.23,6.446666666666667,75.5,10.69,14.5
1911-10-01,11.9,21.56451612903226,7.16774193548387,120.3,10.496774193548386,20.506451612903227
1911-11-01,11.4,27.706666666666667,11.24,164.3,13.26,24.146666666666665
1911-12-01,47.0,27.606451612903225,12.535483870967743,213.9,12.651612903225805,26.15806451612903
1912-01-01,28.099999999999998,30.996774193548386,13.83548387096774,233.9,12.90967741935484,27.74516129032258
1912-02-01,14.700000000000001,32.47931034482759,15.986206896551725,193.2,14.513793103448275,23.179310344827588
1912-03-01,15.299999999999999,27.97741935483871,12.36774193548387,148.7,13.541935483870969,19.364516129032257
1912-04-01,4.6,21.33,6.993333333333334,82.0,10.346666666666666,14.473333333333333
1912-05-01,0.4,17.896774193548385,3.1322580645161286,44.7,8.483870967741936,10.422580645161291
1912-06-01,80.1,13.8,4.26,30.400000000000002,9.1,7.22
1912-07-01,122.0,12.14516129032258,3.5612903225806454,32.300000000000004,8.712903225806452,8.003225806451614
1912-08-01,53.0,14.551612903225807,4.674193548387097,49.1,9.422580645161291,11.23225806451613
1912-09-01,82.60000000000001,17.026666666666667,5.676666666666667,75.5,9.453333333333335,16.12666666666667
1912-10-01,27.2,21.583870967741937,7.199999999999999,120.3,10.90967741935484,21.44193548387097
1912-11-01,156.1,24.12,10.436666666666667,164.3,12.513333333333332,23.913333333333334
1912-12-01,82.6,27.809677419354838,12.761290322580646,213.9,13.922580645161291,27.009677419354837
1913-01-01,35.1,30.52258064516129,14.064516129032258,233.9,13.680645161290323,25.990322580645163
1913-02-01,34.199999999999996,31.95357142857143,14.710714285714285,187.2,14.882142857142856,23.535714285714285
1913-03-01,128.6,24.44193548387097,11.474193548387097,148.7,13.509677419354839,18.03548387096774
1913-04-01,8.2,23.206666666666667,8.693333333333333,82.0,12.913333333333332,14.296666666666665
1913-05-01,89.3,15.683870967741935,4.577419354838709,44.7,10.003225806451614,9.05483870967742
1913-06-01,65.89999999999999,13.22,2.85,30.400000000000002,8.513333333333334,8.07
1913-07-01,15.8,13.041935483870969,3.1774193548387095,32.300000000000004,8.509677419354839,8.551612903225807
1913-08-01,44.2,14.241935483870968,3.545161290322581,49.1,8.293548387096775,12.009677419354839
1913-09-01,47.7,16.94,5.683333333333334,75.5,9.889999999999999,15.67
1913-10-01,54.1,22.18064516129032,8.387096774193548,120.3,12.12258064516129,20.02258064516129
1913-11-01,52.2,24.17,8.736666666666668,164.3,11.336666666666668,24.766666666666666
1913-12-01,17.6,31.212903225806453,13.67741935483871,213.9,13.561290322580644,27.561290322580643
1914-01-01,16.7,31.361290322580647,14.374193548387098,233.9,13.493548387096775,26.516129032258064
1914-02-01,0.9,33.25714285714286,15.939285714285715,187.2,14.924999999999999,23.689285714285713
1914-03-01,20.5,28.403225806451612,13.351612903225806,148.7,14.612903225806452,18.73548387096774
1914-04-01,56.6,22.029999999999998,8.083333333333334,82.0,12.063333333333333,14.146666666666667
1914-05-01,47.199999999999996,17.19677419354839,5.854838709677419,44.7,10.429032258064517,9.287096774193548
1914-06-01,18.6,14.896666666666667,2.356666666666667,30.400000000000002,8.03,8.41
1914-07-01,30.2,12.390322580645162,2.3419354838709676,32.300000000000004,7.993548387096775,8.348387096774195
1914-08-01,14.0,16.03548387096774,3.7838709677419353,49.1,8.5,12.490322580645161
1914-09-01,17.6,19.126666666666665,5.076666666666667,75.5,9.526666666666667,16.976666666666667
1914-10-01,0.1,26.425806451612903,9.587096774193547,120.3,11.503225806451614,21.58709677419355
1914-11-01,40.9,29.013333333333332,14.07,164.3,15.053333333333335,22.846666666666668
1914-12-01,101.7,29.59032258064516,15.474193548387097,213.9,15.558064516129033,24.870967741935484
1915-01-01,22.0,31.003225806451614,14.899999999999999,233.9,13.096774193548388,26.206451612903226
1915-02-01,4.1000000000000005,32.214285714285715,15.717857142857143,187.2,14.857142857142858,23.717857142857145
1915-03-01,2.0,27.42258064516129,11.254838709677419,148.7,12.23225806451613,19.674193548387095
1915-04-01,15.1,22.303333333333335,7.836666666666667,82.0,11.42,14.33
1915-05-01,111.9,16.141935483870967,4.948387096774193,44.7,9.73225806451613,9.077419354838709
1915-06-01,113.6,13.333333333333334,4.26,30.400000000000002,9.033333333333333,7.276666666666667
1915-07-01,68.8,13.425806451612903,4.425806451612903,32.300000000000004,9.161290322580646,7.95483870967742
1915-08-01,86.9,14.241935483870968,4.893548387096774,49.1,9.206451612903225,10.990322580645161
1915-09-01,87.10000000000001,17.836666666666666,6.163333333333333,75.5,10.076666666666666,16.436666666666667
1915-10-01,61.199999999999996,19.583870967741937,7.041935483870968,120.3,10.851612903225806,20.448387096774194
1915-11-01,5.2,24.566666666666666,8.663333333333332,164.3,11.206666666666667,25.523333333333333
1915-12-01,13.200000000000001,29.038709677419355,12.696774193548388,213.9,13.577419354838709,26.31935483870968
1916-01-01,35.1,31.9,15.435483870967742,233.9,14.82258064516129,25.241935483870968
1916-02-01,26.8,30.913793103448278,14.886206896551723,193.2,14.582758620689654,23.824137931034482
1916-03-01,10.999999999999998,27.351612903225806,11.096774193548388,148.7,12.703225806451613,20.009677419354837
1916-04-01,36.7,20.55666666666667,7.503333333333333,82.0,11.536666666666667,13.120000000000001
1916-05-01,23.0,17.73548387096774,4.054838709677419,44.7,9.245161290322581,9.658064516129032
1916-06-01,113.5,12.453333333333335,4.323333333333333,30.400000000000002,9.360000000000001,6.543333333333334
1916-07-01,133.8,12.290322580645162,3.2903225806451615,32.300000000000004,8.709677419354838,7.377419354838709
1916-08-01,114.4,13.296774193548387,3.838709677419355,49.1,9.103225806451613,10.441935483870967
1916-09-01,128.8,18.23,7.083333333333333,75.5,10.496666666666666,13.75
1916-10-01,101.6,19.15806451612903,8.009677419354839,120.3,11.709677419354838,18.858064516129033
1916-11-01,99.8,21.626666666666665,9.273333333333333,164.3,12.136666666666667,21.743333333333332
1916-12-01,71.3,28.129032258064516,13.077419354838709,213.9,14.254838709677419,25.106451612903225
1917-01-01,56.9,30.55806451612903,15.451612903225806,233.9,15.254838709677419,24.509677419354837
1917-02-01,83.6,27.989285714285717,13.910714285714286,187.2,14.37857142857143,22.375
1917-03-01,29.8,26.006451612903227,11.480645161290322,148.7,13.383870967741935,18.516129032258064
1917-04-01,13.0,20.396666666666665,6.1899999999999995,82.0,10.35,13.82
1917-05-01,84.1,15.422580645161291,4.948387096774193,44.7,9.561290322580644,8.703225806451613
1917-06-01,207.9,13.003333333333334,4.07,30.400000000000002,8.926666666666668,6.760000000000001
1917-07-01,127.8,12.154838709677419,4.090322580645161,32.300000000000004,8.896774193548387,7.119354838709677
1917-08-01,106.3,14.161290322580646,4.238709677419355,49.1,8.861290322580645,10.72258064516129
1917-09-01,91.8,17.146666666666665,6.21,75.5,10.17,15.256666666666666
1917-10-01,177.9,19.883870967741935,7.929032258064517,120.3,12.041935483870969,18.312903225806455
1917-11-01,83.9,23.296666666666667,10.116666666666667,164.3,13.43,21.816666666666666
1917-12-01,22.7,29.906451612903226,13.906451612903227,213.9,15.100000000000001,26.24516129032258
1918-01-01,112.3,30.351612903225806,15.451612903225806,233.9,16.46451612903226,24.603225806451615
1918-02-01,76.8,29.303571428571427,13.975,187.2,14.985714285714286,23.289285714285715
1918-03-01,60.7,26.467741935483872,10.929032258064517,148.7,13.648387096774194,18.83225806451613
1918-04-01,56.6,21.19,7.483333333333333,82.0,11.813333333333333,13.183333333333334
1918-05-01,164.0,17.729032258064517,5.97741935483871,44.7,10.761290322580646,8.67741935483871
1918-06-01,80.2,14.153333333333334,3.85,30.400000000000002,9.176666666666668,7.433333333333334
1918-07-01,40.9,11.883870967741935,2.332258064516129,32.300000000000004,8.02258064516129,7.932258064516129
1918-08-01,114.39999999999999,14.925806451612903,5.432258064516129,49.1,9.8,10.006451612903225
1918-09-01,35.7,18.613333333333333,5.46,75.5,9.906666666666666,16.996666666666666
1918-10-01,27.2,20.151612903225807,6.606451612903226,120.3,10.751612903225807,19.593548387096774
1918-11-01,3.0999999999999996,26.196666666666665,10.01,164.3,11.69,24.67
1918-12-01,28.5,29.796774193548387,12.235483870967743,213.9,12.529032258064515,26.896774193548385
1919-01-01,0.0,31.9,14.109677419354838,233.9,13.206451612903225,27.003225806451614
1919-02-01,30.3,32.346428571428575,16.275,187.2,16.071428571428573,22.417857142857144
1919-03-01,60.6,25.338709677419356,10.87741935483871,148.7,12.903225806451612,17.738709677419354
1919-04-01,33.5,24.153333333333332,8.073333333333332,82.0,12.526666666666667,14.246666666666666
1919-05-01,59.9,17.88064516129032,6.183870967741935,44.7,11.23225806451613,8.97741935483871
1919-06-01,49.0,14.233333333333333,3.3,30.400000000000002,8.803333333333335,8.016666666666667
1919-07-01,25.6,12.674193548387096,1.3903225806451613,32.300000000000004,7.429032258064517,9.274193548387096
1919-08-01,28.6,14.761290322580646,2.761290322580645,49.1,8.40967741935484,11.158064516129032
1919-09-01,41.4,18.98,5.8100000000000005,75.5,10.026666666666667,15.4
1919-10-01,20.1,23.20967741935484,7.970967741935484,120.3,10.703225806451613,20.74516129032258
1919-11-01,28.0,28.123333333333335,12.096666666666666,164.3,12.593333333333334,24.313333333333333
1919-12-01,95.0,30.583870967741937,14.651612903225805,213.9,14.193548387096774,25.69677419354839
1920-01-01,3.4000000000000004,29.63225806451613,14.206451612903225,233.9,14.82258064516129,24.41290322580645
1920-02-01,0.0,31.886206896551727,14.824137931034482,193.2,13.744827586206897,23.76206896551724
1920-03-01,15.200000000000001,26.51290322580645,10.245161290322581,148.7,12.04516129032258,19.048387096774192
1920-04-01,15.0,21.81,7.6066666666666665,82.0,11.29,13.213333333333333
1920-05-01,29.1,16.016129032258064,3.3451612903225807,44.7,8.66451612903226,9.980645161290322
1920-06-01,85.4,13.583333333333334,4.546666666666667,30.400000000000002,9.703333333333335,6.586666666666667
1920-07-01,105.7,12.561290322580646,3.0064516129032257,32.300000000000004,8.890322580645162,8.087096774193547
1920-08-01,106.3,13.364516129032259,3.5612903225806454,49.1,9.480645161290322,10.348387096774195
1920-09-01,96.6,16.4,5.683333333333334,75.5,11.139999999999999,14.523333333333333
1920-10-01,106.2,21.751612903225805,8.029032258064516,120.3,13.270967741935483,19.780645161290323
1920-11-01,60.400000000000006,25.92,10.693333333333333,164.3,13.883333333333333,21.779999999999998
1920-12-01,25.5,29.241935483870968,13.370967741935484,213.9,14.016129032258064,24.903225806451612
1921-01-01,43.1,31.961290322580645,15.806451612903226,233.9,15.245161290322581,26.13225806451613
1921-02-01,34.2,31.432142857142857,16.22142857142857,187.2,16.09642857142857,23.057142857142857
1921-03-01,33.400000000000006,26.932258064516127,11.470967741935485,148.7,13.780645161290321,19.22258064516129
1921-04-01,33.4,22.4,8.13,82.0,12.666666666666666,13.653333333333334
1921-05-01,100.3,18.16774193548387,6.935483870967742,44.7,11.848387096774195,9.119354838709677
1921-06-01,107.6,14.093333333333334,3.7733333333333334,30.400000000000002,10.01,7.286666666666666
1921-07-01,95.5,13.490322580645161,3.138709677419355,32.300000000000004,8.825806451612902,8.016129032258064
1921-08-01,83.3,13.47741935483871,3.3741935483870966,49.1,8.803225806451612,11.374193548387098
1921-09-01,134.7,17.986666666666668,6.393333333333333,75.5,11.29,16.256666666666668
1921-10-01,64.9,20.183870967741935,7.129032258064516,120.3,11.33548387096774,20.251612903225805
1921-11-01,22.5,26.93,12.270000000000001,164.3,13.816666666666666,23.18
1921-12-01,51.4,28.183870967741935,13.138709677419355,213.9,14.167741935483871,24.73225806451613
1922-01-01,19.2,29.674193548387095,13.796774193548387,233.9,13.35483870967742,25.33225806451613
1922-02-01,43.0,32.08571428571428,16.14642857142857,187.2,15.285714285714286,22.817857142857143
1922-03-01,0.1,27.69677419354839,10.480645161290322,148.7,11.52258064516129,20.364516129032257
1922-04-01,11.4,23.45,9.153333333333334,82.0,11.860000000000001,13.573333333333332
1922-05-01,47.2,17.229032258064517,5.638709677419355,44.7,10.667741935483871,9.438709677419356
1922-06-01,53.0,13.783333333333333,3.4466666666666668,30.400000000000002,9.110000000000001,7.133333333333334
1922-07-01,68.8,12.53225806451613,3.42258064516129,32.300000000000004,8.76774193548387,7.77741935483871
1922-08-01,53.1,13.419354838709678,3.0580645161290323,49.1,8.651612903225805,10.851612903225806
1922-09-01,65.7,17.006666666666668,5.343333333333334,75.5,10.28,16.169999999999998
1922-10-01,64.9,21.793548387096774,7.619354838709677,120.3,11.374193548387098,19.85483870967742
1922-11-01,0.0,26.796666666666667,9.703333333333335,164.3,11.573333333333332,26.413333333333334
1922-12-01,28.5,28.98709677419355,13.09032258064516,213.9,14.396774193548387,25.019354838709678
1923-01-01,5.7,29.761290322580646,13.490322580645161,233.9,13.387096774193548,26.22258064516129
1923-02-01,0.0,32.31071428571429,14.049999999999999,187.2,14.278571428571428,25.553571428571427
1923-03-01,2.6999999999999997,28.096774193548388,11.180645161290323,148.7,12.951612903225806,20.019354838709678
1923-04-01,0.0,24.196666666666665,8.436666666666666,82.0,11.643333333333334,15.366666666666667
1923-05-01,69.2,17.983870967741936,6.441935483870967,44.7,10.577419354838709,9.387096774193548
1923-06-01,146.20000000000002,13.360000000000001,5.413333333333333,30.400000000000002,9.963333333333333,6.423333333333333
1923-07-01,105.8,12.13225806451613,4.183870967741935,32.300000000000004,9.55483870967742,7.67741935483871
1923-08-01,33.4,13.751612903225807,3.9193548387096775,49.1,9.109677419354838,11.819354838709677
1923-09-01,35.8,16.306666666666665,5.3566666666666665,75.5,10.18,14.916666666666666
1923-10-01,57.6,19.906451612903226,7.425806451612903,120.3,11.36774193548387,19.783870967741933
1923-11-01,28.1,23.116666666666667,8.113333333333333,164.3,11.133333333333333,26.0
1923-12-01,65.8,29.312903225806455,13.53225806451613,213.9,14.577419354838709,25.496774193548386
1924-01-01,43.1,28.864516129032257,13.064516129032258,233.9,13.564516129032258,24.13225806451613
1924-02-01,47.8,28.824137931034482,13.23448275862069,193.2,15.324137931034482,21.513793103448275
1924-03-01,77.8,26.509677419354837,11.348387096774195,148.7,13.890322580645162,18.687096774193545
1924-04-01,71.0,19.14333333333333,6.41,82.0,11.576666666666666,13.506666666666666
1924-05-01,36.0,16.751612903225805,3.838709677419355,44.7,9.629032258064516,10.064516129032258
1924-06-01,70.5,12.626666666666667,2.9,30.400000000000002,8.916666666666666,7.403333333333333
1924-07-01,40.900000000000006,13.264516129032257,1.8193548387096774,32.300000000000004,8.693548387096774,9.290322580645162
1924-08-01,110.3,14.948387096774193,3.8129032258064517,49.1,9.674193548387096,11.90967741935484
1924-09-01,47.8,17.003333333333334,6.266666666666667,75.5,10.913333333333332,14.34
1924-10-01,88.6,20.97741935483871,7.32258064516129,120.3,11.538709677419355,20.351612903225806
1924-11-01,123.3,23.46333333333333,10.683333333333334,164.3,14.006666666666666,22.446666666666665
1924-12-01,65.9,27.4,10.832258064516129,213.9,13.083870967741936,28.370967741935484
1925-01-01,135.79999999999998,29.05806451612903,13.680645161290323,233.9,15.154838709677419,24.870967741935484
1925-02-01,90.7,28.289285714285715,13.1,187.2,15.082142857142857,23.24285714285714
1925-03-01,15.2,27.048387096774192,10.30967741935484,148.7,13.32258064516129,19.322580645161292
1925-04-01,5.6000000000000005,23.773333333333333,7.819999999999999,82.0,12.103333333333333,14.79
1925-05-01,32.5,16.996774193548386,6.074193548387097,44.7,11.158064516129032,8.474193548387097
1925-06-01,80.1,14.393333333333334,3.7199999999999998,30.400000000000002,9.526666666666667,8.123333333333333
1925-07-01,72.9,12.270967741935483,2.4064516129032256,32.300000000000004,8.219354838709677,7.858064516129032
1925-08-01,47.1,13.941935483870967,2.825806451612903,49.1,8.64516129032258,12.12258064516129
1925-09-01,51.0,16.066666666666666,3.6333333333333333,75.5,9.336666666666668,16.44
1925-10-01,11.899999999999999,22.39032258064516,6.329032258064516,120.3,10.912903225806453,21.116129032258065
1925-11-01,22.5,26.13,10.086666666666668,164.3,13.626666666666667,24.676666666666666
1925-12-01,0.0,29.5258064516129,11.951612903225806,213.9,13.541935483870969,27.89032258064516
1926-01-01,22.0,29.629032258064516,12.893548387096773,233.9,14.180645161290323,26.958064516129035
1926-02-01,0.0,32.93214285714286,14.528571428571428,187.2,14.803571428571429,24.875
1926-03-01,77.8,27.906451612903226,12.696774193548388,148.7,13.996774193548386,18.45483870967742
1926-04-01,126.7,21.646666666666665,8.996666666666666,82.0,13.08,14.063333333333333
1926-05-01,94.8,14.738709677419354,4.903225806451613,44.7,9.874193548387098,9.341935483870968
1926-06-01,85.3,13.603333333333333,4.276666666666667,30.400000000000002,9.803333333333335,7.6466666666666665
1926-07-01,57.4,13.609677419354838,3.8483870967741933,32.300000000000004,9.219354838709679,8.693548387096774
1926-08-01,98.3,14.23225806451613,4.438709677419355,49.1,9.158064516129032,11.551612903225807
1926-09-01,35.7,18.509999999999998,6.223333333333333,75.5,11.016666666666667,16.7
1926-10-01,61.2,21.396774193548385,7.970967741935484,120.3,11.816129032258065,21.35483870967742
1926-11-01,8.1,25.933333333333334,9.04,164.3,11.883333333333333,26.636666666666667
1926-12-01,28.5,28.541935483870965,12.46774193548387,213.9,13.551612903225807,26.629032258064516
1927-01-01,19.200000000000003,31.56451612903226,14.509677419354839,233.9,14.86774193548387,25.932258064516127
1927-02-01,20.2,30.57857142857143,12.864285714285714,187.2,13.549999999999999,24.90357142857143
1927-03-01,7.5,26.25483870967742,10.448387096774193,148.7,12.664516129032258,19.190322580645162
1927-04-01,1.1,21.56,6.83,82.0,10.879999999999999,14.483333333333333
1927-05-01,43.199999999999996,16.12258064516129,4.461290322580646,44.7,9.35483870967742,9.770967741935483
1927-06-01,23.3,12.903333333333334,1.0233333333333334,30.400000000000002,7.546666666666667,8.906666666666666
1927-07-01,68.8,12.180645161290323,2.829032258064516,32.300000000000004,8.229032258064516,8.603225806451613
1927-08-01,86.8,13.8,3.203225806451613,49.1,8.506451612903225,12.019354838709678
1927-09-01,30.4,17.44333333333333,4.63,75.5,9.613333333333333,16.81
1927-10-01,72.4,22.635483870967743,8.635483870967741,120.3,12.067741935483872,20.996774193548386
1927-11-01,22.499999999999996,27.626666666666665,11.383333333333333,164.3,13.173333333333334,25.113333333333333
1927-12-01,20.0,29.496774193548386,13.26774193548387,213.9,14.741935483870968,26.48709677419355
1928-01-01,56.9,29.387096774193548,14.36774193548387,233.9,14.7,25.84193548387097
1928-02-01,182.3,29.679310344827588,15.931034482758621,193.2,17.74827586206897,21.50344827586207
1928-03-01,90.8,27.31935483870968,13.003225806451614,148.7,15.98709677419355,18.532258064516128
1928-04-01,36.7,22.11,9.186666666666667,82.0,13.743333333333334,14.433333333333334
1928-05-01,47.199999999999996,15.906451612903227,4.270967741935484,44.7,9.796774193548387,9.696774193548388
1928-06-01,75.2,13.483333333333333,2.6666666666666665,30.400000000000002,8.503333333333334,8.173333333333334
1928-07-01,50.4,13.303225806451612,2.870967741935484,32.300000000000004,8.603225806451613,8.567741935483872
1928-08-01,15.799999999999999,16.54516129032258,2.9096774193548387,49.1,9.280645161290321,12.841935483870968
1928-09-01,35.8,20.126666666666665,6.326666666666667,75.5,10.18,16.62
1928-10-01,76.3,19.906451612903226,6.712903225806452,120.3,10.748387096774193,20.06451612903226
1928-11-01,2.2,26.91,9.656666666666666,164.3,12.053333333333335,26.27
1928-12-01,6.7,30.019354838709678,12.861290322580645,213.9,13.393548387096773,27.73225806451613
1929-01-01,5.7,31.616129032258065,13.806451612903226,233.9,13.85483870967742,27.451612903225808
1929-02-01,38.5,31.889285714285712,15.989285714285714,187.2,18.525000000000002,22.932142857142857
1929-03-01,10.899999999999999,26.612903225806452,11.251612903225807,148.7,13.432258064516128,19.24516129032258
1929-04-01,76.4,21.3,7.243333333333334,82.0,11.323333333333332,13.816666666666666
1929-05-01,32.4,17.374193548387098,4.370967741935484,44.7,9.37741935483871,10.329032258064515
1929-06-01,45.2,13.49,2.1566666666666667,30.400000000000002,7.819999999999999,8.48
1929-07-01,21.4,11.709677419354838,0.8161290322580645,32.300000000000004,7.041935483870968,8.858064516129033
1929-08-01,53.0,14.280645161290321,2.5903225806451613,49.1,8.174193548387096,11.716129032258063
1929-09-01,73.9,17.4,3.1233333333333335,75.5,9.123333333333333,16.916666666666668
1929-10-01,20.0,21.032258064516128,7.116129032258065,120.3,11.264516129032257,20.461290322580645
1929-11-01,13.3,24.413333333333334,9.416666666666666,164.3,12.043333333333333,23.836666666666666
1929-12-01,55.9,26.67096774193548,11.63225806451613,213.9,13.048387096774194,25.325806451612905
1930-01-01,0.0,31.287096774193547,13.851612903225806,233.9,13.44516129032258,28.274193548387096
1930-02-01,8.4,33.839285714285715,16.914285714285715,187.2,16.05,23.935714285714287
1930-03-01,7.5,28.751612903225805,12.496774193548386,148.7,13.880645161290323,19.861290322580647
1930-04-01,27.2,22.266666666666666,7.346666666666667,82.0,11.020000000000001,14.54
1930-05-01,51.2,17.612903225806452,5.341935483870968,44.7,10.45483870967742,10.087096774193547
1930-06-01,18.6,14.623333333333333,2.81,30.400000000000002,8.596666666666666,8.51
1930-07-01,44.0,13.696774193548388,4.235483870967743,32.300000000000004,9.538709677419355,7.780645161290322
1930-08-01,69.1,14.222580645161292,4.009677419354839,49.1,9.509677419354839,10.816129032258065
1930-09-01,35.8,17.44333333333333,4.133333333333334,75.5,10.033333333333333,16.33
1930-10-01,130.1,22.148387096774194,9.116129032258065,120.3,13.738709677419354,18.809677419354838
1930-11-01,31.0,25.766666666666666,9.69,164.3,12.776666666666667,24.326666666666664
1930-12-01,147.1,27.996774193548386,13.509677419354839,213.9,15.36774193548387,24.72258064516129
1931-01-01,25.0,28.39032258064516,12.541935483870969,233.9,13.783870967741937,26.42258064516129
1931-02-01,8.4,30.457142857142856,12.385714285714286,187.2,13.267857142857142,25.307142857142857
1931-03-01,105.0,25.967741935483872,11.506451612903225,148.7,14.577419354838709,17.574193548387097
1931-04-01,87.5,20.52,6.930000000000001,82.0,11.879999999999999,14.139999999999999
1931-05-01,143.4,16.580645161290324,6.854838709677419,44.7,11.919354838709678,8.312903225806451
1931-06-01,191.4,12.786666666666667,4.486666666666666,30.400000000000002,9.786666666666667,6.91
1931-07-01,68.8,12.241935483870968,3.7483870967741937,32.300000000000004,8.980645161290322,8.103225806451613
1931-08-01,59.2,13.851612903225806,3.6258064516129034,49.1,9.390322580645162,11.161290322580646
1931-09-01,54.6,16.970000000000002,5.136666666666667,75.5,10.193333333333333,15.893333333333334
1931-10-01,54.1,20.519354838709678,6.306451612903226,120.3,10.561290322580644,22.070967741935487
1931-11-01,64.8,24.773333333333333,9.729999999999999,164.3,12.79,24.076666666666664
1931-12-01,1.2999999999999998,29.61935483870968,12.183870967741935,213.9,14.264516129032257,28.40967741935484
1932-01-01,2.5,34.12580645161291,14.903225806451612,233.9,14.399999999999999,27.003225806451614
1932-02-01,26.7,28.593103448275862,12.755172413793103,193.2,14.951724137931036,22.417241379310347
1932-03-01,128.6,26.532258064516128,11.64516129032258,148.7,14.393548387096773,17.635483870967743
1932-04-01,126.69999999999999,20.80666666666667,8.41,82.0,13.0,13.07
1932-05-01,5.4,17.67096774193548,5.125806451612903,44.7,10.36774193548387,10.138709677419355
1932-06-01,90.7,12.7,2.6666666666666665,30.400000000000002,8.753333333333334,7.583333333333333
1932-07-01,68.9,12.425806451612903,1.761290322580645,32.300000000000004,8.283870967741937,8.225806451612904
1932-08-01,102.3,14.461290322580645,3.5580645161290323,49.1,9.135483870967741,10.69032258064516
1932-09-01,61.9,17.636666666666667,6.08,75.5,10.770000000000001,15.226666666666667
1932-10-01,41.3,19.29032258064516,6.0,120.3,10.709677419354838,19.84193548387097
1932-11-01,40.9,26.506666666666668,10.053333333333335,164.3,12.896666666666667,23.86
1932-12-01,28.5,28.006451612903227,11.170967741935485,213.9,12.506451612903225,26.438709677419357
1933-01-01,22.0,29.141935483870967,13.12258064516129,233.9,13.812903225806451,26.070967741935487
1933-02-01,0.0,30.15357142857143,11.9,187.2,12.185714285714285,25.24285714285714
1933-03-01,15.2,28.112903225806452,11.041935483870969,148.7,13.254838709677419,19.4
1933-04-01,15.0,22.196666666666665,7.196666666666667,82.0,11.283333333333333,14.033333333333333
1933-05-01,69.1,16.845161290322583,5.02258064516129,44.7,10.106451612903227,9.37741935483871
1933-06-01,65.8,14.483333333333333,3.6733333333333333,30.400000000000002,9.26,7.5233333333333325
1933-07-01,77.1,13.399999999999999,2.9838709677419355,32.300000000000004,9.080645161290322,8.061290322580644
1933-08-01,41.4,13.667741935483871,1.861290322580645,49.1,8.129032258064516,11.125806451612902
1933-09-01,91.8,16.89,5.83,75.5,10.243333333333334,14.693333333333333
1933-10-01,47.5,22.916129032258063,8.364516129032259,120.3,12.016129032258064,20.73548387096774
1933-11-01,48.2,26.206666666666667,10.5,164.3,13.703333333333335,23.009999999999998
1933-12-01,123.2,27.1,12.97741935483871,213.9,14.380645161290323,25.138709677419353
1934-01-01,201.0,31.3,14.783870967741937,233.9,14.67741935483871,26.425806451612903
1934-02-01,58.4,30.0,14.007142857142856,187.2,15.060714285714285,22.914285714285715
1934-03-01,71.9,29.19677419354839,13.683870967741935,148.7,14.912903225806453,19.53548387096774
1934-04-01,99.60000000000001,20.636666666666667,8.21,82.0,12.536666666666667,13.26
1934-05-01,0.0,19.322580645161292,4.016129032258065,44.7,9.896774193548387,11.138709677419355
1934-06-01,38.2,13.78,1.5799999999999998,30.400000000000002,8.110000000000001,8.446666666666667
1934-07-01,86.0,13.77741935483871,3.9000000000000004,32.300000000000004,9.364516129032259,7.735483870967743
1934-08-01,90.7,14.364516129032259,4.206451612903226,49.1,9.425806451612903,10.429032258064517
1934-09-01,51.099999999999994,18.39,4.78,75.5,9.726666666666667,17.256666666666668
1934-10-01,145.2,20.351612903225806,6.574193548387097,120.3,12.003225806451614,19.74516129032258
1934-11-01,111.3,24.64333333333333,10.983333333333333,164.3,14.33,21.753333333333334
1934-12-01,38.9,27.69677419354839,12.219354838709679,213.9,13.22258064516129,26.993548387096773
1935-01-01,24.9,29.761290322580646,13.258064516129032,233.9,13.896774193548387,25.654838709677417
1935-02-01,58.5,29.321428571428573,13.424999999999999,187.2,14.442857142857141,23.50714285714286
1935-03-01,37.4,26.309677419354838,10.567741935483872,148.7,12.816129032258065,19.070967741935487
1935-04-01,106.0,20.85666666666667,8.4,82.0,12.453333333333335,11.863333333333333
1935-05-01,10.7,16.361290322580643,3.6548387096774193,44.7,9.558064516129033,10.038709677419355
1935-06-01,52.9,13.093333333333334,3.1599999999999997,30.400000000000002,8.860000000000001,7.29
1935-07-01,86.0,12.870967741935484,2.5806451612903225,32.300000000000004,8.600000000000001,8.07741935483871
1935-08-01,62.5,15.525806451612903,4.554838709677419,49.1,9.438709677419356,11.441935483870967
1935-09-01,65.60000000000001,17.126666666666665,5.3966666666666665,75.5,10.083333333333334,16.266666666666666
1935-10-01,92.9,21.419354838709676,7.699999999999999,120.3,11.670967741935485,20.074193548387097
1935-11-01,9.6,25.166666666666668,9.479999999999999,164.3,11.893333333333334,24.476666666666667
1935-12-01,39.0,29.135483870967743,11.887096774193548,213.9,12.948387096774193,26.809677419354838
1936-01-01,52.0,30.48709677419355,14.761290322580646,233.9,14.72258064516129,23.916129032258063
1936-02-01,12.4,30.044827586206896,14.258620689655173,193.2,15.13103448275862,22.641379310344828
1936-03-01,20.4,28.419354838709676,11.709677419354838,148.7,13.812903225806451,19.316129032258065
1936-04-01,56.599999999999994,20.85,6.453333333333333,82.0,10.96,13.986666666666668
1936-05-01,26.0,18.616129032258065,3.6129032258064515,44.7,9.387096774193548,10.564516129032258
1936-06-01,90.6,12.736666666666668,2.496666666666667,30.400000000000002,8.743333333333334,7.63
1936-07-01,127.8,12.625806451612902,3.838709677419355,32.300000000000004,9.087096774193547,7.461290322580646
1936-08-01,102.3,14.625806451612902,4.941935483870967,49.1,9.564516129032258,11.44516129032258
1936-09-01,25.6,16.9,3.5966666666666667,75.5,9.476666666666667,16.696666666666665
1936-10-01,41.2,20.96451612903226,6.793548387096774,120.3,11.12258064516129,20.648387096774194
1936-11-01,13.3,25.5,8.786666666666667,164.3,11.09,25.816666666666666
1936-12-01,108.5,27.85483870967742,13.919354838709678,213.9,15.680645161290323,23.093548387096774
1937-01-01,52.0,28.05806451612903,13.135483870967741,233.9,14.374193548387098,25.309677419354838
1937-02-01,14.7,30.303571428571427,14.142857142857142,187.2,13.99642857142857,23.410714285714285
1937-03-01,20.400000000000002,27.548387096774192,11.716129032258063,148.7,13.62258064516129,19.516129032258064
1937-04-01,24.400000000000002,21.453333333333333,6.876666666666667,82.0,10.546666666666665,14.71
1937-05-01,32.4,17.03548387096774,4.609677419354839,44.7,9.683870967741935,9.761290322580646
1937-06-01,41.699999999999996,13.45,2.3833333333333333,30.400000000000002,8.34,8.373333333333333
1937-07-01,19.4,13.416129032258064,1.3258064516129033,32.300000000000004,7.474193548387096,9.14516129032258
1937-08-01,62.4,16.30322580645161,4.890322580645161,49.1,9.435483870967742,11.848387096774195
1937-09-01,61.9,18.5,6.196666666666667,75.5,10.156666666666666,16.45
1937-10-01,76.3,22.461290322580645,9.170967741935485,120.3,12.27741935483871,20.34193548387097
1937-11-01,22.5,27.673333333333336,11.766666666666667,164.3,13.076666666666666,24.3
1937-12-01,51.3,28.983870967741936,13.825806451612904,213.9,14.641935483870967,24.758064516129032
1938-01-01,16.7,30.809677419354838,14.745161290322581,233.9,14.648387096774194,25.55483870967742
1938-02-01,17.3,29.167857142857144,13.950000000000001,187.2,14.482142857142858,23.05
1938-03-01,3.7,28.925806451612903,12.619354838709677,148.7,13.709677419354838,19.9
1938-04-01,36.699999999999996,24.17,9.013333333333332,82.0,12.093333333333334,15.069999999999999
1938-05-01,23.1,19.56451612903226,6.106451612903226,44.7,10.96774193548387,9.903225806451612
1938-06-01,90.60000000000001,13.416666666666666,3.203333333333333,30.400000000000002,8.74,7.7266666666666675
1938-07-01,53.800000000000004,12.47741935483871,2.2774193548387096,32.300000000000004,8.235483870967743,8.693548387096774
1938-08-01,47.0,14.432258064516128,3.5999999999999996,49.1,8.95483870967742,12.019354838709678
1938-09-01,12.5,18.45,4.796666666666667,75.5,9.74,17.236666666666668
1938-10-01,7.0,24.096774193548388,8.067741935483872,120.3,11.77741935483871,20.806451612903224
1938-11-01,0.8999999999999999,28.266666666666666,11.610000000000001,164.3,13.883333333333333,25.673333333333336
1938-12-01,0.5,29.864516129032257,12.009677419354839,213.9,12.441935483870967,27.66774193548387
1939-01-01,5.7,34.81612903225806,16.906451612903226,233.9,14.606451612903227,26.4
1939-02-01,230.0,33.03214285714286,16.435714285714287,187.2,14.517857142857142,22.803571428571427
1939-03-01,128.7,25.893548387096775,13.125806451612902,148.7,15.912903225806453,18.219354838709677
1939-04-01,212.60000000000002,21.5,10.143333333333334,82.0,14.856666666666666,13.05
1939-05-01,26.0,18.664516129032258,6.300000000000001,44.7,11.993548387096775,9.961290322580645
1939-06-01,146.2,13.1,4.576666666666667,30.400000000000002,10.043333333333333,6.826666666666667
1939-07-01,27.900000000000002,11.770967741935483,1.2645161290322582,32.300000000000004,7.622580645161291,8.55483870967742
1939-08-01,140.3,13.538709677419355,5.129032258064516,49.1,9.76774193548387,10.370967741935484
1939-09-01,47.8,17.15666666666667,5.1,75.5,10.25,16.1
1939-10-01,97.2,20.003225806451614,6.754838709677419,120.3,11.709677419354838,20.403225806451612
1939-11-01,89.0,23.153333333333332,9.316666666666666,164.3,13.463333333333333,22.89
1939-12-01,5.3999999999999995,27.690322580645162,10.312903225806451,213.9,12.287096774193548,28.096774193548388
1940-01-01,3.4,31.248387096774195,13.841935483870968,233.9,14.254838709677419,26.580645161290324
1940-02-01,2.2,29.75862068965517,11.355172413793104,193.2,12.727586206896552,25.76551724137931
1940-03-01,7.5,32.58709677419355,11.90967741935484,148.7,13.13225806451613,21.083870967741937
1940-04-01,99.6,21.21333333333333,7.4366666666666665,82.0,11.95,13.796666666666665
1940-05-01,26.0,16.14516129032258,3.42258064516129,44.7,9.535483870967743,10.106451612903227
1940-06-01,14.2,13.143333333333334,1.7266666666666666,30.400000000000002,8.263333333333334,7.973333333333333
1940-07-01,47.2,13.464516129032257,3.293548387096774,32.300000000000004,8.600000000000001,7.922580645161291
1940-08-01,21.7,15.66451612903226,2.009677419354839,49.1,8.509677419354839,12.403225806451612
1940-09-01,65.6,18.720000000000002,4.693333333333333,75.5,10.006666666666666,16.59
1940-10-01,8.5,24.79032258064516,7.577419354838709,120.3,11.261290322580646,21.6
1940-11-01,22.5,24.396666666666665,9.343333333333334,164.3,11.673333333333334,24.009999999999998
1940-12-01,38.900000000000006,30.687096774193545,13.674193548387096,213.9,14.387096774193548,26.225806451612904
1941-01-01,91.5,29.12258064516129,14.651612903225805,233.9,15.658064516129032,24.674193548387095
1941-02-01,34.3,29.135714285714283,13.24642857142857,187.2,14.639285714285714,24.37857142857143
1941-03-01,137.2,24.361290322580647,10.548387096774194,148.7,13.990322580645161,18.08709677419355
1941-04-01,6.8,24.196666666666665,8.870000000000001,82.0,12.17,14.546666666666665
1941-05-01,17.6,17.919354838709676,3.5612903225806454,44.7,9.76774193548387,10.587096774193547
1941-06-01,52.9,13.75,3.1733333333333333,30.400000000000002,8.876666666666667,7.403333333333333
1941-07-01,72.89999999999999,12.87741935483871,3.193548387096774,32.300000000000004,8.829032258064515,7.987096774193549
1941-08-01,17.6,14.880645161290323,2.9741935483870967,49.1,8.680645161290323,11.77741935483871
1941-09-01,35.7,17.586666666666666,4.96,75.5,10.273333333333333,15.293333333333333
1941-10-01,57.6,19.822580645161292,5.558064516129033,120.3,10.59032258064516,22.1
1941-11-01,25.2,27.063333333333333,10.423333333333334,164.3,12.986666666666668,24.296666666666667
1941-12-01,13.200000000000001,29.661290322580644,12.48709677419355,213.9,13.764516129032257,26.648387096774194
1942-01-01,35.1,32.751612903225805,14.383870967741935,233.9,14.44516129032258,26.61935483870968
1942-02-01,38.5,29.467857142857145,14.832142857142857,187.2,15.282142857142857,22.364285714285717
1942-03-01,45.8,27.95483870967742,12.135483870967741,148.7,13.561290322580644,19.40967741935484
1942-04-01,21.8,22.263333333333332,7.67,82.0,12.263333333333332,14.353333333333333
1942-05-01,124.2,16.241935483870968,7.94516129032258,44.7,12.3,7.5
1942-06-01,96.1,13.796666666666665,3.993333333333333,30.400000000000002,9.733333333333333,7.1033333333333335
1942-07-01,44.1,12.558064516129033,2.664516129032258,32.300000000000004,8.829032258064515,7.925806451612903
1942-08-01,79.5,14.180645161290323,4.270967741935484,49.1,9.906451612903227,10.358064516129033
1942-09-01,41.4,17.80666666666667,4.983333333333333,75.5,10.580000000000002,16.0
1942-10-01,47.5,20.845161290322583,6.729032258064516,120.3,12.429032258064517,19.929032258064513
1942-11-01,74.0,24.626666666666665,10.446666666666665,164.3,13.780000000000001,20.66
1942-12-01,17.6,30.164516129032258,14.47741935483871,213.9,15.693548387096774,25.822580645161292
1943-01-01,39.0,31.138709677419353,14.17741935483871,233.9,14.606451612903227,25.5
1943-02-01,20.2,31.63214285714286,13.921428571428573,187.2,14.632142857142856,22.42142857142857
1943-03-01,4.8,29.116129032258065,11.72258064516129,148.7,13.925806451612903,19.603225806451615
1943-04-01,52.2,20.003333333333334,6.8933333333333335,82.0,11.72,12.05
1943-05-01,15.1,16.280645161290323,3.9129032258064513,44.7,9.883870967741935,8.709677419354838
1943-06-01,45.3,12.47,2.42,30.400000000000002,8.516666666666667,6.543333333333334
1943-07-01,47.2,11.970967741935485,2.796774193548387,32.300000000000004,8.341935483870968,8.02258064516129
1943-08-01,72.60000000000001,12.46774193548387,2.4612903225806453,49.1,8.567741935483872,10.345161290322581
1943-09-01,51.1,16.98,5.08,75.5,10.646666666666667,14.43
1943-10-01,44.300000000000004,20.187096774193545,7.080645161290323,120.3,11.90967741935484,19.81935483870968
1943-11-01,17.599999999999998,24.206666666666667,9.26,164.3,12.983333333333333,23.5
1943-12-01,1.3,28.396774193548385,11.880645161290323,213.9,13.258064516129032,26.903225806451612
1944-01-01,2.5,31.919354838709676,13.938709677419356,233.9,13.69032258064516,27.003225806451614
1944-02-01,4.1,30.013793103448275,12.355172413793104,193.2,13.634482758620688,24.013793103448275
1944-03-01,15.2,27.016129032258064,10.893548387096773,148.7,13.125806451612902,19.393548387096775
1944-04-01,48.0,19.03666666666667,5.916666666666667,82.0,10.123333333333333,12.363333333333333
1944-05-01,64.5,15.32258064516129,5.596774193548387,44.7,10.806451612903226,7.267741935483872
1944-06-01,18.599999999999998,12.883333333333333,1.63,30.400000000000002,8.166666666666666,7.930000000000001
1944-07-01,47.1,12.403225806451612,1.2774193548387098,32.300000000000004,8.04516129032258,8.35483870967742
1944-08-01,1.2,14.925806451612903,1.5290322580645161,49.1,8.551612903225807,12.32258064516129
1944-09-01,12.5,19.733333333333334,4.083333333333333,75.5,10.326666666666666,16.166666666666668
1944-10-01,44.4,23.1,7.361290322580645,120.3,11.258064516129032,19.706451612903226
1944-11-01,28.1,26.876666666666665,11.206666666666667,164.3,12.453333333333335,20.976666666666667
1944-12-01,42.800000000000004,27.816129032258065,11.996774193548386,213.9,12.787096774193548,25.70967741935484
1945-01-01,67.30000000000001,30.05806451612903,14.37741935483871,233.9,14.551612903225807,22.783870967741933
1945-02-01,4.1,28.164285714285715,13.025,187.2,13.982142857142858,22.535714285714285
1945-03-01,2.7,25.325806451612905,8.980645161290322,148.7,11.635483870967741,20.009677419354837
1945-04-01,8.200000000000001,21.90666666666667,6.493333333333334,82.0,11.370000000000001,14.003333333333334
1945-05-01,12.8,16.883870967741935,3.890322580645161,44.7,9.64516129032258,9.448387096774193
1945-06-01,96.0,14.97,3.9466666666666668,30.400000000000002,9.903333333333334,6.866666666666666
1945-07-01,47.199999999999996,11.574193548387097,1.8161290322580645,32.300000000000004,8.270967741935483,8.17741935483871
1945-08-01,98.3,14.196774193548388,5.27741935483871,49.1,10.229032258064517,10.229032258064517
1945-09-01,30.5,16.413333333333334,4.443333333333333,75.5,10.133333333333333,15.4
1945-10-01,57.6,20.432258064516127,7.074193548387097,120.3,11.806451612903226,18.051612903225806
1945-11-01,73.99999999999999,25.446666666666665,10.603333333333333,164.3,13.42,21.27
1945-12-01,9.6,31.480645161290322,13.006451612903225,213.9,14.009677419354839,27.041935483870965
1946-01-01,72.9,32.25483870967742,15.235483870967743,233.9,15.780645161290321,25.951612903225808
1946-02-01,141.1,28.064285714285713,14.721428571428572,187.2,16.557142857142857,20.49285714285714
1946-03-01,66.0,22.91290322580645,10.51290322580645,148.7,13.929032258064517,17.483870967741936
1946-04-01,52.199999999999996,20.273333333333333,6.446666666666667,82.0,11.7,13.756666666666666
1946-05-01,35.9,17.161290322580644,3.3806451612903223,44.7,9.667741935483871,10.212903225806452
1946-06-01,52.900000000000006,12.69,1.7033333333333334,30.400000000000002,8.073333333333332,7.293333333333334
1946-07-01,100.6,13.067741935483872,4.593548387096774,32.300000000000004,8.97741935483871,7.5
1946-08-01,53.1,13.529032258064515,3.2903225806451615,49.1,8.725806451612904,11.064516129032258
1946-09-01,9.8,16.720000000000002,4.036666666666666,75.5,9.35,15.803333333333335
1946-10-01,29.799999999999997,20.470967741935485,5.235483870967743,120.3,10.406451612903227,20.206451612903226
1946-11-01,79.0,25.973333333333336,10.736666666666668,164.3,12.65,21.290000000000003
1946-12-01,15.3,28.774193548387096,12.609677419354838,213.9,14.006451612903225,25.53548387096774
1947-01-01,8.6,31.299999999999997,13.899999999999999,233.9,14.141935483870967,27.177419354838708
1947-02-01,43.0,31.660714285714285,16.885714285714286,187.2,17.717857142857145,20.271428571428572
1947-03-01,60.699999999999996,26.693548387096776,12.058064516129033,148.7,14.061290322580644,18.11935483870968
1947-04-01,21.8,21.766666666666666,8.043333333333333,82.0,12.629999999999999,13.783333333333333
1947-05-01,23.1,19.751612903225805,5.838709677419355,44.7,11.283870967741937,9.838709677419354
1947-06-01,57.1,14.126666666666667,3.796666666666667,30.400000000000002,9.073333333333332,7.47
1947-07-01,127.8,11.980645161290322,3.954838709677419,32.300000000000004,9.170967741935485,7.487096774193549
1947-08-01,59.199999999999996,12.948387096774193,3.064516129032258,49.1,8.67741935483871,10.899999999999999
1947-09-01,58.1,16.79,5.753333333333333,75.5,10.5,15.506666666666666
1947-10-01,72.4,19.493548387096773,7.141935483870968,120.3,11.596774193548388,18.76451612903226
1947-11-01,37.5,23.043333333333333,9.153333333333334,164.3,12.346666666666666,22.113333333333333
1947-12-01,115.69999999999999,26.809677419354838,12.577419354838709,213.9,15.212903225806452,23.4
1948-01-01,1.8,28.93548387096774,12.774193548387096,233.9,13.832258064516129,26.46451612903226
1948-02-01,58.400000000000006,30.148275862068964,15.0,193.2,16.341379310344827,21.444827586206895
1948-03-01,2.0,24.780645161290323,7.94516129032258,148.7,11.903225806451612,20.85483870967742
1948-04-01,40.300000000000004,21.383333333333333,7.796666666666667,82.0,11.896666666666667,12.713333333333333
1948-05-01,60.0,15.03225806451613,5.235483870967743,44.7,10.641935483870967,7.770967741935484
1948-06-01,57.1,13.72,2.896666666666667,30.400000000000002,8.993333333333334,7.2
1948-07-01,27.799999999999997,11.751612903225807,1.3709677419354838,32.300000000000004,7.864516129032258,8.019354838709678
1948-08-01,30.9,15.14516129032258,3.0064516129032257,49.1,9.167741935483871,11.919354838709678
1948-09-01,30.4,18.6,5.293333333333334,75.5,10.596666666666666,15.913333333333332
1948-10-01,72.4,19.845161290322583,5.938709677419355,120.3,10.806451612903226,19.983870967741936
1948-11-01,78.9,23.846666666666668,9.29,164.3,12.436666666666667,22.433333333333334
1948-12-01,76.7,28.69677419354839,12.480645161290322,213.9,13.667741935483871,22.02258064516129
1949-01-01,7.0,29.338709677419356,13.816129032258065,233.9,14.264516129032257,23.848387096774193
1949-02-01,53.0,27.59642857142857,11.978571428571428,187.2,13.142857142857142,21.59642857142857
1949-03-01,97.8,25.419354838709676,12.596774193548388,148.7,15.841935483870968,16.03548387096774
1949-04-01,15.0,20.433333333333334,5.88,82.0,11.283333333333333,13.93
1949-05-01,47.2,15.76774193548387,4.067741935483871,44.7,10.17741935483871,8.225806451612904
1949-06-01,45.199999999999996,12.043333333333333,1.6566666666666667,30.400000000000002,8.246666666666666,7.016666666666667
1949-07-01,53.9,12.30967741935484,3.1225806451612903,32.300000000000004,8.551612903225807,7.616129032258065
1949-08-01,13.9,14.638709677419355,1.9290322580645163,49.1,8.651612903225805,11.764516129032257
1949-09-01,54.5,17.523333333333333,4.296666666666667,75.5,10.316666666666666,15.616666666666667
1949-10-01,125.10000000000001,19.64516129032258,8.47741935483871,120.3,13.270967741935483,16.029032258064515
1949-11-01,135.9,22.503333333333334,10.393333333333334,164.3,14.226666666666667,19.483333333333334
1949-12-01,6.7,26.712903225806453,10.903225806451612,213.9,12.62258064516129,24.63225806451613
1950-01-01,8.6,29.79032258064516,13.02258064516129,233.9,13.548387096774194,24.23548387096774
1950-02-01,76.8,27.553571428571427,14.328571428571427,187.2,16.342857142857145,19.400000000000002
1950-03-01,128.6,25.68064516129032,12.561290322580644,148.7,15.95483870967742,15.790322580645162
1950-04-01,33.4,20.783333333333335,7.736666666666666,82.0,13.096666666666666,13.68
1950-05-01,51.2,17.096774193548388,4.264516129032257,44.7,10.654838709677419,8.551612903225807
1950-06-01,23.400000000000002,13.383333333333333,2.033333333333333,30.400000000000002,8.673333333333334,6.586666666666667
1950-07-01,50.4,13.83548387096774,3.254838709677419,32.300000000000004,9.33548387096774,7.245161290322581
1950-08-01,30.9,14.916129032258064,3.332258064516129,49.1,9.567741935483872,10.82258064516129
1950-09-01,82.6,18.67,5.406666666666666,75.5,11.543333333333333,16.046666666666667
1950-10-01,80.3,20.648387096774194,8.122580645161289,120.3,13.135483870967741,17.258064516129032
1950-11-01,74.0,25.183333333333334,10.610000000000001,164.3,14.426666666666668,20.59
1950-12-01,11.3,30.19677419354839,13.02258064516129,213.9,14.78709677419355,27.625806451612902
1951-01-01,47.4,32.92903225806452,14.693548387096774,233.9,16.2,25.725806451612904
1951-02-01,34.199999999999996,30.99642857142857,14.317857142857141,187.2,15.489285714285714,21.49285714285714
1951-03-01,20.400000000000002,29.570967741935487,11.351612903225806,148.7,14.080645161290322,19.86774193548387
1951-04-01,48.0,18.836666666666666,6.5633333333333335,82.0,11.193333333333333,12.193333333333333
1951-05-01,78.9,16.267741935483873,5.861290322580645,44.7,10.964516129032257,8.029032258064516
1951-06-01,96.0,14.746666666666668,4.763333333333334,30.400000000000002,10.360000000000001,6.17
1951-07-01,95.60000000000001,12.348387096774195,2.9193548387096775,32.300000000000004,8.696774193548388,7.738709677419355
1951-08-01,62.4,12.790322580645162,3.487096774193548,49.1,8.816129032258065,10.019354838709678
1951-09-01,35.699999999999996,18.3,5.576666666666666,75.5,10.95,14.223333333333333
1951-10-01,80.30000000000001,19.82903225806452,6.916129032258064,120.3,11.30967741935484,20.003225806451614
1951-11-01,20.0,24.44333333333333,6.943333333333333,164.3,9.99,23.476666666666667
1951-12-01,11.3,28.98709677419355,10.82258064516129,213.9,11.648387096774194,25.45483870967742
1952-01-01,7.0,32.20967741935484,12.970967741935485,233.9,12.606451612903227,25.761290322580646
1952-02-01,2.2,30.637931034482758,12.286206896551725,193.2,12.258620689655173,22.00689655172414
1952-03-01,33.400000000000006,28.82903225806452,11.929032258064517,148.7,13.764516129032257,18.283870967741933
1952-04-01,81.9,19.933333333333334,8.283333333333333,82.0,12.233333333333333,11.77
1952-05-01,143.4,15.63225806451613,4.909677419354839,44.7,10.432258064516128,8.348387096774195
1952-06-01,113.5,13.193333333333333,4.903333333333333,30.400000000000002,9.770000000000001,6.386666666666667
1952-07-01,68.8,11.619354838709677,1.729032258064516,32.300000000000004,7.951612903225806,8.009677419354839
1952-08-01,53.1,14.790322580645162,3.2516129032258063,49.1,8.893548387096773,11.541935483870969
1952-09-01,65.60000000000001,17.71333333333333,5.09,75.5,10.003333333333334,15.396666666666667
1952-10-01,97.2,19.55806451612903,7.674193548387097,120.3,11.696774193548388,16.529032258064515
1952-11-01,94.4,22.33,8.446666666666667,164.3,12.036666666666667,22.316666666666666
1952-12-01,42.9,27.16774193548387,11.787096774193548,213.9,13.906451612903227,23.61935483870968
1953-01-01,31.5,30.261290322580646,13.993548387096775,233.9,14.119354838709677,25.851612903225806
1953-02-01,23.299999999999997,30.142857142857142,13.12142857142857,187.2,13.542857142857143,23.317857142857143
1953-03-01,6.0,29.76451612903226,11.161290322580646,148.7,12.303225806451612,19.96451612903226
1953-04-01,24.5,22.923333333333336,7.863333333333333,82.0,12.326666666666666,14.07
1953-05-01,39.6,17.91290322580645,5.622580645161291,44.7,10.54516129032258,8.493548387096775
1953-06-01,80.1,12.916666666666666,3.26,30.400000000000002,8.563333333333333,7.333333333333333
1953-07-01,64.8,12.974193548387097,2.0677419354838706,32.300000000000004,8.206451612903226,8.712903225806452
1953-08-01,102.3,13.525806451612903,3.0677419354838706,49.1,8.916129032258064,10.52258064516129
1953-09-01,91.7,16.553333333333335,4.426666666666667,75.5,9.806666666666667,15.389999999999999
1953-10-01,72.4,19.738709677419354,6.264516129032257,120.3,11.5,20.358064516129033
1953-11-01,34.1,23.546666666666667,8.16,164.3,11.796666666666665,23.346666666666668
1953-12-01,5.4,29.36774193548387,10.52258064516129,213.9,11.419354838709678,26.529032258064515
1954-01-01,119.8,31.835483870967742,15.358064516129033,233.9,14.661290322580646,24.57741935483871
1954-02-01,10.3,27.782142857142855,12.346428571428572,187.2,14.789285714285715,22.62142857142857
1954-03-01,9.1,26.370967741935484,8.399999999999999,148.7,10.98709677419355,20.84193548387097
1954-04-01,52.2,23.44,8.256666666666666,82.0,12.15,12.83
1954-05-01,32.4,17.009677419354837,3.5612903225806454,44.7,10.241935483870968,9.548387096774194
1954-06-01,45.2,13.376666666666667,3.5,30.400000000000002,8.626666666666667,6.786666666666666
1954-07-01,40.9,13.419354838709678,1.5032258064516129,32.300000000000004,8.035483870967742,8.23225806451613
1954-08-01,65.7,15.13225806451613,2.925806451612903,49.1,8.832258064516129,11.019354838709678
1954-09-01,41.5,18.016666666666666,3.993333333333333,75.5,9.563333333333333,16.756666666666668
1954-10-01,54.1,22.26451612903226,7.577419354838709,120.3,11.019354838709678,17.56451612903226
1954-11-01,149.2,24.513333333333332,10.266666666666667,164.3,13.176666666666668,21.956666666666667
1954-12-01,164.5,28.31935483870968,13.22258064516129,213.9,14.254838709677419,25.490322580645163
1955-01-01,39.0,31.229032258064517,15.035483870967743,233.9,13.764516129032257,25.138709677419353
1955-02-01,114.19999999999999,29.349999999999998,15.700000000000001,187.2,16.87857142857143,18.685714285714287
1955-03-01,66.0,26.77741935483871,12.764516129032257,148.7,16.49032258064516,17.57741935483871
1955-04-01,9.6,22.653333333333332,7.706666666666666,82.0,11.813333333333333,13.756666666666666
1955-05-01,39.5,15.774193548387096,4.6,44.7,9.983870967741936,8.419354838709678
1955-06-01,90.7,13.17,3.0733333333333333,30.400000000000002,9.093333333333334,7.11
1955-07-01,105.8,12.0,2.3129032258064517,32.300000000000004,8.441935483870967,7.103225806451612
1955-08-01,102.2,14.44516129032258,4.62258064516129,49.1,9.651612903225805,10.993548387096775
1955-09-01,202.2,17.35,5.156666666666666,75.5,11.4,14.129999999999999
1955-10-01,120.2,19.896774193548385,7.703225806451614,120.3,12.254838709677419,18.648387096774194
1955-11-01,44.5,22.61,7.6066666666666665,164.3,11.753333333333334,22.053333333333335
1955-12-01,35.3,26.52258064516129,10.712903225806452,213.9,13.241935483870968,24.519354838709678
1956-01-01,67.3,28.851612903225806,13.293548387096775,233.9,14.348387096774195,24.54516129032258
1956-02-01,17.3,31.803448275862067,15.720689655172412,193.2,17.182758620689654,22.63448275862069
1956-03-01,137.1,26.65483870967742,14.419354838709678,148.7,17.96451612903226,15.438709677419356
1956-04-01,99.6,20.5,8.34,82.0,13.67,12.326666666666666
1956-05-01,124.1,15.529032258064515,6.083870967741936,44.7,11.635483870967741,7.874193548387097
1956-06-01,107.6,12.43,3.6866666666666665,30.400000000000002,9.09,7.193333333333333
1956-07-01,127.7,12.061290322580644,3.7161290322580647,32.300000000000004,9.219354838709679,7.093548387096774
1956-08-01,44.3,13.009677419354839,2.458064516129032,49.1,8.399999999999999,11.154838709677419
1956-09-01,73.8,16.68,4.13,75.5,10.493333333333334,15.303333333333333
1956-10-01,120.2,18.038709677419355,6.458064516129032,120.3,11.551612903225807,17.616129032258065
1956-11-01,41.0,21.34333333333333,6.696666666666667,164.3,12.503333333333334,22.616666666666667
1956-12-01,22.8,26.738709677419354,8.919354838709678,213.9,11.125806451612902,26.43548387096774
1957-01-01,0.0,31.274193548387096,12.067741935483872,233.9,11.306451612903226,29.490322580645163
1957-02-01,34.199999999999996,30.885714285714283,15.00357142857143,187.2,14.196428571428571,23.57857142857143
1957-03-01,50.4,26.851612903225806,10.85483870967742,148.7,12.98709677419355,19.748387096774195
1957-04-01,21.8,21.81,7.703333333333333,82.0,11.15,14.143333333333334
1957-05-01,10.7,17.306451612903224,3.667741935483871,44.7,8.674193548387096,10.638709677419355
1957-06-01,113.6,17.19,5.966666666666667,30.400000000000002,10.139999999999999,7.373333333333333
1957-07-01,57.3,13.33548387096774,2.47741935483871,32.300000000000004,7.841935483870968,9.051612903225807
1957-08-01,26.2,15.883870967741936,4.032258064516129,49.1,8.516129032258064,12.116129032258065
1957-09-01,21.4,17.73,5.1,75.5,9.09,16.62
1957-10-01,54.099999999999994,21.22258064516129,7.870967741935484,120.3,10.90967741935484,20.774193548387096
1957-11-01,13.3,25.126666666666665,9.483333333333333,164.3,11.116666666666667,24.073333333333334
1957-12-01,65.8,29.212903225806453,13.85483870967742,213.9,13.067741935483872,23.60967741935484
1958-01-01,5.7,30.283870967741933,13.990322580645161,233.9,12.990322580645161,27.261290322580646
1958-02-01,43.0,30.360714285714288,14.725,187.2,14.603571428571428,22.07857142857143
1958-03-01,50.4,26.493548387096773,12.23225806451613,148.7,13.35483870967742,18.509677419354837
1958-04-01,6.8,24.973333333333336,9.06,82.0,11.613333333333333,15.783333333333333
1958-05-01,79.0,17.419354838709676,9.641935483870967,44.7,12.035483870967743,7.758064516129032
1958-06-01,12.3,14.556666666666667,3.316666666666667,30.400000000000002,8.27,8.566666666666666
1958-07-01,122.0,12.287096774193548,3.6451612903225805,32.300000000000004,8.37741935483871,7.329032258064516
1958-08-01,127.2,14.206451612903225,6.274193548387097,49.1,9.47741935483871,10.006451612903225
1958-09-01,73.9,16.75,5.516666666666667,75.5,9.79,16.236666666666668
1958-10-01,80.3,18.77741935483871,8.719354838709679,120.3,11.312903225806451,17.25483870967742
1958-11-01,52.2,25.89333333333333,12.643333333333334,164.3,14.473333333333333,22.316666666666666
1958-12-01,11.3,27.52258064516129,12.290322580645162,213.9,13.14516129032258,26.45483870967742
1959-01-01,28.1,33.983870967741936,17.296774193548384,233.9,15.33548387096774,27.980645161290322
1959-02-01,53.0,30.90357142857143,15.867857142857144,187.2,15.617857142857144,22.99642857142857
1959-03-01,50.4,27.396774193548385,13.525806451612903,148.7,15.63225806451613,17.893548387096775
1959-04-01,61.3,22.4,9.006666666666666,82.0,12.616666666666667,14.493333333333334
1959-05-01,23.0,18.46451612903226,3.329032258064516,44.7,9.02258064516129,12.270967741935483
1959-06-01,34.9,14.776666666666667,4.296666666666667,30.400000000000002,8.886666666666667,7.906666666666666
1959-07-01,21.3,13.380645161290323,3.129032258064516,32.300000000000004,8.14516129032258,7.938709677419355
1959-08-01,50.0,15.716129032258063,4.929032258064517,49.1,8.961290322580645,11.90967741935484
1959-09-01,47.800000000000004,18.290000000000003,5.709999999999999,75.5,9.883333333333333,16.606666666666666
1959-10-01,68.7,20.812903225806455,8.451612903225806,120.3,11.338709677419354,19.33225806451613
1959-11-01,11.4,29.723333333333336,13.293333333333333,164.3,14.363333333333333,23.603333333333335
1959-12-01,28.5,26.793548387096774,11.54516129032258,213.9,12.416129032258064,26.148387096774194
1960-01-01,91.5,32.8,16.712903225806453,233.9,16.206451612903226,25.48709677419355
1960-02-01,14.7,29.193103448275863,13.596551724137932,193.2,14.362068965517242,23.158620689655173
1960-03-01,4.8,27.9741935483871,12.716129032258063,148.7,13.729032258064517,18.593548387096774
1960-04-01,56.6,20.706666666666667,8.743333333333334,82.0,11.793333333333333,11.963333333333333
1960-05-01,130.4,14.05483870967742,5.938709677419355,44.7,9.941935483870967,7.993548387096775
1960-06-01,20.8,13.023333333333333,2.9066666666666667,30.400000000000002,8.203333333333333,8.69
1960-07-01,100.6,12.351612903225806,4.458064516129032,32.300000000000004,8.85483870967742,6.938709677419355
1960-08-01,65.7,13.02258064516129,3.7774193548387096,49.1,8.53225806451613,11.138709677419355
1960-09-01,123.1,16.353333333333335,6.6066666666666665,75.5,10.446666666666665,12.863333333333335
1960-10-01,22.3,20.635483870967743,8.361290322580645,120.3,11.735483870967743,21.748387096774195
1960-11-01,44.6,22.15,8.233333333333333,164.3,11.120000000000001,23.290000000000003
1960-12-01,82.60000000000001,29.570967741935487,13.845161290322581,213.9,14.35483870967742,25.90967741935484
1961-01-01,12.2,32.30967741935484,16.025806451612905,233.9,14.670967741935485,27.183870967741935
1961-02-01,12.399999999999999,30.521428571428572,14.189285714285715,187.2,13.964285714285714,24.20357142857143
1961-03-01,50.5,27.66774193548387,12.458064516129031,148.7,13.625806451612902,18.73548387096774
1961-04-01,56.6,22.433333333333334,10.083333333333334,82.0,13.283333333333333,12.283333333333333
1961-05-01,12.8,17.258064516129032,3.9645161290322584,44.7,9.53225806451613,10.758064516129032
1961-06-01,41.7,14.136666666666665,4.55,30.400000000000002,9.086666666666668,6.9366666666666665
1961-07-01,57.3,12.716129032258063,3.616129032258064,32.300000000000004,8.629032258064516,7.470967741935484
1961-08-01,86.9,14.925806451612903,3.458064516129032,49.1,8.861290322580645,11.464516129032257
1961-09-01,51.0,18.636666666666667,5.0600000000000005,75.5,9.953333333333335,18.16
1961-10-01,29.8,24.674193548387095,8.683870967741935,120.3,12.283870967741937,22.219354838709677
1961-11-01,44.6,26.186666666666667,11.733333333333333,164.3,13.003333333333334,21.62
1961-12-01,28.5,29.583870967741937,13.69032258064516,213.9,13.183870967741935,27.019354838709678
1962-01-01,67.3,30.322580645161292,15.82258064516129,233.9,16.39677419354839,23.706451612903226
1962-02-01,5.3,29.178571428571427,13.307142857142859,187.2,14.553571428571429,24.832142857142856
1962-03-01,66.0,28.387096774193548,12.316129032258065,148.7,13.693548387096774,19.89032258064516
1962-04-01,56.6,23.046666666666667,7.9366666666666665,82.0,10.923333333333334,15.966666666666667
1962-05-01,112.0,15.038709677419355,5.216129032258064,44.7,9.59032258064516,8.180645161290322
1962-06-01,70.5,13.860000000000001,5.489999999999999,30.400000000000002,9.713333333333333,6.739999999999999
1962-07-01,50.4,13.51290322580645,3.5677419354838706,32.300000000000004,8.600000000000001,8.390322580645162
1962-08-01,90.7,13.658064516129032,4.274193548387097,49.1,8.529032258064515,10.235483870967743
1962-09-01,65.7,17.516666666666666,5.776666666666667,75.5,9.6,16.606666666666666
1962-10-01,54.199999999999996,18.664516129032258,6.764516129032257,120.3,10.064516129032258,19.03548387096774
1962-11-01,37.4,25.266666666666666,9.463333333333333,164.3,11.853333333333333,23.836666666666666
1962-12-01,60.9,28.296774193548387,13.832258064516129,213.9,14.338709677419354,23.348387096774193
1963-01-01,72.9,29.403225806451612,15.370967741935484,233.9,15.654838709677419,25.12258064516129
1963-02-01,47.8,29.875,13.62857142857143,187.2,14.167857142857143,23.275000000000002
1963-03-01,37.4,27.770967741935483,13.625806451612902,148.7,14.709677419354838,18.322580645161292
1963-04-01,17.099999999999998,22.763333333333332,6.836666666666667,82.0,10.096666666666666,15.723333333333333
1963-05-01,112.0,17.23225806451613,8.390322580645162,44.7,11.635483870967741,7.97741935483871
1963-06-01,107.5,13.53,4.973333333333333,30.400000000000002,9.42,6.966666666666667
1963-07-01,73.0,11.525806451612903,3.5612903225806454,32.300000000000004,8.312903225806451,7.412903225806452
1963-08-01,83.2,14.241935483870968,4.45483870967742,49.1,8.661290322580646,11.55483870967742
1963-09-01,82.6,17.05,6.526666666666667,75.5,10.07,14.206666666666667
1963-10-01,68.6,23.280645161290323,10.670967741935485,120.3,13.764516129032257,21.761290322580646
1963-11-01,22.5,24.209999999999997,10.256666666666666,164.3,11.843333333333334,25.273333333333333
1963-12-01,35.4,29.72258064516129,13.812903225806451,213.9,14.029032258064515,24.77741935483871
1964-01-01,5.8,29.316129032258065,12.35483870967742,233.9,11.870967741935484,26.01290322580645
1964-02-01,14.7,29.52758620689655,14.044827586206896,193.2,14.006896551724138,23.024137931034485
1964-03-01,15.2,28.361290322580647,10.793548387096775,148.7,11.841935483870968,21.10967741935484
1964-04-01,56.599999999999994,22.66,10.133333333333333,82.0,12.84,11.223333333333333
1964-05-01,39.6,15.961290322580645,4.780645161290322,44.7,9.558064516129033,9.116129032258065
1964-06-01,101.7,13.736666666666668,4.566666666666666,30.400000000000002,9.086666666666668,7.246666666666667
1964-07-01,110.9,11.66451612903226,3.9387096774193546,32.300000000000004,8.451612903225806,7.074193548387097
1964-08-01,30.900000000000002,13.86774193548387,5.303225806451613,49.1,9.219354838709679,9.290322580645162
1964-09-01,117.39999999999999,16.16,6.033333333333333,75.5,10.223333333333333,14.139999999999999
1964-10-01,130.0,18.09032258064516,7.593548387096774,120.3,10.829032258064515,19.567741935483873
1964-11-01,31.099999999999998,25.123333333333335,10.44,164.3,13.1,24.716666666666665
1964-12-01,42.9,24.574193548387097,10.425806451612903,213.9,11.422580645161291,26.387096774193548
1965-01-01,4.5,29.712903225806453,12.048387096774194,233.9,11.025806451612903,29.364516129032257
1965-02-01,0.5,32.44285714285714,13.5,187.2,12.875,25.071428571428573
1965-03-01,3.6999999999999997,28.032258064516128,9.996774193548386,148.7,10.906451612903227,21.26774193548387
1965-04-01,19.4,20.686666666666667,6.33,82.0,9.566666666666666,14.146666666666667
1965-05-01,51.2,17.16774193548387,5.590322580645162,44.7,9.94516129032258,8.383870967741935
1965-06-01,18.599999999999998,14.053333333333333,1.6733333333333333,30.400000000000002,7.713333333333334,8.3
1965-07-01,50.4,12.100000000000001,1.6774193548387097,32.300000000000004,7.625806451612903,7.751612903225807
1965-08-01,94.4,14.72258064516129,4.567741935483871,49.1,9.893548387096773,10.087096774193547
1965-09-01,61.800000000000004,18.61,7.076666666666667,75.5,11.156666666666666,15.566666666666666
1965-10-01,38.199999999999996,23.309677419354838,9.225806451612904,120.3,12.52258064516129,19.948387096774194
1965-11-01,64.9,23.566666666666666,9.32,164.3,11.193333333333333,22.98
1965-12-01,71.3,29.74516129032258,14.238709677419354,213.9,14.412903225806453,26.335483870967742
1966-01-01,22.1,31.916129032258063,15.37741935483871,233.9,13.206451612903225,25.325806451612905
1966-02-01,34.2,29.082142857142856,13.285714285714286,187.2,14.103571428571428,23.667857142857144
1966-03-01,66.0,26.31935483870968,12.016129032258064,148.7,13.46774193548387,18.154838709677417
1966-04-01,15.0,21.336666666666666,6.38,82.0,10.393333333333334,15.573333333333332
1966-05-01,51.2,16.361290322580643,4.17741935483871,44.7,9.558064516129033,9.109677419354838
1966-06-01,41.6,12.729999999999999,2.0366666666666666,30.400000000000002,7.963333333333334,7.2733333333333325
1966-07-01,57.4,11.62258064516129,1.7645161290322582,32.300000000000004,7.538709677419354,7.767741935483872
1966-08-01,79.5,14.003225806451612,3.3,49.1,8.37741935483871,11.087096774193547
1966-09-01,106.7,16.936666666666667,5.61,75.5,10.1,15.72
1966-10-01,101.6,20.34193548387097,7.77741935483871,120.3,11.712903225806452,19.48709677419355
1966-11-01,64.8,24.516666666666666,10.53,164.3,13.126666666666667,23.973333333333336
1966-12-01,123.2,26.225806451612904,13.254838709677419,213.9,15.2,21.654838709677417
1967-01-01,14.4,30.287096774193547,14.135483870967741,233.9,14.125806451612902,25.406451612903226
1967-02-01,6.8,31.832142857142856,14.721428571428572,187.2,13.885714285714286,24.939285714285713
1967-03-01,29.8,27.325806451612905,11.116129032258065,148.7,12.480645161290322,20.470967741935485
1967-04-01,6.800000000000001,24.173333333333336,8.276666666666667,82.0,11.336666666666668,15.323333333333332
1967-05-01,15.100000000000001,18.748387096774195,4.132258064516129,44.7,9.16451612903226,10.483870967741936
1967-06-01,38.2,16.193333333333335,3.7733333333333334,30.400000000000002,9.126666666666667,7.966666666666667
1967-07-01,27.8,13.506451612903225,2.3129032258064517,32.300000000000004,7.983870967741935,7.635483870967742
1967-08-01,76.0,13.974193548387097,3.1129032258064515,49.1,8.283870967741937,10.329032258064515
1967-09-01,25.7,17.503333333333334,4.526666666666667,75.5,9.15,16.813333333333333
1967-10-01,50.8,22.593548387096774,8.325806451612904,120.3,11.341935483870968,20.561290322580643
1967-11-01,1.5,26.423333333333336,9.123333333333333,164.3,9.78,25.88
1967-12-01,8.1,27.506451612903227,10.887096774193548,213.9,10.26774193548387,27.56451612903226
1968-01-01,28.1,33.02903225806452,15.832258064516129,233.9,14.980645161290322,24.858064516129033
1968-02-01,0.5,33.3551724137931,16.47241379310345,193.2,12.989655172413793,25.13103448275862
1968-03-01,17.7,29.44516129032258,13.861290322580645,148.7,13.638709677419355,18.187096774193545
1968-04-01,71.0,23.163333333333334,10.653333333333334,82.0,12.726666666666667,11.703333333333335
1968-05-01,150.2,14.183870967741935,6.9,44.7,10.651612903225805,6.270967741935484
1968-06-01,61.3,12.44,4.086666666666667,30.400000000000002,8.610000000000001,7.0633333333333335
1968-07-01,73.0,11.729032258064517,2.164516129032258,32.300000000000004,7.967741935483871,8.029032258064516
1968-08-01,65.8,13.69032258064516,4.441935483870967,49.1,8.806451612903226,10.312903225806451
1968-09-01,19.4,16.206666666666667,4.326666666666667,75.5,9.276666666666667,16.143333333333334
1968-10-01,54.1,19.274193548387096,7.141935483870968,120.3,10.958064516129031,19.04516129032258
1968-11-01,40.9,23.14,9.323333333333332,164.3,11.146666666666667,21.959999999999997
1968-12-01,35.4,28.24516129032258,11.870967741935484,213.9,12.14516129032258,26.703225806451613
1969-01-01,12.2,32.806451612903224,15.348387096774195,233.9,13.80967741935484,26.27741935483871
1969-02-01,106.0,30.349999999999998,16.835714285714285,187.2,17.339285714285715,19.164285714285715
1969-03-01,77.9,25.654838709677417,13.093548387096773,148.7,15.506451612903225,17.070967741935487
1969-04-01,52.2,21.16,8.466666666666667,82.0,12.360000000000001,14.196666666666665
1969-05-01,73.9,16.225806451612904,5.229032258064516,44.7,10.05483870967742,8.63225806451613
1969-06-01,23.4,13.91,1.1966666666666665,30.400000000000002,8.07,8.253333333333334
1969-07-01,116.5,13.55483870967742,3.7516129032258063,32.300000000000004,9.138709677419355,6.861290322580645
1969-08-01,26.2,15.94516129032258,4.129032258064516,49.1,9.412903225806453,11.696774193548388
1969-09-01,69.6,14.936666666666667,4.486666666666666,75.5,9.49,14.446666666666665
1969-10-01,50.8,23.19677419354839,8.383870967741935,120.3,12.729032258064517,21.238709677419354
1969-11-01,31.0,25.016666666666666,10.383333333333333,164.3,12.673333333333334,23.62
1969-12-01,42.8,26.83225806451613,11.0,213.8,11.53225806451613,26.38064516129032
1970-01-01,98.1,28.825806451612905,13.587096774193547,231.2,14.480645161290322,24.193548387096776
1970-02-01,6.8,32.39642857142857,15.067857142857141,226.2,15.110714285714286,24.07857142857143
1970-03-01,71.8,26.219354838709677,10.793548387096775,168.7,12.890322580645162,18.364516129032257
1970-04-01,106.0,21.606666666666666,9.216666666666667,107.1,12.813333333333333,12.21
1970-05-01,29.1,15.790322580645162,4.67741935483871,54.8,10.064516129032258,9.40967741935484
1970-06-01,49.0,13.266666666666667,4.1033333333333335,36.8,9.370000000000001,6.136666666666667
1970-07-01,44.1,11.996774193548386,2.629032258064516,57.4,8.306451612903226,6.874193548387097
1970-08-01,102.2,13.251612903225807,3.725806451612903,68.3,8.929032258064517,9.587096774193547
1970-09-01,87.0,14.806666666666667,4.783333333333333,86.1,9.139999999999999,13.21
1970-10-01,13.9,19.961290322580645,7.193548387096774,141.3,11.074193548387097,19.09032258064516
1970-11-01,52.199999999999996,24.333333333333332,10.1,181.1,12.69,23.78666666666667
1970-12-01,35.3,28.580645161290324,12.787096774193548,238.8,13.506451612903225,24.990322580645163
1971-01-01,12.2,31.041935483870965,15.058064516129033,251.5,14.754838709677419,25.05483870967742
1971-02-01,38.6,30.40357142857143,15.6,180.3,16.646428571428572,21.392857142857142
1971-03-01,23.4,28.806451612903224,14.506451612903225,163.5,16.04516129032258,17.567741935483873
1971-04-01,61.2,23.34333333333333,9.876666666666667,106.7,12.253333333333334,12.866666666666667
1971-05-01,69.2,16.496774193548386,6.122580645161291,53.9,10.538709677419355,8.525806451612903
1971-06-01,34.9,13.056666666666667,3.0,36.1,8.94,6.713333333333334
1971-07-01,47.099999999999994,12.490322580645161,1.5548387096774194,37.9,8.116129032258064,7.541935483870968
1971-08-01,62.4,13.464516129032257,2.7774193548387096,59.800000000000004,8.609677419354838,9.561290322580644
1971-09-01,44.6,16.779999999999998,4.573333333333333,91.2,9.893333333333334,13.556666666666667
1971-10-01,38.2,19.05483870967742,6.335483870967742,155.8,10.793548387096775,19.112903225806452
1971-11-01,105.4,22.853333333333335,8.946666666666665,153.5,12.386666666666667,21.313333333333333
1971-12-01,25.5,28.283870967741933,12.938709677419356,223.4,13.916129032258064,26.09032258064516
1972-01-01,56.9,29.89032258064516,15.100000000000001,202.7,15.509677419354839,22.92258064516129
1972-02-01,76.9,28.989655172413794,14.917241379310346,196.2,15.475862068965517,22.16551724137931
1972-03-01,6.000000000000001,26.309677419354838,10.003225806451614,164.5,12.45483870967742,20.43548387096774
1972-04-01,24.5,21.916666666666668,7.923333333333333,93.3,11.626666666666667,13.9
1972-05-01,29.099999999999998,19.22258064516129,4.451612903225806,59.9,9.706451612903225,10.98709677419355
1972-06-01,18.5,14.936666666666667,1.2866666666666666,43.9,7.66,9.056666666666667
1972-07-01,40.9,12.48709677419355,3.032258064516129,52.2,8.351612903225806,7.661290322580645
1972-08-01,72.5,14.870967741935484,5.232258064516128,66.7,9.370967741935484,10.077419354838709
1972-09-01,12.5,19.470000000000002,4.343333333333334,118.9,9.716666666666667,17.916666666666668
1972-10-01,15.7,23.43548387096774,8.07741935483871,151.3,11.083870967741936,22.29032258064516
1972-11-01,31.0,25.990000000000002,10.006666666666666,181.5,11.79,24.77
1972-12-01,3.4,31.174193548387095,13.838709677419354,287.8,11.535483870967743,28.206451612903226
1973-01-01,56.900000000000006,32.98064516129032,17.048387096774192,263.7,15.067741935483872,24.322580645161292
1973-02-01,182.29999999999998,28.782142857142855,17.035714285714285,169.7,18.20357142857143,21.071428571428573
1973-03-01,90.80000000000001,24.451612903225808,10.893548387096773,139.4,14.125806451612902,18.241935483870968
1973-04-01,106.0,21.27,9.28,93.2,13.643333333333334,13.24
1973-05-01,78.9,15.241935483870968,6.512903225806451,54.7,10.887096774193548,7.893548387096774
1973-06-01,90.6,13.213333333333333,4.046666666666667,35.0,9.576666666666666,6.466666666666667
1973-07-01,53.8,14.035483870967743,2.864516129032258,40.3,8.63225806451613,8.990322580645161
1973-08-01,135.8,13.929032258064517,4.84516129032258,47.4,9.938709677419356,9.896774193548387
1973-09-01,61.8,17.543333333333333,7.069999999999999,77.8,11.593333333333334,14.01
1973-10-01,166.7,20.92258064516129,9.67741935483871,110.39999999999999,13.906451612903227,16.98709677419355
1973-11-01,34.1,24.066666666666666,10.520000000000001,153.3,13.28,22.16
1973-12-01,71.3,29.02258064516129,13.806451612903226,211.7,14.580645161290322,25.1
1974-01-01,153.0,30.467741935483872,16.84193548387097,211.8,18.016129032258064,25.08709677419355
1974-02-01,38.5,29.396428571428572,14.964285714285714,178.7,15.921428571428573,24.13214285714286
1974-03-01,55.5,28.996774193548386,14.76774193548387,150.0,16.56451612903226,18.741935483870968
1974-04-01,184.0,19.94333333333333,11.536666666666667,60.6,14.59,8.556666666666667
1974-05-01,150.2,18.24516129032258,7.848387096774194,46.3,11.906451612903227,9.306451612903226
1974-06-01,45.2,14.606666666666666,3.566666666666667,36.2,9.06,8.113333333333333
1974-07-01,110.9,12.63225806451613,3.893548387096774,38.0,9.241935483870968,7.348387096774194
1974-08-01,83.2,13.719354838709679,4.996774193548387,48.5,9.85483870967742,9.670967741935485
1974-09-01,96.7,15.639999999999999,6.09,71.7,9.78,13.756666666666666
1974-10-01,97.3,19.274193548387096,8.364516129032259,101.3,11.780645161290321,18.11935483870968
1974-11-01,64.8,22.5,9.503333333333334,156.1,11.706666666666667,24.42
1974-12-01,13.3,27.348387096774193,11.248387096774193,218.8,11.735483870967743,27.903225806451612
1975-01-01,22.0,28.951612903225808,12.077419354838709,232.7,12.493548387096775,27.23225806451613
1975-02-01,30.299999999999997,31.675,15.167857142857143,199.2,15.075000000000001,24.389285714285712
1975-03-01,50.4,24.993548387096773,11.974193548387097,134.8,13.470967741935485,17.86774193548387
1975-04-01,13.0,22.596666666666668,8.0,88.5,11.276666666666667,13.923333333333334
1975-05-01,64.4,17.093548387096774,6.890322580645161,49.5,10.706451612903225,7.67741935483871
1975-06-01,7.6,15.006666666666666,2.6233333333333335,41.9,8.223333333333333,8.043333333333333
1975-07-01,81.5,14.541935483870969,5.538709677419354,51.300000000000004,9.461290322580645,7.72258064516129
1975-08-01,94.39999999999999,13.73225806451613,4.409677419354838,50.3,9.09032258064516,10.238709677419354
1975-09-01,134.7,18.14,7.52,77.9,11.2,14.95
1975-10-01,172.3,19.25483870967742,9.14516129032258,89.2,12.245161290322581,16.751612903225805
1975-11-01,17.6,25.323333333333334,11.643333333333334,154.6,13.426666666666668,25.076666666666664
1975-12-01,138.8,29.44516129032258,15.245161290322581,213.0,16.070967741935483,25.18064516129032
1976-01-01,47.5,29.287096774193547,14.45483870967742,199.1,14.916129032258064,25.190322580645162
1976-02-01,17.4,31.517241379310345,17.03448275862069,182.0,17.40344827586207,22.351724137931036
1976-03-01,13.0,28.361290322580647,12.093548387096773,167.4,13.603225806451613,20.18064516129032
1976-04-01,3.5999999999999996,22.653333333333332,7.8133333333333335,104.9,10.536666666666667,14.886666666666667
1976-05-01,12.899999999999999,17.903225806451612,2.8,57.6,8.858064516129033,10.261290322580646
1976-06-01,20.9,15.033333333333333,2.05,40.1,8.216666666666667,7.680000000000001
1976-07-01,25.5,13.7,0.5838709677419355,37.9,7.329032258064516,8.338709677419354
1976-08-01,33.4,15.13225806451613,2.4000000000000004,69.7,7.716129032258064,12.574193548387097
1976-09-01,82.5,17.55666666666667,5.326666666666667,86.6,9.163333333333332,16.46
1976-10-01,61.300000000000004,19.241935483870968,7.674193548387097,106.7,10.861290322580645,18.096774193548388
1976-11-01,56.2,23.993333333333332,9.483333333333333,160.0,11.936666666666667,24.486666666666668
1976-12-01,35.4,27.58709677419355,11.429032258064517,216.9,11.980645161290322,26.25483870967742
1977-01-01,24.9,31.148387096774194,14.580645161290322,258.3,12.829032258064515,27.270967741935483
1977-02-01,76.80000000000001,31.989285714285717,16.425,211.9,15.089285714285714,22.87142857142857
1977-03-01,37.300000000000004,26.148387096774194,11.86774193548387,151.3,13.919354838709678,18.625806451612902
1977-04-01,8.2,20.9,5.443333333333333,82.6,10.35,15.153333333333334
1977-05-01,64.4,16.758064516129032,6.129032258064516,53.4,10.383870967741935,8.429032258064517
1977-06-01,80.1,13.53,3.4633333333333334,32.7,8.783333333333333,7.4399999999999995
1977-07-01,35.300000000000004,12.735483870967743,0.9419354838709677,36.8,7.129032258064516,9.36774193548387
1977-08-01,13.9,16.37741935483871,3.806451612903226,68.0,8.758064516129032,12.141935483870967
1977-09-01,23.400000000000002,17.42,3.54,87.8,8.713333333333333,17.173333333333336
1977-10-01,13.8,23.751612903225805,7.83225806451613,148.2,10.748387096774193,21.51290322580645
1977-11-01,28.0,26.19333333333333,10.266666666666667,199.4,11.256666666666666,24.736666666666668
1977-12-01,5.4,29.41290322580645,12.7,267.4,10.803225806451612,27.006451612903227
1978-01-01,62.0,29.98709677419355,14.96774193548387,233.1,14.13225806451613,22.62258064516129
1978-02-01,3.0,30.99285714285714,14.625,227.3,13.1,24.59642857142857
1978-03-01,60.7,28.574193548387097,14.770967741935483,171.1,14.041935483870969,17.074193548387097
1978-04-01,48.0,21.90666666666667,8.196666666666667,88.9,11.806666666666667,14.593333333333334
1978-05-01,89.39999999999999,18.629032258064516,7.261290322580645,58.7,11.158064516129032,9.09032258064516
1978-06-01,65.8,13.273333333333333,5.066666666666666,31.400000000000002,9.246666666666666,6.093333333333333
1978-07-01,86.0,11.187096774193549,3.519354838709677,32.5,8.509677419354839,6.874193548387097
1978-08-01,62.4,13.361290322580645,3.164516129032258,42.4,8.661290322580646,11.019354838709678
1978-09-01,87.0,17.03,6.223333333333333,69.4,10.370000000000001,15.203333333333335
1978-10-01,61.2,21.200000000000003,7.254838709677419,123.6,11.306451612903226,21.229032258064517
1978-11-01,111.2,24.59,11.020000000000001,157.70000000000002,12.729999999999999,23.263333333333332
1978-12-01,71.2,26.94193548387097,11.561290322580644,212.9,12.796774193548387,26.458064516129035
1979-01-01,22.1,34.73870967741936,16.741935483870968,285.8,15.125806451612902,28.19677419354839
1979-02-01,0.0,32.042857142857144,15.096428571428572,221.6,13.710714285714285,24.060714285714287
1979-03-01,26.4,28.638709677419353,12.683870967741935,184.8,13.548387096774194,20.322580645161292
1979-04-01,48.1,20.626666666666665,7.543333333333334,84.7,11.213333333333333,13.24
1979-05-01,64.4,16.958064516129035,4.15483870967742,54.5,9.541935483870969,9.825806451612904
1979-06-01,45.199999999999996,15.22,4.983333333333333,33.6,9.879999999999999,6.863333333333333
1979-07-01,23.3,12.899999999999999,1.7838709677419353,33.7,7.929032258064517,7.94516129032258
1979-08-01,90.60000000000001,14.05483870967742,3.2580645161290325,46.7,8.687096774193549,10.764516129032257
1979-09-01,128.70000000000002,16.266666666666666,5.876666666666667,68.3,10.106666666666666,13.696666666666665
1979-10-01,101.6,20.316129032258065,8.370967741935484,107.1,11.95483870967742,19.425806451612903
1979-11-01,74.1,25.623333333333335,11.026666666666667,170.1,13.04,24.006666666666668
1979-12-01,1.4,29.574193548387097,12.158064516129032,270.5,11.619354838709677,27.374193548387098
1980-01-01,19.2,29.016129032258064,13.180645161290323,261.5,11.932258064516128,26.141935483870967
1980-02-01,0.9,31.33448275862069,13.162068965517241,246.9,12.168965517241379,25.0
1980-03-01,20.400000000000002,28.238709677419354,10.325806451612904,186.6,11.396774193548387,20.700000000000003
1980-04-01,56.6,23.186666666666667,8.236666666666666,107.0,10.99,14.413333333333332
1980-05-01,39.6,18.141935483870967,6.919354838709677,47.1,11.12258064516129,8.729032258064517
1980-06-01,57.20000000000001,13.483333333333333,2.433333333333333,31.2,8.25,7.413333333333333
1980-07-01,68.8,13.216129032258063,2.893548387096774,32.9,8.535483870967743,8.125806451612904
1980-08-01,59.2,15.009677419354839,3.7451612903225806,54.5,9.019354838709678,11.083870967741936
1980-09-01,44.6,17.826666666666664,5.756666666666666,84.9,10.233333333333333,15.8
1980-10-01,47.5,22.009677419354837,7.648387096774194,126.1,11.422580645161291,21.64516129032258
1980-11-01,15.399999999999999,27.556666666666665,10.770000000000001,195.2,11.553333333333335,24.67
1980-12-01,71.2,30.503225806451614,14.138709677419355,254.6,13.59032258064516,26.65806451612903
1981-01-01,67.3,35.406451612903226,17.75483870967742,284.7,16.29032258064516,27.032258064516128
1981-02-01,43.0,32.25714285714286,16.814285714285713,202.3,16.99642857142857,23.460714285714285
1981-03-01,29.8,25.74516129032258,10.796774193548387,149.0,12.44516129032258,18.970967741935485
1981-04-01,5.6,23.796666666666667,8.336666666666666,105.6,12.05,15.233333333333333
1981-05-01,55.6,17.654838709677417,6.158064516129032,48.3,10.619354838709677,8.564516129032258
1981-06-01,168.0,13.04,4.983333333333333,33.3,9.476666666666667,6.61
1981-07-01,146.0,12.009677419354839,4.554838709677419,35.3,8.870967741935484,6.990322580645161
1981-08-01,140.3,13.348387096774195,4.925806451612903,50.3,9.02258064516129,9.899999999999999
1981-09-01,44.6,18.65666666666667,7.096666666666667,85.1,10.916666666666666,15.516666666666667
1981-10-01,80.3,22.15806451612903,8.496774193548386,143.9,11.490322580645161,21.674193548387095
1981-11-01,25.2,24.683333333333334,10.836666666666666,176.4,12.49,23.8
1981-12-01,28.5,28.309677419354838,12.683870967741935,243.0,12.048387096774194,25.90967741935484
1982-01-01,35.099999999999994,32.31612903225806,16.67096774193548,275.3,14.712903225806452,26.654838709677417
1982-02-01,1.5,31.767857142857142,15.799999999999999,234.2,13.785714285714286,25.164285714285715
1982-03-01,50.4,27.929032258064513,13.519354838709678,160.4,14.329032258064515,18.66774193548387
1982-04-01,17.099999999999998,22.59333333333333,8.183333333333334,93.89999999999999,11.766666666666667,15.056666666666667
1982-05-01,39.5,16.60967741935484,5.216129032258064,50.5,9.919354838709678,8.803225806451612
1982-06-01,31.8,13.053333333333335,1.09,30.4,7.536666666666666,8.533333333333333
1982-07-01,11.3,12.751612903225807,-0.6548387096774193,31.7,6.638709677419355,9.451612903225806
1982-08-01,12.1,18.070967741935487,2.574193548387097,61.4,8.73225806451613,13.17741935483871
1982-09-01,30.4,17.84,4.386666666666667,92.0,8.443333333333333,16.5
1982-10-01,7.0,22.258064516129032,6.27741935483871,166.4,8.380645161290323,22.141935483870967
1982-11-01,5.2,29.413333333333334,10.723333333333333,245.2,9.46,27.053333333333335
1982-12-01,9.6,30.261290322580646,14.148387096774194,277.8,11.748387096774193,25.951612903225808
1983-01-01,8.6,30.296774193548387,13.077419354838709,299.8,10.561290322580644,27.90967741935484
1983-02-01,26.7,34.42142857142857,17.607142857142858,259.0,13.732142857142858,23.75357142857143
1983-03-01,71.9,28.693548387096776,15.461290322580645,184.2,14.387096774193548,17.164516129032258
1983-04-01,56.6,19.583333333333332,7.953333333333333,79.4,11.2,13.043333333333333
1983-05-01,94.9,16.73548387096774,8.170967741935483,40.4,11.62258064516129,7.922580645161291
1983-06-01,53.0,12.313333333333333,3.796666666666667,24.1,9.203333333333335,6.153333333333333
1983-07-01,105.8,11.751612903225807,3.351612903225807,29.1,8.583870967741936,7.309677419354839
1983-08-01,76.0,14.390322580645162,4.948387096774193,43.0,9.612903225806452,10.080645161290322
1983-09-01,117.5,16.763333333333332,6.3,68.0,10.503333333333332,13.816666666666666
1983-10-01,27.2,20.69677419354839,8.567741935483872,102.6,12.3,18.496774193548386
1983-11-01,52.2,23.726666666666667,10.3,144.1,12.733333333333333,20.89
1983-12-01,28.5,29.574193548387097,13.412903225806453,241.3,13.16451612903226,26.15806451612903
1984-01-01,144.2,27.596774193548388,13.738709677419354,217.2,14.441935483870967,23.838709677419356
1984-02-01,17.299999999999997,29.810344827586206,13.779310344827588,197.8,14.455172413793104,24.351724137931036
1984-03-01,29.799999999999997,25.003225806451614,9.8,153.2,11.551612903225807,19.793548387096774
1984-04-01,21.8,21.790000000000003,7.633333333333334,81.2,11.72,13.593333333333334
1984-05-01,12.8,18.103225806451615,3.4000000000000004,50.6,9.100000000000001,10.406451612903227
1984-06-01,12.4,15.723333333333333,2.13,35.0,8.18,8.533333333333333
1984-07-01,90.7,12.238709677419354,2.541935483870968,30.8,8.27741935483871,6.774193548387097
1984-08-01,131.4,14.16451612903226,5.748387096774193,53.0,9.693548387096774,10.216129032258063
1984-09-01,47.699999999999996,15.733333333333333,5.833333333333333,70.8,9.583333333333334,14.263333333333332
1984-10-01,61.2,20.848387096774193,7.616129032258065,126.6,10.996774193548386,21.438709677419357
1984-11-01,9.7,26.076666666666664,11.013333333333332,190.8,12.126666666666667,24.73
1984-12-01,15.3,27.13225806451613,10.958064516129031,249.2,10.37741935483871,27.016129032258064
1985-01-01,19.2,30.703225806451613,13.070967741935483,287.6,11.270967741935483,27.46451612903226
1985-02-01,1.5,30.72142857142857,13.714285714285714,226.6,12.4,24.110714285714288
1985-03-01,66.0,28.31935483870968,14.329032258064515,167.5,14.419354838709678,18.95483870967742
1985-04-01,36.8,22.376666666666665,9.28,83.7,12.893333333333334,13.926666666666668
1985-05-01,69.1,17.73548387096774,4.767741935483872,52.6,10.161290322580646,9.574193548387097
1985-06-01,38.2,12.296666666666665,2.5633333333333335,25.2,8.666666666666666,6.746666666666667
1985-07-01,35.3,13.093548387096773,0.6225806451612902,32.6,7.203225806451614,9.041935483870969
1985-08-01,131.4,13.874193548387098,4.493548387096775,44.5,9.109677419354838,9.638709677419355
1985-09-01,33.1,17.71333333333333,4.546666666666667,79.2,9.176666666666668,17.466666666666665
1985-10-01,68.6,21.55806451612903,8.393548387096773,121.9,11.258064516129032,20.519354838709678
1985-11-01,78.9,24.973333333333336,11.313333333333333,157.0,12.92,23.683333333333334
1985-12-01,95.0,25.419354838709676,13.038709677419355,180.8,13.609677419354838,23.193548387096776
1986-01-01,3.4,28.58709677419355,12.306451612903226,227.0,11.638709677419355,27.44193548387097
1986-02-01,14.700000000000001,29.071428571428573,13.189285714285715,195.9,11.892857142857142,25.082142857142856
1986-03-01,0.8999999999999999,30.883870967741935,13.183870967741935,183.1,12.412903225806453,20.812903225806455
1986-04-01,44.1,22.273333333333333,8.626666666666667,98.10000000000001,10.610000000000001,13.79
1986-05-01,59.9,17.135483870967743,6.016129032258065,41.0,10.661290322580646,9.009677419354839
1986-06-01,23.4,12.716666666666667,2.1133333333333333,26.4,8.036666666666667,7.3566666666666665
1986-07-01,172.6,11.890322580645162,3.103225806451613,36.0,8.638709677419355,7.16774193548387
1986-08-01,76.0,15.051612903225807,4.009677419354839,52.4,8.803225806451612,11.606451612903227
1986-09-01,65.7,16.923333333333332,6.256666666666666,65.3,10.139999999999999,13.926666666666668
1986-10-01,110.9,17.932258064516127,7.232258064516128,92.5,10.538709677419355,18.006451612903227
1986-11-01,40.900000000000006,24.19333333333333,9.870000000000001,150.4,11.623333333333333,25.176666666666666
1986-12-01,47.1,25.64516129032258,11.170967741935485,181.4,11.429032258064517,24.34193548387097
1987-01-01,25.0,28.519354838709678,11.916129032258066,236.1,12.135483870967741,26.719354838709677
1987-02-01,38.6,30.5,13.903571428571428,200.9,13.407142857142857,24.607142857142858
1987-03-01,23.4,25.141935483870967,9.641935483870967,144.3,11.399999999999999,20.125806451612902
1987-04-01,48.0,23.65,8.283333333333333,91.0,11.51,14.773333333333333
1987-05-01,27.6,16.629032258064516,5.635483870967741,41.8,10.529032258064515,8.832258064516129
1987-06-01,89.5,14.523333333333333,3.9133333333333336,28.0,9.729999999999999,7.053333333333333
1987-07-01,79.4,11.948387096774193,0.8709677419354839,27.2,7.816129032258065,7.825806451612903
1987-08-01,41.7,14.790322580645162,3.883870967741936,43.1,9.670967741935485,10.73225806451613
1987-09-01,30.8,17.970000000000002,4.6899999999999995,79.7,10.286666666666667,16.766666666666666
1987-10-01,50.400000000000006,20.693548387096776,6.196774193548387,122.2,10.5,21.551612903225806
1987-11-01,47.2,25.81,10.18,176.0,12.696666666666665,24.96333333333333
1987-12-01,23.4,28.700000000000003,11.693548387096774,237.1,12.470967741935485,26.82903225806452
1988-01-01,26.0,33.641935483870974,15.316129032258065,267.4,13.906451612903227,27.083870967741937
1988-02-01,21.0,30.479310344827585,11.341379310344827,217.2,11.417241379310344,25.70689655172414
1988-03-01,34.4,27.76451612903226,11.364516129032259,157.7,12.716129032258063,19.73548387096774
1988-04-01,40.8,24.273333333333333,9.45,93.5,12.43,14.979999999999999
1988-05-01,183.6,18.112903225806452,8.119354838709677,42.199999999999996,12.235483870967743,8.470967741935485
1988-06-01,88.4,13.676666666666668,4.2,27.2,9.243333333333334,7.319999999999999
1988-07-01,75.4,13.341935483870968,4.419354838709677,30.3,9.687096774193549,7.554838709677419
1988-08-01,28.2,14.606451612903227,4.435483870967742,48.0,9.329032258064515,11.796774193548387
1988-09-01,64.6,17.753333333333334,6.13,77.0,10.623333333333333,16.303333333333335
1988-10-01,36.800000000000004,20.516129032258064,7.283870967741936,127.5,10.693548387096774,21.01290322580645
1988-11-01,95.8,23.376666666666665,9.626666666666667,152.1,12.306666666666667,23.55
1988-12-01,88.0,28.393548387096775,14.2,180.9,16.27741935483871,24.15806451612903
1989-01-01,3.0,29.325806451612905,12.919354838709678,217.4,13.274193548387096,27.60967741935484
1989-02-01,10.000000000000002,30.75714285714286,13.614285714285714,190.1,13.903571428571428,25.389285714285712
1989-03-01,131.29999999999998,27.416129032258063,13.845161290322581,138.5,15.374193548387098,17.870967741935484
1989-04-01,135.0,22.03666666666667,11.466666666666667,61.1,14.473333333333333,13.096666666666668
1989-05-01,115.30000000000001,18.177419354838708,8.77741935483871,37.3,12.361290322580645,8.32258064516129
1989-06-01,91.0,12.706666666666667,3.57,25.3,9.12,6.873333333333334
1989-07-01,50.4,12.061290322580644,2.106451612903226,29.1,8.593548387096773,7.548387096774194
1989-08-01,107.6,12.47741935483871,3.4645161290322584,37.3,8.851612903225806,9.538709677419355
1989-09-01,40.7,16.893333333333334,4.756666666666666,70.7,10.09,16.766666666666666
1989-10-01,71.6,19.58709677419355,6.970967741935484,109.3,10.787096774193548,20.358064516129033
1989-11-01,36.8,26.040000000000003,10.833333333333334,155.8,13.85,25.013333333333332
1989-12-01,13.9,29.26774193548387,11.44516129032258,221.3,12.519354838709678,27.141935483870967
1990-01-01,10.3,31.580645161290324,14.287096774193548,239.2,13.483870967741936,25.73548387096774
1990-02-01,78.5,28.75357142857143,13.960714285714285,157.2,14.950000000000001,21.178571428571427
1990-03-01,8.0,29.103225806451615,11.612903225806452,173.8,13.325806451612904,21.09032258064516
1990-04-01,101.0,22.220000000000002,10.593333333333334,80.5,13.41,12.203333333333335
1990-05-01,99.4,17.229032258064517,4.751612903225807,45.3,10.380645161290323,9.922580645161291
1990-06-01,61.300000000000004,12.72,3.3466666666666667,26.2,8.78,6.223333333333333
1990-07-01,112.2,12.170967741935485,4.961290322580646,28.4,9.76774193548387,5.870967741935484
1990-08-01,92.4,13.061290322580644,4.758064516129032,43.5,9.04516129032258,9.861290322580645
1990-09-01,33.2,17.233333333333334,5.806666666666667,75.6,9.953333333333335,16.763333333333332
1990-10-01,51.4,21.4741935483871,8.148387096774194,123.2,11.406451612903227,20.654838709677417
1990-11-01,11.600000000000001,26.303333333333335,9.67,181.0,11.686666666666667,25.85666666666667
1990-12-01,14.8,30.47741935483871,12.464516129032258,242.9,12.525806451612903,25.793548387096774
1991-01-01,140.0,31.780645161290323,16.348387096774193,249.7,15.80967741935484,27.374193548387098
1991-02-01,0.7999999999999999,32.871428571428574,13.614285714285714,222.0,13.614285714285714,27.05
1991-03-01,19.7,27.629032258064516,10.7,169.5,11.996774193548386,19.72258064516129
1991-04-01,11.8,22.52,6.026666666666667,92.0,10.71,14.376666666666667
1991-05-01,6.0,18.98709677419355,2.3548387096774195,50.1,9.01290322580645,10.596774193548388
1991-06-01,145.2,15.366666666666667,7.503333333333333,30.900000000000002,11.276666666666667,5.076666666666667
1991-07-01,66.6,12.790322580645162,3.667741935483871,29.9,8.858064516129033,7.141935483870968
1991-08-01,86.4,13.02258064516129,4.209677419354839,45.8,8.864516129032259,8.558064516129033
1991-09-01,58.0,16.086666666666666,5.83,70.1,9.906666666666666,14.483333333333333
1991-10-01,0.8,23.01290322580645,8.058064516129033,144.6,11.45483870967742,23.72258064516129
1991-11-01,12.8,25.37,7.983333333333333,193.7,10.056666666666667,26.05666666666667
1991-12-01,64.8,27.90967741935484,12.345161290322581,204.5,12.209677419354838,24.33225806451613
1992-01-01,27.0,28.48709677419355,13.006451612903225,243.2,11.819354838709677,29.154838709677417
1992-02-01,22.8,29.441379310344825,13.741379310344827,187.9,13.858620689655172,24.32758620689655
1992-03-01,25.8,28.490322580645163,12.80967741935484,150.1,14.425806451612903,18.76774193548387
1992-04-01,56.4,22.873333333333335,8.34,92.3,11.53,13.516666666666667
1992-05-01,119.5,16.719354838709677,5.761290322580645,42.6,10.82258064516129,8.95483870967742
1992-06-01,43.8,13.396666666666667,3.75,27.1,9.186666666666667,7.04
1992-07-01,69.3,12.151612903225805,2.003225806451613,32.7,8.264516129032257,7.309677419354839
1992-08-01,112.0,12.764516129032257,3.129032258064516,44.5,8.458064516129031,9.12258064516129
1992-09-01,145.6,14.493333333333334,5.83,61.9,9.713333333333333,13.253333333333334
1992-10-01,132.0,20.241935483870968,9.32258064516129,105.1,12.041935483870969,20.067741935483873
1992-11-01,100.8,21.35666666666667,9.666666666666666,128.3,12.353333333333333,23.446666666666665
1992-12-01,105.8,26.629032258064516,14.441935483870967,135.1,15.60967741935484,22.574193548387097
1993-01-01,91.2,29.93548387096774,15.558064516129033,189.9,17.541935483870965,25.4
1993-02-01,60.2,28.392857142857142,14.450000000000001,161.5,16.425,22.707142857142856
1993-03-01,49.8,25.016129032258064,11.083870967741936,112.2,15.04516129032258,17.261290322580646
1993-04-01,3.6,23.846666666666668,7.046666666666667,82.3,12.33,15.056666666666667
1993-05-01,50.0,17.261290322580646,3.6870967741935483,41.8,10.403225806451612,8.970967741935485
1993-06-01,29.8,12.926666666666668,2.5833333333333335,30.400000000000002,8.233333333333333,7.213333333333334
1993-07-01,127.39999999999999,13.519354838709678,3.4612903225806453,32.8,9.380645161290323,6.854838709677419
1993-08-01,30.6,15.329032258064515,3.5999999999999996,48.0,9.541935483870969,10.280645161290321
1993-09-01,115.4,17.446666666666665,6.423333333333333,71.1,10.92,14.196666666666665
1993-10-01,166.2,19.070967741935487,7.348387096774193,104.6,11.674193548387096,19.322580645161292
1993-11-01,37.6,23.990000000000002,9.613333333333333,155.5,12.629999999999999,25.82
1993-12-01,95.0,26.53548387096774,11.980645161290322,178.3,13.683870967741935,24.174193548387095
1994-01-01,29.8,29.287096774193547,12.561290322580644,216.6,13.219354838709679,27.048387096774192
1994-02-01,136.4,30.035714285714285,15.953571428571427,159.7,17.210714285714285,22.339285714285715
1994-03-01,41.4,24.641935483870967,9.54516129032258,119.6,13.45483870967742,19.97741935483871
1994-04-01,14.0,22.60666666666667,6.7266666666666675,93.1,11.576666666666666,14.860000000000001
1994-05-01,26.5,17.506451612903227,4.338709677419355,54.7,9.829032258064515,8.303225806451612
1994-06-01,90.0,14.143333333333334,3.496666666666667,28.3,9.466666666666667,6.1899999999999995
1994-07-01,26.0,13.435483870967742,0.7129032258064517,32.7,7.748387096774193,8.538709677419355
1994-08-01,14.0,14.438709677419356,0.34516129032258064,56.5,7.825806451612903,14.019354838709678
1994-09-01,24.799999999999997,16.43,2.743333333333333,77.6,8.716666666666667,14.04
1994-10-01,32.0,21.870967741935484,5.583870967741936,136.7,10.13225806451613,20.44516129032258
1994-11-01,38.0,25.240000000000002,9.913333333333332,178.0,11.353333333333333,22.73
1994-12-01,12.6,32.46774193548387,13.77741935483871,262.1,12.274193548387096,28.693548387096776
1995-01-01,148.2,30.26451612903226,16.4,209.4,15.36774193548387,24.56451612903226
1995-02-01,31.2,29.964285714285715,14.575000000000001,183.6,14.596428571428572,26.035714285714285
1995-03-01,0.6000000000000001,25.83225806451613,9.803225806451612,174.5,11.312903225806451,21.116129032258065
1995-04-01,48.8,19.06,5.386666666666667,80.5,9.96,13.253333333333334
1995-05-01,106.0,16.516129032258064,6.451612903225806,41.5,11.206451612903225,8.725806451612904
1995-06-01,125.2,13.379999999999999,3.61,34.1,9.116666666666667,7.286666666666666
1995-07-01,133.5,11.038709677419355,3.6516129032258067,29.8,8.896774193548387,6.541935483870968
1995-08-01,30.0,15.76774193548387,2.793548387096774,52.5,9.206451612903225,12.858064516129033
1995-09-01,34.0,16.93,4.193333333333333,70.3,10.126666666666667,15.99
1995-10-01,72.39999999999999,20.148387096774194,6.448387096774193,110.7,11.351612903225806,19.693548387096776
1995-11-01,85.4,23.326666666666664,9.673333333333334,129.1,12.753333333333334,20.61
1995-12-01,9.6,26.896774193548385,9.235483870967743,203.7,11.896774193548387,27.864516129032257
1996-01-01,89.0,30.13225806451613,13.283870967741937,215.3,15.361290322580645,27.961290322580645
1996-02-01,58.800000000000004,27.900000000000002,10.975862068965517,173.3,11.982758620689655,24.148275862068964
1996-03-01,44.0,25.896774193548385,9.52258064516129,145.1,12.980645161290322,20.216129032258067
1996-04-01,42.4,19.346666666666668,4.806666666666667,72.5,10.206666666666667,13.09
1996-05-01,76.60000000000001,17.351612903225806,3.367741935483871,41.7,10.093548387096773,9.258064516129032
1996-06-01,125.0,14.06,1.6833333333333333,30.5,8.59,6.86
1996-07-01,82.9,11.725806451612904,3.274193548387097,26.5,8.816129032258065,6.129032258064516
1996-08-01,65.0,13.83548387096774,5.196774193548387,43.9,9.316129032258065,9.761290322580646
1996-09-01,89.2,16.279999999999998,4.92,73.5,10.143333333333334,13.996666666666666
1996-10-01,42.4,21.05483870967742,7.0,116.9,12.383870967741935,22.116129032258065
1996-11-01,33.2,22.35666666666667,6.816666666666666,155.7,10.806666666666667,24.986666666666668
1996-12-01,32.6,27.13225806451613,8.961290322580645,208.8,10.816129032258065,27.799999999999997
1997-01-01,17.4,32.11290322580645,12.693548387096774,234.9,12.35483870967742,29.361290322580647
1997-02-01,11.399999999999999,35.017857142857146,15.892857142857142,210.7,14.917857142857143,25.807142857142857
1997-03-01,28.0,26.58709677419355,9.283870967741937,150.8,11.825806451612904,20.190322580645162
1997-04-01,6.0,23.16,4.213333333333334,93.0,9.523333333333333,14.713333333333333
1997-05-01,71.6,17.19677419354839,5.16774193548387,47.5,9.96774193548387,8.73225806451613
1997-06-01,29.6,14.383333333333333,1.0733333333333335,33.6,7.613333333333333,7.946666666666667
1997-07-01,12.4,13.02258064516129,-1.5903225806451613,34.3,6.296774193548386,9.02258064516129
1997-08-01,67.60000000000001,13.658064516129032,1.4387096774193548,48.9,7.761290322580645,10.451612903225806
1997-09-01,67.6,17.723333333333336,4.16,69.5,10.046666666666665,15.66
1997-10-01,18.0,22.306451612903224,5.206451612903226,140.2,10.216129032258063,21.551612903225806
1997-11-01,50.800000000000004,27.673333333333336,9.166666666666666,188.0,11.76,26.883333333333333
1997-12-01,4.6,31.309677419354838,11.135483870967741,256.1,10.63225806451613,29.787096774193547
1998-01-01,8.4,32.5258064516129,15.219354838709679,247.70000000000002,13.670967741935485,25.093548387096774
1998-02-01,17.2,31.860714285714288,11.74642857142857,215.0,11.296428571428573,25.946428571428573
1998-03-01,0.6,29.416129032258063,9.058064516129033,194.0,9.438709677419356,21.274193548387096
1998-04-01,83.39999999999999,21.779999999999998,6.236666666666666,90.9,10.1,13.93
1998-05-01,5.6,17.403225806451612,4.335483870967742,48.5,9.858064516129033,10.245161290322581
1998-06-01,51.0,13.843333333333334,2.64,31.7,8.53,6.993333333333334
1998-07-01,81.6,12.106451612903227,1.3064516129032258,29.7,7.5774193548387085,7.232258064516128
1998-08-01,33.8,15.512903225806452,3.296774193548387,47.0,9.435483870967742,10.80967741935484
1998-09-01,89.2,17.696666666666665,5.373333333333333,66.3,11.21,14.446666666666665
1998-10-01,46.0,18.851612903225806,6.270967741935484,110.7,10.422580645161291,20.61935483870968
1998-11-01,110.39999999999999,23.833333333333332,8.196666666666667,152.0,11.360000000000001,25.790000000000003
1998-12-01,8.6,29.95483870967742,11.148387096774194,222.6,12.725806451612904,29.593548387096774
1999-01-01,77.8,34.480645161290326,16.53548387096774,250.8,15.596774193548388,26.919354838709676
1999-02-01,1.4,30.707142857142856,13.478571428571428,189.4,13.692857142857141,23.97142857142857
1999-03-01,68.2,26.693548387096776,10.903225806451612,147.6,13.754838709677419,19.67096774193548
1999-04-01,24.200000000000003,21.240000000000002,3.933333333333333,82.4,10.193333333333333,15.693333333333333
1999-05-01,104.4,17.73225806451613,3.725806451612903,45.8,10.138709677419355,9.006451612903225
1999-06-01,44.6,13.996666666666666,2.2199999999999998,28.0,8.823333333333332,7.61
1999-07-01,28.8,14.180645161290323,1.7419354838709677,30.9,8.425806451612903,8.85483870967742
1999-08-01,91.8,15.419354838709678,2.351612903225807,49.8,9.745161290322581,11.412903225806453
1999-09-01,36.8,19.23,5.28,78.2,11.783333333333333,15.639999999999999
1999-10-01,52.0,21.34193548387097,7.467741935483871,106.9,13.174193548387096,19.016129032258064
1999-11-01,59.4,23.646666666666665,6.489999999999999,156.7,11.093333333333334,26.353333333333335
1999-12-01,62.0,27.574193548387097,10.819354838709677,197.5,13.106451612903227,26.074193548387097
2000-01-01,6.4,28.580645161290324,11.164516129032258,205.8,13.170967741935485,28.23548387096774
2000-02-01,33.4,33.275862068965516,14.155172413793103,196.9,15.993103448275862,23.227586206896554
2000-03-01,21.4,28.13225806451613,11.85483870967742,139.0,15.63225806451613,18.648387096774194
2000-04-01,35.0,22.863333333333333,6.13,78.5,12.97,13.486666666666668
2000-05-01,80.4,15.938709677419356,4.364516129032259,38.3,10.658064516129032,8.35483870967742
2000-06-01,88.8,12.986666666666668,2.18,25.6,9.036666666666667,6.2266666666666675
2000-07-01,59.800000000000004,13.100000000000001,2.4838709677419355,31.7,8.887096774193548,7.725806451612903
2000-08-01,80.0,14.383870967741935,3.167741935483871,42.6,9.48709677419355,10.261290322580646
2000-09-01,61.7,17.366666666666667,6.486666666666666,67.4,11.536666666666667,14.17
2000-10-01,46.900000000000006,19.41290322580645,7.22258064516129,99.4,12.05483870967742,19.177419354838708
2000-11-01,63.5,26.466666666666665,12.526666666666667,155.5,15.846666666666668,24.186666666666667
2000-12-01,7.0,30.348387096774193,10.37741935483871,231.9,12.493548387096775,29.716129032258067
2001-01-01,35.6,34.809677419354834,15.96774193548387,234.9,15.825806451612904,25.983870967741936
2001-02-01,86.4,32.19285714285714,15.99642857142857,172.0,18.135714285714286,24.04642857142857
2001-03-01,40.4,26.81935483870968,9.76774193548387,145.8,13.05483870967742,19.55483870967742
2001-04-01,41.2,23.293333333333333,5.4366666666666665,87.9,11.103333333333333,14.086666666666668
2001-05-01,17.0,18.112903225806452,2.332258064516129,45.2,10.135483870967741,9.96774193548387
2001-06-01,77.4,14.74,3.2333333333333334,29.7,9.623333333333333,7.093333333333334
2001-07-01,41.6,14.503225806451614,1.770967741935484,32.7,9.070967741935483,8.47741935483871
2001-08-01,53.2,15.05483870967742,3.174193548387097,57.3,9.248387096774193,11.103225806451613
2001-09-01,55.4,19.813333333333333,5.4766666666666675,80.0,12.213333333333333,16.176666666666666
2001-10-01,105.8,19.19677419354839,6.229032258064516,98.8,11.725806451612904,18.700000000000003
2001-11-01,14.2,24.529999999999998,7.4766666666666675,158.7,12.01,26.316666666666666
2001-12-01,10.2,27.335483870967742,8.345161290322581,218.0,11.216129032258063,26.770967741935483
2002-01-01,8.8,31.23548387096774,11.796774193548387,235.3,12.12258064516129,28.25483870967742
2002-02-01,37.4,28.74642857142857,12.571428571428571,164.9,14.292857142857143,22.864285714285717
2002-03-01,48.0,28.780645161290323,9.067741935483872,169.1,11.735483870967743,21.861290322580647
2002-04-01,25.2,24.436666666666667,8.013333333333334,85.6,13.146666666666667,14.226666666666667
2002-05-01,34.0,18.774193548387096,3.338709677419355,48.9,10.535483870967743,10.30967741935484
2002-06-01,57.0,14.616666666666667,3.0166666666666666,36.0,9.22,7.16
2002-07-01,35.4,13.474193548387097,1.6387096774193548,39.0,8.558064516129033,8.764516129032257
2002-08-01,35.2,15.44516129032258,0.8612903225806451,56.9,8.69032258064516,11.951612903225806
2002-09-01,51.0,18.896666666666665,3.646666666666667,94.4,9.56,17.15666666666667
2002-10-01,14.4,22.5,4.880645161290323,152.9,9.170967741935485,22.048387096774192
2002-11-01,64.0,29.209999999999997,8.296666666666667,200.5,10.1,24.64333333333333
2002-12-01,4.8,31.0,11.403225806451612,250.29999999999998,10.600000000000001,29.34193548387097
2003-01-01,24.0,33.75806451612903,13.419354838709678,269.2,11.55483870967742,29.62258064516129
2003-02-01,19.0,32.878571428571426,14.521428571428572,196.4,14.532142857142857,24.146428571428572
2003-03-01,0.8,28.041935483870965,8.896774193548387,163.6,11.832258064516129,20.967741935483872
2003-04-01,67.0,22.220000000000002,7.63,85.6,12.173333333333334,13.766666666666667
2003-05-01,43.800000000000004,18.27741935483871,4.55483870967742,48.7,11.290322580645162,10.364516129032259
2003-06-01,73.6,13.34,4.26,30.6,10.2,6.08
2003-07-01,89.4,13.235483870967743,2.4000000000000004,34.2,9.096774193548388,8.164516129032258
2003-08-01,94.0,13.412903225806453,2.596774193548387,46.3,9.325806451612904,10.283870967741937
2003-09-01,44.4,15.85,3.6333333333333333,68.6,9.916666666666666,14.7
2003-10-01,63.0,17.706451612903226,4.919354838709677,94.8,11.219354838709679,19.683870967741935
2003-11-01,61.2,25.903333333333332,7.953333333333333,165.1,12.546666666666665,27.046666666666667
2003-12-01,78.0,30.374193548387098,12.719354838709679,204.3,15.670967741935485,27.90967741935484
2004-01-01,4.4,30.0258064516129,10.758064516129032,225.3,13.412903225806453,28.40967741935484
2004-02-01,6.8,33.46896551724138,13.458620689655174,213.3,12.506896551724138,24.96206896551724
2004-03-01,2.4,29.26774193548387,8.27741935483871,174.29999999999998,10.53225806451613,21.54516129032258
2004-04-01,20.8,23.413333333333334,6.083333333333333,93.9,10.753333333333334,13.68
2004-05-01,69.8,16.480645161290322,2.735483870967742,46.7,10.025806451612903,9.687096774193549
2004-06-01,82.2,13.036666666666667,4.153333333333333,31.3,9.726666666666667,6.1033333333333335
2004-07-01,56.6,12.416129032258064,2.738709677419355,34.6,9.048387096774194,7.903225806451613
2004-08-01,42.4,14.661290322580646,3.596774193548387,52.1,9.935483870967742,11.283870967741937
2004-09-01,55.0,16.903333333333332,5.113333333333333,63.2,11.426666666666668,14.816666666666666
2004-10-01,10.7,22.23225806451613,5.67741935483871,126.1,11.906451612903227,22.05483870967742
2004-11-01,54.4,25.6,8.543333333333333,156.4,12.163333333333332,24.32
2004-12-01,87.0,28.309677419354838,11.361290322580645,200.7,13.212903225806452,27.425806451612903
2005-01-01,32.2,30.55806451612903,12.619354838709677,218.8,13.570967741935483,26.419354838709676
2005-02-01,149.6,26.589285714285715,11.414285714285715,137.9,14.375,22.52857142857143
2005-03-01,4.6000000000000005,26.55483870967742,7.699999999999999,148.1,12.48709677419355,21.98709677419355
2005-04-01,5.6000000000000005,25.813333333333333,6.6066666666666665,97.0,12.59,15.103333333333333
2005-05-01,5.0,19.58709677419355,1.5193548387096774,54.3,9.890322580645162,11.048387096774194
2005-06-01,115.6,16.106666666666666,3.3233333333333333,37.1,10.103333333333333,7.526666666666667
2005-07-01,46.4,13.458064516129031,3.8483870967741933,30.6,9.64516129032258,7.32258064516129
2005-08-01,78.0,15.087096774193547,2.72258064516129,55.300000000000004,9.21290322580645,11.55483870967742
2005-09-01,78.8,17.4,5.166666666666667,67.7,11.033333333333333,14.936666666666666
2005-10-01,107.6,20.635483870967743,7.448387096774193,96.6,13.135483870967741,18.822580645161292
2005-11-01,72.39999999999999,25.196666666666665,11.07,160.4,14.283333333333333,25.996666666666666
2005-12-01,32.4,28.98709677419355,10.661290322580646,213.2,11.996774193548386,27.96451612903226
2006-01-01,26.2,34.94193548387097,16.19677419354839,250.6,15.238709677419354,26.887096774193548
2006-02-01,11.399999999999999,31.935714285714287,12.714285714285714,202.6,13.132142857142856,26.432142857142857
2006-03-01,21.2,30.070967741935487,10.316129032258065,166.3,13.509677419354839,21.203225806451613
2006-04-01,28.8,19.723333333333336,5.073333333333333,79.2,10.28,13.063333333333333
2006-05-01,22.6,17.103225806451615,2.096774193548387,43.9,10.05483870967742,9.709677419354838
2006-06-01,23.4,14.566666666666666,-2.2,35.0,7.34,7.84
2006-07-01,55.4,14.251612903225807,2.638709677419355,35.8,9.361290322580645,7.432258064516129
2006-08-01,26.2,16.074193548387097,-0.06451612903225806,52.6,9.135483870967741,12.332258064516129
2006-09-01,42.4,20.176666666666666,2.393333333333333,102.4,9.663333333333332,17.720000000000002
2006-10-01,0.2,25.067741935483873,3.287096774193548,182.6,7.516129032258065,25.467741935483872
2006-11-01,18.2,28.783333333333335,8.453333333333333,217.4,8.973333333333333,26.65666666666667
2006-12-01,7.0,30.883870967741935,11.235483870967743,258.2,9.396774193548387,27.616129032258065
2007-01-01,10.0,32.83870967741935,15.09032258064516,265.8,12.496774193548386,26.55806451612903
2007-02-01,13.6,33.99285714285714,15.467857142857143,217.7,14.15,24.967857142857145
2007-03-01,39.0,28.674193548387095,12.01290322580645,175.6,13.129032258064516,20.129032258064516
2007-04-01,38.0,24.503333333333334,7.126666666666667,100.1,11.246666666666666,14.976666666666667
2007-05-01,74.2,18.490322580645163,7.903225806451613,53.8,12.758064516129032,8.345161290322581
2007-06-01,37.2,13.610000000000001,1.7,37.1,8.646666666666667,7.79
2007-07-01,67.2,12.329032258064515,1.667741935483871,33.1,8.819354838709677,8.074193548387097
2007-08-01,11.8,16.474193548387095,2.435483870967742,58.0,10.193548387096774,11.574193548387097
2007-09-01,12.799999999999999,17.996666666666666,2.0733333333333333,86.2,9.393333333333334,15.696666666666665
2007-10-01,10.8,23.738709677419354,5.448387096774193,155.8,9.654838709677419,22.15806451612903
2007-11-01,54.6,28.473333333333336,11.743333333333334,176.4,13.423333333333334,25.11
2007-12-01,74.4,29.796774193548387,13.280645161290321,208.2,13.393548387096773,27.306451612903224
2008-01-01,63.00000000000001,33.619354838709675,16.138709677419357,246.5,14.53225806451613,27.996774193548386
2008-02-01,32.0,28.151724137931033,12.53103448275862,173.4,13.799999999999999,23.76551724137931
2008-03-01,39.6,29.429032258064513,10.312903225806451,168.0,11.564516129032258,18.916129032258063
2008-04-01,16.0,21.523333333333333,4.493333333333334,83.9,10.69,14.120000000000001
2008-05-01,36.0,17.138709677419353,3.903225806451613,42.1,10.8,9.448387096774193
2008-06-01,22.0,15.986666666666668,4.4766666666666675,36.0,10.736666666666668,7.02
2008-07-01,89.2,12.77741935483871,2.2516129032258063,33.6,9.174193548387096,7.54516129032258
2008-08-01,44.8,13.709677419354838,2.0580645161290323,48.4,8.870967741935484,11.19032258064516
2008-09-01,17.0,18.95,2.8866666666666663,100.7,9.533333333333333,17.39333333333333
2008-10-01,8.600000000000001,24.34193548387097,4.812903225806451,153.8,9.63225806451613,22.203225806451613
2008-11-01,75.0,25.21333333333333,9.546666666666665,162.3,11.28,23.383333333333333
2008-12-01,48.8,27.096774193548388,11.40967741935484,203.4,11.519354838709678,27.91290322580645
2009-01-01,10.6,34.55483870967742,12.738709677419354,294.4,11.19032258064516,30.480645161290322
2009-02-01,17.599999999999998,33.246428571428574,14.032142857142857,226.4,11.653571428571428,25.014285714285712
2009-03-01,22.2,27.98709677419355,10.635483870967741,159.4,11.832258064516129,17.887096774193548
2009-04-01,40.2,21.990000000000002,6.36,100.3,10.063333333333333,13.936666666666667
2009-05-01,16.2,18.729032258064517,3.351612903225807,55.5,9.82258064516129,10.02258064516129
2009-06-01,66.6,13.776666666666667,3.8633333333333337,28.6,9.846666666666666,6.12
2009-07-01,53.4,13.093548387096773,2.987096774193548,36.7,9.016129032258064,7.512903225806451
2009-08-01,38.8,14.796774193548387,4.254838709677419,52.5,9.912903225806453,10.029032258064515
2009-09-01,53.6,17.426666666666666,4.19,82.1,10.0,14.486666666666668
2009-10-01,32.0,21.270967741935483,5.551612903225807,120.3,11.067741935483872,20.893548387096775
2009-11-01,56.8,30.603333333333335,12.32,184.3,13.26,23.883333333333333
2009-12-01,12.600000000000001,30.97741935483871,11.338709677419354,229.2,11.251612903225807,29.687096774193545
2010-01-01,22.6,34.13548387096775,13.832258064516129,262.4,13.096774193548388,30.096774193548388
2010-02-01,96.2,31.32857142857143,16.95357142857143,164.9,16.567857142857143,21.810714285714287
2010-03-01,122.19999999999999,26.980645161290322,12.654838709677419,127.4,15.212903225806452,18.796774193548387
2010-04-01,30.8,22.333333333333332,8.983333333333333,72.7,13.933333333333334,12.336666666666668
2010-05-01,53.6,18.05483870967742,3.616129032258064,47.8,10.816129032258065,9.529032258064515
2010-06-01,45.0,13.656666666666666,2.4766666666666666,31.8,9.033333333333333,7.046666666666667
2010-07-01,53.0,13.2,1.9064516129032258,29.400000000000002,8.593548387096773,7.693548387096774
2010-08-01,102.8,12.861290322580645,3.229032258064516,45.5,9.241935483870968,9.67741935483871
2010-09-01,59.0,16.45,4.7733333333333325,66.5,10.243333333333334,15.053333333333335
2010-10-01,134.6,20.677419354838708,7.34516129032258,109.3,12.516129032258064,18.98709677419355
2010-11-01,65.8,25.186666666666667,11.073333333333332,137.7,14.06,22.353333333333335
2010-12-01,128.4,26.664516129032258,13.22258064516129,167.2,14.32258064516129,26.42258064516129
2011-01-01,70.0,31.190322580645162,15.845161290322581,197.7,17.26774193548387,26.674193548387095
2011-02-01,181.4,28.157142857142855,15.339285714285714,137.9,17.782142857142855,21.092857142857145
2011-03-01,29.4,25.59032258064516,11.806451612903226,121.5,15.229032258064517,18.725806451612904
2011-04-01,34.6,20.936666666666667,6.526666666666667,68.3,11.846666666666666,13.443333333333333
2011-05-01,35.400000000000006,16.174193548387095,2.5483870967741935,41.2,9.32258064516129,8.951612903225806
2011-06-01,32.0,14.65,1.8066666666666669,31.6,8.886666666666667,7.676666666666667
2011-07-01,74.0,13.261290322580646,2.706451612903226,35.5,8.612903225806452,7.135483870967741
2011-08-01,66.2,16.261290322580646,3.454838709677419,53.3,9.832258064516129,11.258064516129032
2011-09-01,46.8,18.376666666666665,3.7233333333333336,80.3,10.033333333333333,14.8
2011-10-01,22.2,21.664516129032258,7.580645161290323,112.2,11.848387096774195,19.73548387096774
2011-11-01,68.6,26.523333333333333,11.556666666666667,152.7,14.223333333333333,22.14
2011-12-01,38.6,28.10967741935484,11.364516129032259,201.4,12.641935483870967,28.858064516129033
2012-01-01,56.4,31.55806451612903,13.858064516129033,228.3,13.774193548387096,27.648387096774194
2012-02-01,107.2,29.317241379310346,12.73448275862069,154.3,15.317241379310344,20.99655172413793
2012-03-01,170.79999999999998,24.48709677419355,11.63225806451613,114.9,14.306451612903226,17.993548387096773
2012-04-01,12.600000000000001,22.553333333333335,7.133333333333334,74.5,12.803333333333335,14.473333333333333
2012-05-01,29.4,16.480645161290322,1.9,42.1,9.396774193548387,9.096774193548388
2012-06-01,22.6,13.83,0.8233333333333334,30.3,8.476666666666667,6.693333333333333
2012-07-01,64.2,13.461290322580645,2.029032258064516,31.1,8.90967741935484,7.6
2012-08-01,43.6,13.890322580645162,2.658064516129032,47.6,8.751612903225807,10.261290322580646
2012-09-01,23.2,18.153333333333332,4.093333333333333,78.0,9.83,15.043333333333333
2012-10-01,33.599999999999994,21.299999999999997,4.877419354838709,123.6,10.264516129032257,21.383870967741935
2012-11-01,17.0,27.573333333333334,9.783333333333333,167.9,12.16,23.77
2012-12-01,24.2,29.551612903225806,11.974193548387097,220.3,11.706451612903225,28.13548387096774
2013-01-01,2.8000000000000003,34.28387096774193,13.812903225806451,271.4,11.435483870967742,28.574193548387097
2013-02-01,23.6,32.86785714285714,14.578571428571427,203.7,13.328571428571427,23.32857142857143
2013-03-01,64.0,28.358064516129033,11.703225806451613,163.3,12.929032258064517,19.62258064516129
2013-04-01,12.2,22.61,7.526666666666667,83.4,11.876666666666667,13.84
2013-05-01,53.099999999999994,16.970967741935485,2.7096774193548385,46.9,9.916129032258064,8.929032258064517
2013-06-01,55.2,14.883333333333333,1.91,33.8,8.796666666666665,7.640000000000001
2013-07-01,59.0,14.0,4.319354838709677,39.3,9.838709677419354,7.132258064516129
2013-08-01,79.6,14.683870967741935,5.103225806451612,55.4,10.116129032258065,9.899999999999999
2013-09-01,48.2,19.279999999999998,6.3566666666666665,80.2,11.526666666666667,15.446666666666665
2013-10-01,33.0,21.206451612903226,5.22258064516129,126.3,10.383870967741935,21.183870967741935
2013-11-01,12.6,25.136666666666667,7.1,160.6,10.523333333333333,24.166666666666668
2013-12-01,49.4,30.34193548387097,11.593548387096773,212.8,11.796774193548387,25.661290322580644
2014-01-01,54.4,33.68709677419355,13.674193548387096,256.0,12.47741935483871,28.85483870967742
2014-02-01,28.4,32.660714285714285,13.585714285714285,202.2,13.053571428571429,24.974999999999998
2014-03-01,66.8,27.96451612903226,12.058064516129033,137.5,15.087096774193547,17.493548387096773
2014-04-01,83.0,21.53666666666667,8.823333333333332,71.0,13.4,11.713333333333333
2014-05-01,60.8,17.538709677419355,6.641935483870968,44.2,11.948387096774193,8.229032258064516
2014-06-01,74.2,14.110000000000001,4.863333333333333,29.2,10.286666666666667,6.31
2014-07-01,35.6,12.53225806451613,3.0806451612903225,33.4,8.974193548387097,7.464516129032258
2014-08-01,5.2,15.903225806451612,1.3193548387096774,51.9,8.983870967741936,12.029032258064515
2014-09-01,55.2,18.8,3.7333333333333334,87.2,10.26,16.06
2014-10-01,16.4,24.20967741935484,6.129032258064516,142.2,11.36774193548387,20.751612903225805
2014-11-01,56.8,28.043333333333333,9.526666666666667,188.1,11.53,23.35666666666667
2014-12-01,93.2,29.916129032258063,12.12258064516129,216.1,13.332258064516129,26.44516129032258
